MstrRecNbrTxt,CollisionDate,CollisionDteTime,YearNmb,Month,DayOfWeek,Hour,Latitude,Longitude,InjuryClass,PersonType,NonMotoristLocation,RelationToJunction,LightCondition,MannerOfCollision,FirstHarmfulEvent,VictimsInCrash,InMemphis,StateRoute_NAME,StateRoute_F_System,StateRoute_SPDLIMIT,StateRoute_LANES,StateRoute_ALTNAME_1,StateRoute_Council_District,DistToStateRoute_m,Street_Name,DistToStreet_m,Street_SPDLIMIT,Street_LANES,Street_ONEWAY,Street_CITY_L,Street_COUNTY_L,Seg_OBJECTID,DistToSeg_m,Ownership,Rule_Fired,Classification_Basis,Matched_Street,is_limited_access,is_override,is_corner_case,Jurisdiction_prev
301006032,2025-03-12,2025-03-12 15:56:00,2025,3,Wednesday,15,35.201965,-89.73099,Possible Injury,Pedestrian,Intersection-On Roadway not in Crosswalk,Non-Junction,Daylight,Not Collision with Motor Vehicle in Transport,Pedestrian,1,True,,,,,,,431.7043441459107,N HOUSTON LEVEE RD,12.762529096733882,40.0,3,B,MEMPHIS,SHELBY,75180,12.762529098409878,City of Memphis,city_residual,city: no state-route overlap,N HOUSTON LEVEE RD,False,False,False,City of Memphis
301001230,2025-02-12,2025-02-12 08:15:00,2025,2,Wednesday,8,35.155872,-90.04052,Suspected Minor Injury,Pedestrian,Not Intersection-On Roadway Not In Crosswalk,Intersection,Daylight,Not Collision with Motor Vehicle in Transport,Pedestrian,1,True,A W WILLIS AVE,,35.0,5.0,1,7.0,5.122845810329542,SAINT JUDE PL,0.3876916361538776,30.0,4,B,MEMPHIS,SHELBY,55669,0.3876916355195804,City of Memphis,city_residual,city: no state-route overlap,SAINT JUDE PL,False,False,False,City of Memphis
301005936,2025-03-11,2025-03-11 22:08:00,2025,3,Tuesday,22,35.069364,-89.922177,Fatal,Pedestrian,Not Intersection-Unknown,Non-Junction,Dark-Not Lighted,Not Collision with Motor Vehicle in Transport,Pedestrian,1,True,,,,,,,906.1741083243612,COTTONWOOD RD,2.2804944667329963,35.0,2,B,MEMPHIS,SHELBY,71172,2.2804944669465597,City of Memphis,city_residual,city: no state-route overlap,COTTONWOOD RD,False,False,False,City of Memphis
301008594,2025-03-26,2025-03-26 15:40:00,2025,3,Wednesday,15,35.145138,-90.031746,Possible Injury,Pedestrian,Not Intersection-Bike Path,AccelDecelLane,Daylight,Not Collision with Motor Vehicle in Transport,Pedestrian,1,True,,,,,,,740.9813598882411,POPLAR AVE,34.890435608728744,40.0,7,B,MEMPHIS,SHELBY,50350,34.890435608334094,City of Memphis,city_residual,city: no state-route overlap,POPLAR AVE,False,False,False,City of Memphis
301010247,2025-04-04,2025-04-04 01:40:00,2025,4,Friday,1,35.161095,-89.99896,No Injury,Pedestrian,Intersection-Not on Roadway,Intersection,Dark-Lighted,Unknown,Other,1,True,,,,,,,33.54386973788679,HAWTHORNE ST,24.70329702080837,30.0,2,B,MEMPHIS,SHELBY,81522,24.7032970206633,City of Memphis,city_residual,city: no state-route overlap,HAWTHORNE ST,False,False,False,City of Memphis
301009498,2025-03-31,2025-03-31 13:50:00,2025,3,Monday,13,35.116043,-89.93972,Possible Injury,Pedestrian,Intersection-In Crosswalk,Intersection,Daylight,Not Collision with Motor Vehicle in Transport,Pedestrian,1,True,,,,,,,1142.4933422853087,SOUTHERN AVE,0.3152244542564689,35.0,2,B,MEMPHIS,SHELBY,51274,0.31522445425204326,City of Memphis,city_residual,city: no state-route overlap,SOUTHERN AVE,False,False,False,City of Memphis
301014717,2025-04-28,2025-04-28 01:40:00,2025,4,Monday,1,35.020542,-90.099464,Suspected Serious Injury,Pedestrian,Intersection-Unknown,Unknown,Dark-Not Lighted,Unknown,Other,1,True,,,,,,,797.8306166865507,W SHELBY DR,0.2729051296911874,35.0,2,B,MEMPHIS,SHELBY,34171,0.2729051269351937,City of Memphis,city_residual,city: no state-route overlap,W SHELBY DR,False,False,False,City of Memphis
301014059,2025-04-23,2025-04-23 18:00:00,2025,4,Wednesday,18,35.17751,-89.95316,Suspected Minor Injury,Pedestrian,Not Intersection-On Roadway Crosswalk Availability Unknown,Non-Junction,Daylight,Not Collision with Motor Vehicle in Transport,Pedestrian,1,True,,,,,,,1054.3640655609486,ASH ST,42.80559262050838,25.0,2,B,MEMPHIS,SHELBY,83052,42.805592620606255,City of Memphis,city_residual,city: no state-route overlap,ASH ST,False,False,False,City of Memphis
300999941,2025-02-05,2025-02-05 00:27:00,2025,2,Wednesday,0,35.13684,-90.01668,Fatal,Pedestrian,Intersection-On Roadway not in Crosswalk,Intersection,Dark-Lighted,Not Collision with Motor Vehicle in Transport,Pedestrian,1,True,UNION AVE,Principal Arterial,35.0,6.0,23,6.0,5.167134976568865,UNION AVE,0.585222463273447,35.0,6,B,MEMPHIS,SHELBY,48098,0.5852224632386966,TDOT state route,state_route_overlap,"state route: 100% overlap, name=UNION",UNION AVE,False,False,False,TDOT state route
300996895,2025-01-17,2025-01-17 10:29:00,2025,1,Friday,10,35.135574,-89.96227,Suspected Serious Injury,Pedestrian,Intersection-In Crosswalk,Intersection-Related,Daylight,Not Collision with Motor Vehicle in Transport,Pedestrian,1,True,WALNUT GROVE RD,Minor Arterial,35.0,5.0,23,5.0,10.605768373548164,WALNUT GROVE RD,6.23687761377327,35.0,5,B,MEMPHIS,SHELBY,47014,6.236877612656174,TDOT state route,state_route_overlap,"state route: 100% overlap, name=WALNUT GROVE",WALNUT GROVE RD,False,False,False,TDOT state route
301023740,2025-06-17,2025-06-17 03:50:00,2025,6,Tuesday,3,35.008976,-89.9995,No Injury,Pedestrian,Not Intersection-Outside Traffic,Through Roadway,Dark-Lighted,Not Collision with Motor Vehicle in Transport,Other,2,True,,,,,,,1342.7734695128383,PENNEL RD,33.27375151761247,30.0,2,B,MEMPHIS,SHELBY,72482,33.273751514932606,City of Memphis,city_residual,city: no state-route overlap,PENNEL RD,False,False,False,City of Memphis
301026096,2025-06-27,2025-06-27 21:30:00,2025,6,Friday,21,35.059555,-90.0246,Possible Injury,Pedestrian,Intersection-On Roadway not in Crosswalk,OtherLocation,Daylight,Not Collision with Motor Vehicle in Transport,Pedestrian,1,True,,,,,,,47.819888453527845,ELVIS PRESLEY BLVD,48.9528329758524,40.0,7,B,MEMPHIS,SHELBY,46510,48.952832976065615,TDOT state route,state_route_overlap,"state route: 100% overlap, name=ELVIS PRESLEY",ELVIS PRESLEY BLVD,False,False,False,TDOT state route
301032076,2025-08-01,2025-08-01 10:30:00,2025,8,Friday,10,35.160454,-89.99635,Possible Injury,Pedestrian,Intersection-In Crosswalk,Intersection,Daylight,Not Collision with Motor Vehicle in Transport,Pedestrian,1,True,JACKSON AVE,Principal Arterial,40.0,4.0,14,7.0,4.527703937232282,JACKSON AVE,0.0223190465285754,40.0,4,B,MEMPHIS,SHELBY,46838,0.02231904768257528,TDOT state route,state_route_overlap,"state route: 100% overlap, name=JACKSON",JACKSON AVE,False,False,False,TDOT state route
301026847,2025-07-04,2025-07-04 21:24:00,2025,7,Friday,21,35.039665,-90.079409,Possible Injury,Pedestrian,Not Intersection-On Roadway Crosswalk not Available,Non-Junction,Dark-Lighted,Not Collision with Motor Vehicle in Transport,Pedestrian,1,True,,,,,,,733.8647761244667,LILLIAN DR,0.0243642803805364,30.0,2,B,MEMPHIS,SHELBY,27037,0.024364277538265228,City of Memphis,city_residual,city: no state-route overlap,LILLIAN DR,False,False,False,City of Memphis
301034356,2025-08-18,2025-08-18 04:45:00,2025,8,Monday,4,35.148262,-90.043564,Suspected Minor Injury,Pedestrian,Intersection-In Crosswalk,Intersection,Dark-Lighted,Not Collision with Motor Vehicle in Transport,Pedestrian,1,True,N DANNY THOMAS BLVD,Principal Arterial,35.0,7.0,1,7.0,1.328284308579525,POPLAR AVE,0.0340223561611594,35.0,5,B,MEMPHIS,SHELBY,50319,0.034022353455072075,City of Memphis,city_residual,city: no state-route overlap,POPLAR AVE,False,False,False,City of Memphis
300991906,2024-12-04,2024-12-04 19:25:00,2024,12,Wednesday,19,35.148996,-90.048507,Fatal,Pedestrian,Not Intersection-On Roadway Not In Crosswalk,Non-Junction,Dark-Not Lighted,Not Collision with Motor Vehicle in Transport,Pedestrian,1,True,N THIRD ST,Minor Arterial,35.0,3.0,3,6.0,2.5670892125690226,N B B KING BLVD,0.7631083123493252,35.0,3,FT,MEMPHIS,SHELBY,50301,0.7631083123493252,TDOT state route,state_route_overlap,"state route: 100% overlap, name=N B B KING",N B B KING BLVD,False,False,False,TDOT state route
300962694,2024-06-13,2024-06-13 01:16:00,2024,6,Thursday,1,35.159723,-89.858915,Fatal,Pedestrian,Not Intersection-On Roadway Crosswalk not Available,Non-Junction,Dark-Not Lighted,Not Collision with Motor Vehicle in Transport,Pedestrian,1,True,,,,,,,1541.3778928265683,DOVECREST RD,39.18290254278285,30.0,2,B,MEMPHIS,SHELBY,76111,39.18290254278285,City of Memphis,city_residual,city: no state-route overlap,DOVECREST RD,False,False,False,City of Memphis
301030303,2025-07-26,2025-07-26 04:59:00,2025,7,Saturday,4,35.170383,-89.86749,Suspected Serious Injury,Pedestrian,Not Intersection-On Roadway Not In Crosswalk,AccelDecelLane,Dark-Not Lighted,Not Collision with Motor Vehicle in Transport,Pedestrian,1,True,,,,,,,184.4845470902456,SYCAMORE VIEW RD,54.69043661833213,45.0,7,B,MEMPHIS,SHELBY,53753,54.69043661831869,City of Memphis,city_residual,city: no state-route overlap,SYCAMORE VIEW RD,False,False,False,City of Memphis
301031687,2025-08-02,2025-08-02 23:07:00,2025,8,Saturday,23,35.104187,-90.05545,Suspected Serious Injury,Pedestrian,Not Intersection-On Roadway Not In Crosswalk,Non-Junction,Dark-Lighted,Not Collision with Motor Vehicle in Transport,Other,1,True,S THIRD ST,Principal Arterial,40.0,4.0,14,6.0,0.4892840224968974,S THIRD ST,0.123839133714021,40.0,4,B,MEMPHIS,SHELBY,46928,0.12383913371402104,TDOT state route,state_route_overlap,"state route: 100% overlap, name=S THIRD",S THIRD ST,False,False,False,TDOT state route
301031510,2025-08-01,2025-08-01 02:15:00,2025,8,Friday,2,35.09891,-90.06958,Possible Injury,Pedestrian,Not Intersection-Outside Traffic,AccelDecelLane,Dark-Not Lighted,Not Collision with Motor Vehicle in Transport,Pedestrian,1,True,,,,,,,1269.823507437647,SILVERAGE AVE,19.88381213654812,30.0,2,B,MEMPHIS,SHELBY,4659,19.883812135545913,City of Memphis,city_residual,city: no state-route overlap,SILVERAGE AVE,False,False,False,City of Memphis
301034223,2025-08-16,2025-08-16 23:05:00,2025,8,Saturday,23,35.090984,-89.840256,Possible Injury,Pedestrian,Not Intersection-On Roadway Not In Crosswalk,Non-Junction,Dark-Lighted,Not Collision with Motor Vehicle in Transport,Pedestrian,1,True,,,,,,,812.7280369732714,LARCH LN,0.024511826647884,30.0,2,B,MEMPHIS,SHELBY,41328,0.024511826647884066,City of Memphis,city_residual,city: no state-route overlap,LARCH LN,False,False,False,City of Memphis
301014505,2025-04-26,2025-04-26 12:50:00,2025,4,Saturday,12,35.072969,-90.027998,Fatal,Pedestrian,Not Intersection-On Roadway Crosswalk not Available,Non-Junction,Daylight,Not Collision with Motor Vehicle in Transport,Pedestrian,1,True,,,,,,,645.9699922071394,INTERSTATE 240 W,0.3174811287929329,65.0,3,FT,MEMPHIS,SHELBY,39636,0.3174811287929329,Interstate (TDOT),interstate_mainline,interstate: MTFCC S1100,INTERSTATE 240 W,True,False,False,Interstate (TDOT)
301031268,2025-07-31,2025-07-31 14:10:00,2025,7,Thursday,14,35.04631,-89.90489,Possible Injury,Pedestrian,Not Intersection-On Roadway Not In Crosswalk,Non-Junction,Daylight,Not Collision with Motor Vehicle in Transport,Pedestrian,1,True,,,,,,,1369.1971119462326,CROMWELL AVE,0.0659699394714818,35.0,2,B,MEMPHIS,SHELBY,2156,0.06596993947148187,City of Memphis,city_residual,city: no state-route overlap,CROMWELL AVE,False,False,False,City of Memphis
301033376,2025-08-12,2025-08-12 07:18:00,2025,8,Tuesday,7,35.062172,-89.91987,Possible Injury,Pedestrian,Not Intersection-On Roadway Not In Crosswalk,Intersection-Related,Daylight,Not Collision with Motor Vehicle in Transport,Pedestrian,1,True,,,,,,,1019.0137579424584,SHEFFIELD AVE,58.86046773150066,30.0,2,B,MEMPHIS,SHELBY,2104,58.86046773020213,City of Memphis,city_residual,city: no state-route overlap,SHEFFIELD AVE,False,False,False,City of Memphis
300968447,2024-07-31,2024-07-31 05:45:00,2024,7,Wednesday,5,35.038504,-89.917171,Fatal,Pedestrian,Intersection-On Roadway Crosswalk availability Unknown,Non-Junction,Daylight,Not Collision with Motor Vehicle in Transport,Pedestrian,1,True,LAMAR AVE,Principal Arterial,55.0,2.0,4,3.0,3.5361209411391163,E RAINES RD,0.173655632760372,40.0,2,TF,MEMPHIS,SHELBY,52538,0.17365563343091872,City of Memphis,city_residual,city: no state-route overlap,E RAINES RD,False,False,True,City of Memphis
300978520,2024-10-04,2024-10-04 22:18:00,2024,10,Friday,22,35.107965,-89.966871,Fatal,Pedestrian,Not Intersection-On Roadway Crosswalk not Available,Non-Junction,Dark-Lighted,Not Collision with Motor Vehicle in Transport,Pedestrian,1,True,,,,,,,1218.3568041072713,PARK AVE,2.29072368723947,35.0,4,B,MEMPHIS,SHELBY,51065,2.29072368723947,City of Memphis,city_residual,city: no state-route overlap,PARK AVE,False,False,False,City of Memphis
301033148,2025-08-08,2025-08-08 23:56:00,2025,8,Friday,23,35.143787,-90.035126,Suspected Serious Injury,Pedestrian,Intersection-In Crosswalk,AccelDecelLane,Dark-Lighted,Not Collision with Motor Vehicle in Transport,Pedestrian,1,True,,,,,,,557.6248705192163,ADAMS AVE,0.0148754130460269,30.0,2,B,MEMPHIS,SHELBY,3556,0.01487541323247893,City of Memphis,city_residual,city: no state-route overlap,ADAMS AVE,False,False,False,City of Memphis
301032024,2025-08-04,2025-08-04 21:00:00,2025,8,Monday,21,35.10065,-90.04417,Possible Injury,Pedestrian,Not Intersection-On Roadway Not In Crosswalk,Non-Junction,Dark-Not Lighted,Not Collision with Motor Vehicle in Transport,Pedestrian,1,True,,,,,,,1040.5757785637277,E DISON AVE,0.0676119173202049,35.0,2,B,MEMPHIS,SHELBY,4907,0.06761191732774396,City of Memphis,city_residual,city: no state-route overlap,E DISON AVE,False,False,False,City of Memphis
301029922,2025-07-22,2025-07-22 21:14:00,2025,7,Tuesday,21,35.02085,-89.96364,Possible Injury,Pedestrian,Intersection-On Roadway not in Crosswalk,Non-Junction,Dark-Not Lighted,Not Collision with Motor Vehicle in Transport,Pedestrian,1,True,E SHELBY DR,Principal Arterial,45.0,6.0,175,3.0,4.939292727594661,E SHELBY DR,0.2546311738656366,45.0,6,B,TENNESSEE AIR NATIONAL GUARD,SHELBY,47833,0.2546311767027763,TDOT state route,state_route_overlap,"state route: 100% overlap, name=E SHELBY",E SHELBY DR,False,False,False,TDOT state route
300997390,2025-01-19,2025-01-19 18:57:00,2025,1,Sunday,18,35.05229,-89.953426,Suspected Serious Injury,Pedestrian,Not Intersection-On Roadway Crosswalk Availability Unknown,Non-Junction,Dark-Lighted,Front to Rear,Other,1,True,,,,,,,1759.2970819744448,WINCHESTER RD,1.6885722170858948,45.0,7,B,MEMPHIS,SHELBY,52762,1.6885722168846837,City of Memphis,city_residual,city: no state-route overlap,WINCHESTER RD,False,False,False,City of Memphis
301033189,2025-08-10,2025-08-10 01:02:00,2025,8,Sunday,1,35.055305,-89.83002,Possible Injury,Pedestrian,Not Intersection-On Roadway Crosswalk not Available,Non-Junction,Dark-Not Lighted,Front to Rear,Other,1,True,STATE ROUTE 385,Freeway and Expressway,65.0,3.0,NONCONNAH PKWY,2.0,6.661145050079316,STATE ROUTE 385 W,3.0491795833556914,65.0,3,FT,MEMPHIS,SHELBY,47696,3.049179582155479,TDOT state route,state_route_overlap,"state route: 100% overlap, name=STATE ROUTE 385",STATE ROUTE 385 W,False,False,False,TDOT state route
301032519,2025-08-07,2025-08-07 10:12:00,2025,8,Thursday,10,35.053303,-90.020355,Possible Injury,Pedestrian,Not Intersection-On Roadway Not In Crosswalk,AccelDecelLane,Daylight,Not Collision with Motor Vehicle in Transport,Pedestrian,1,True,,,,,,,427.03446224279696,ROYAL OAKS CV,62.16074395345287,35.0,2,B,MEMPHIS,SHELBY,15075,62.16074395396634,City of Memphis,city_residual,city: no state-route overlap,ROYAL OAKS CV,False,False,False,City of Memphis
301034117,2025-08-16,2025-08-16 00:00:00,2025,8,Saturday,99,35.13734,-90.02782,Possible Injury,Pedestrian,Intersection-Unknown,Non-Junction,Unknown,Not Collision with Motor Vehicle in Transport,Pedestrian,1,True,,,,,,,71.60708275905777,S PAULINE ST,35.26599261092811,30.0,4,B,MEMPHIS,SHELBY,84368,35.26599261088452,City of Memphis,city_residual,city: no state-route overlap,S PAULINE ST,False,False,False,City of Memphis
301032286,2025-08-05,2025-08-05 14:40:00,2025,8,Tuesday,14,35.133526,-90.026024,Suspected Minor Injury,Pedestrian,Not Intersection-Bike Path,Intersection,Daylight,Not Collision with Motor Vehicle in Transport,Pedestrian,1,True,S SOMERVILLE ST,Minor Arterial,30.0,2.0,208,6.0,0.2608530832037662,VANCE AVE,0.0155172760748297,30.0,2,B,MEMPHIS,SHELBY,3681,0.015517276074829705,City of Memphis,city_residual,city: no state-route overlap,VANCE AVE,False,False,False,City of Memphis
300919809,2023-10-27,2023-10-27 13:46:00,2023,10,Friday,13,35.07241,-89.90506,Fatal,Pedestrian,Not Intersection-On Roadway Crosswalk not Available,Non-Junction,Daylight,Not Collision with Motor Vehicle in Transport,Pedestrian,1,True,,,,,,,2441.2275771688555,S PERKINS RD,39.97400177683559,40.0,7,B,MEMPHIS,SHELBY,49379,39.97400177683291,City of Memphis,city_residual,city: no state-route overlap,S PERKINS RD,False,False,False,City of Memphis
301000434,2025-02-07,2025-02-07 14:00:00,2025,2,Friday,14,35.08563,-89.895996,Possible Injury,Pedestrian,Not Intersection-On Roadway Not In Crosswalk,Intersection-Related,Daylight,Not Collision with Motor Vehicle in Transport,Pedestrian,1,True,,,,,,,1829.4914980876624,WILLOW RD,0.0863280500216328,40.0,4,B,MEMPHIS,SHELBY,51544,0.08632805002163288,City of Memphis,city_residual,city: no state-route overlap,WILLOW RD,False,False,False,City of Memphis
301028225,2025-07-14,2025-07-14 00:42:00,2025,7,Monday,0,35.090973,-89.966515,Suspected Serious Injury,Pedestrian,Not Intersection-On Roadway Not In Crosswalk,AccelDecelLane,Dark-Lighted,Not Collision with Motor Vehicle in Transport,Pedestrian,1,True,LAMAR AVE,Principal Arterial,40.0,5.0,4,4.0,2.3377841074650063,LAMAR AVE,0.2135174592587688,40.0,5,B,MEMPHIS,SHELBY,48199,0.2135174601194513,TDOT state route,state_route_overlap,"state route: 100% overlap, name=LAMAR",LAMAR AVE,False,False,False,TDOT state route
300981903,2024-10-25,2024-10-25 22:50:00,2024,10,Friday,22,35.217547,-90.003422,Fatal,Pedestrian,Not Intersection-On Roadway Crosswalk not Available,Non-Junction,Dark-Lighted,Not Collision with Motor Vehicle in Transport,Pedestrian,1,True,,,,,,,1983.975775523421,FRAYSER BLVD,0.2996499435334927,40.0,5,B,MEMPHIS,SHELBY,49867,0.29964994214826357,City of Memphis,city_residual,city: no state-route overlap,FRAYSER BLVD,False,False,False,City of Memphis
301027786,2025-07-10,2025-07-10 22:25:00,2025,7,Thursday,22,35.13366,-89.95719,Suspected Serious Injury,Pedestrian,Not Intersection-On Roadway Crosswalk not Available,Non-Junction,Dark-Lighted,Not Collision with Motor Vehicle in Transport,Pedestrian,2,True,WALNUT GROVE RD,Minor Arterial,35.0,5.0,23,5.0,5.104622943520711,WALNUT GROVE RD,0.4560044130373367,35.0,5,B,MEMPHIS,SHELBY,47022,0.45600441445508316,TDOT state route,state_route_overlap,"state route: 100% overlap, name=WALNUT GROVE",WALNUT GROVE RD,False,False,False,TDOT state route
301013733,2025-04-22,2025-04-22 16:03:00,2025,4,Tuesday,16,35.185863,-90.03467,Possible Injury,Pedestrian,Not Intersection-On Roadway Not In Crosswalk,Through Roadway,Daylight,Not Collision with Motor Vehicle in Transport,Other,1,True,,,,,,,61.72156933326509,THOMAS ST,61.20430422233935,35.0,4,B,MEMPHIS,SHELBY,46722,61.20430422268599,TDOT state route,state_route_overlap,"state route: 100% overlap, name=THOMAS",THOMAS ST,False,False,False,TDOT state route
301009007,2025-03-28,2025-03-28 20:35:00,2025,3,Friday,20,35.1619,-89.91725,Possible Injury,Pedestrian,Intersection-In Crosswalk,Intersection,Dark-Lighted,Not Collision with Motor Vehicle in Transport,Pedestrian,1,True,,,,,,,1436.1882033878103,WARING RD,9.010040792918243,35.0,2,B,MEMPHIS,SHELBY,73878,9.010040792910278,City of Memphis,city_residual,city: no state-route overlap,WARING RD,False,False,False,City of Memphis
300998274,2025-01-25,2025-01-25 20:05:00,2025,1,Saturday,20,35.0698,-89.90615,Possible Injury,Pedestrian,Not Intersection-On Roadway Crosswalk not Available,AccelDecelLane,Dawn,Not Collision with Motor Vehicle in Transport,Pedestrian,1,True,,,,,,,2364.2988612935605,PRIVATE DR,34.62117737538166,30.0,2,B,MEMPHIS,SHELBY,35199,34.62117737600252,City of Memphis,city_residual,city: no state-route overlap,PRIVATE DR,False,False,False,City of Memphis
301023804,2025-06-16,2025-06-16 16:36:00,2025,6,Monday,16,35.137383,-89.99691,Possible Injury,Pedestrian,Intersection-In Crosswalk,Intersection,Daylight,Not Collision with Motor Vehicle in Transport,Pedestrian,1,True,,,,,,,273.8099261843376,S TUCKER ST,0.0982614591865328,35.0,2,B,MEMPHIS,SHELBY,84420,0.09826145904436887,City of Memphis,city_residual,city: no state-route overlap,S TUCKER ST,False,False,False,City of Memphis
301021288,2025-06-03,2025-06-03 17:30:00,2025,6,Tuesday,17,35.206932,-89.894615,Possible Injury,Pedestrian,Intersection-On Roadway Crosswalk availability Unknown,Intersection-Related,Daylight,Not Collision with Motor Vehicle in Transport,Pedestrian,1,True,COVINGTON PIKE,,45.0,5.0,204,1.0,0.2470366706962454,STAGE RD,0.2573880386783472,45.0,6,B,MEMPHIS,SHELBY,48218,0.25738803867834725,TDOT state route,state_route_overlap,"state route: 100% overlap, name=STAGE",STAGE RD,False,False,False,TDOT state route
301015072,2025-04-30,2025-04-30 01:46:00,2025,4,Wednesday,1,35.035324,-90.028435,Suspected Serious Injury,Pedestrian,Not Intersection-On Roadway Not In Crosswalk,Intersection-Related,Dark-Unknown Lighting,Not Collision with Motor Vehicle in Transport,Pedestrian,1,True,,,,,,,298.4364412773829,E RAINES RD,0.7408282212732026,40.0,5,B,MEMPHIS,SHELBY,49712,0.7408282218683416,City of Memphis,city_residual,city: no state-route overlap,E RAINES RD,False,False,False,City of Memphis
300884596,2023-05-03,2023-05-03 22:56:00,2023,5,Wednesday,22,35.14032,-90.042816,Suspected Serious Injury,Pedestrian,Not Intersection-On Roadway Not In Crosswalk,Non-Junction,Dark-Lighted,Not Collision with Motor Vehicle in Transport,Pedestrian,1,True,UNION AVE,Principal Arterial,35.0,5.0,3,6.0,4.759301170007288,S LAUDERDALE ST,0.2279262622135728,35.0,2,B,MEMPHIS,SHELBY,80581,0.22792626221357284,City of Memphis,city_residual,city: no state-route overlap,S LAUDERDALE ST,False,False,False,City of Memphis
301015225,2025-04-29,2025-04-29 20:53:00,2025,4,Tuesday,20,35.111393,-89.94591,Suspected Serious Injury,Pedestrian,Intersection-On Roadway not in Crosswalk,Intersection,Dark-Lighted,Not Collision with Motor Vehicle in Transport,Pedestrian,1,True,,,,,,,1781.7348307407308,CARNES AVE,0.1565777274930726,30.0,2,B,MEMPHIS,SHELBY,5694,0.15657772749368903,City of Memphis,city_residual,city: no state-route overlap,CARNES AVE,False,False,False,City of Memphis
301013655,2025-04-22,2025-04-22 07:45:00,2025,4,Tuesday,7,35.086067,-90.04352,Possible Injury,Pedestrian,Not Intersection-On Roadway Not In Crosswalk,Non-Junction,Daylight,Not Collision with Motor Vehicle in Transport,Pedestrian,1,True,,,,,,,1209.322983680598,E MALLORY AVE,24.6995599707062,40.0,4,B,MEMPHIS,SHELBY,50870,24.699559972005744,City of Memphis,city_residual,city: no state-route overlap,E MALLORY AVE,False,False,False,City of Memphis
300998409,2025-01-26,2025-01-26 19:58:00,2025,1,Sunday,19,35.199635,-89.970535,Suspected Serious Injury,Pedestrian,Not Intersection-On Roadway Not In Crosswalk,Non-Junction,Dark-Not Lighted,Not Collision with Motor Vehicle in Transport,Pedestrian,1,True,,,,,,,3856.114736150773,JAMES RD,6.944323258774467,45.0,4,B,MEMPHIS,SHELBY,49938,6.944323258179905,City of Memphis,city_residual,city: no state-route overlap,JAMES RD,False,False,False,City of Memphis
301008995,2025-03-28,2025-03-28 11:00:00,2025,3,Friday,11,35.02928,-90.10389,Possible Injury,Pedestrian,Not Intersection-Other Not On Roadway,Non-Junction,Daylight,Angle,Other,1,True,,,,,,,1726.184234659918,SHADOWLINE DR,0.2452693527022745,30.0,2,B,MEMPHIS,SHELBY,26979,0.24526935127838992,City of Memphis,city_residual,city: no state-route overlap,SHADOWLINE DR,False,False,False,City of Memphis
301014935,2025-04-28,2025-04-28 21:01:00,2025,4,Monday,21,35.047585,-90.05515,Possible Injury,Pedestrian,Intersection-On Roadway Crosswalk Not Available,Intersection,Daylight,Not Collision with Motor Vehicle in Transport,Pedestrian,1,True,,,,,,,656.6458298657839,SOUTHLAND DR,1.9907147623610184,30.0,2,B,MEMPHIS,SHELBY,27167,1.9907147623609436,City of Memphis,city_residual,city: no state-route overlap,SOUTHLAND DR,False,False,False,City of Memphis
300885046,2023-05-06,2023-05-06 15:30:00,2023,5,Saturday,15,35.07442,-90.0204,Possible Injury,Pedestrian,Not Intersection-Adjacent to Roadway,Crossover-Related,Daylight,HeadOn,Other,1,True,ELVIS PRESLEY BLVD,Minor Arterial,40.0,4.0,3,6.0,1.1288512147154648,ELVIS PRESLEY BLVD,0.0020627842766032,40.0,4,B,MEMPHIS,SHELBY,47218,0.002062784274330174,TDOT state route,state_route_overlap,"state route: 100% overlap, name=ELVIS PRESLEY",ELVIS PRESLEY BLVD,False,False,False,TDOT state route
301028211,2025-07-12,2025-07-12 15:00:00,2025,7,Saturday,15,35.06351,-90.08579,Possible Injury,Pedestrian,Not Intersection-Adjacent to Roadway,OtherLocation,Daylight,Not Collision with Motor Vehicle in Transport,Pedestrian,2,True,,,,,,,2419.7384483285327,NONCONNAH RD,27.382705999085623,35.0,2,B,MEMPHIS,SHELBY,49581,27.382705999085626,City of Memphis,city_residual,city: no state-route overlap,NONCONNAH RD,False,False,False,City of Memphis
301010896,2025-04-07,2025-04-07 15:19:00,2025,4,Monday,15,35.133526,-90.01683,Possible Injury,Pedestrian,Not Intersection-On Roadway Not In Crosswalk,Intersection,Daylight,Not Collision with Motor Vehicle in Transport,Pedestrian,1,True,,,,,,,362.24484228166295,S CLEVELAND ST,0.0952997852994627,35.0,5,B,MEMPHIS,SHELBY,80982,0.09529978401458422,City of Memphis,city_residual,city: no state-route overlap,S CLEVELAND ST,False,False,False,City of Memphis