MstrRecNbrTxt,CollisionDate,CollisionDteTime,YearNmb,Month,DayOfWeek,Hour,Latitude,Longitude,InjuryClass,PersonType,NonMotoristLocation,RelationToJunction,LightCondition,MannerOfCollision,FirstHarmfulEvent,VictimsInCrash,InMemphis,StateRoute_NAME,StateRoute_F_System,StateRoute_SPDLIMIT,StateRoute_LANES,StateRoute_ALTNAME_1,StateRoute_Council_District,DistToStateRoute_m,Street_Name,DistToStreet_m,Street_SPDLIMIT,Street_LANES,Street_ONEWAY,Street_CITY_L,Street_COUNTY_L,Seg_OBJECTID,DistToSeg_m,Ownership,Rule_Fired,Classification_Basis,Matched_Street,is_limited_access,is_override,is_corner_case,Jurisdiction_prev
301023677,2025-06-16,2025-06-16 20:20:00,2025,6,Monday,20,35.051144,-89.90897,Possible Injury,Pedestrian,Not Intersection-Outside Traffic,OtherLocation,Dark-Lighted,Not Collision with Motor Vehicle in Transport,Pedestrian,1,True,,,,,,,1153.4001021541294,WINCHESTER RD,0.1145997801277762,45.0,7,B,MEMPHIS,SHELBY,49368,0.11459977983885017,City of Memphis,city_residual,city: no state-route overlap,WINCHESTER RD,False,False,False,City of Memphis
300999434,2025-02-01,2025-02-01 18:55:00,2025,2,Saturday,18,35.0209,-90.04297,Possible Injury,Pedestrian,Intersection-On Roadway not in Crosswalk,Non-Junction,Dark-Lighted,Not Collision with Motor Vehicle in Transport,Pedestrian,1,True,E SHELBY DR,Minor Arterial,45.0,5.0,175,6.0,2.681585259800325,E SHELBY DR,1.964204878774381,45.0,5,B,MEMPHIS,SHELBY,49687,1.9642048816091064,TDOT state route,state_route_overlap,"state route: 100% overlap, name=E SHELBY",E SHELBY DR,False,False,False,TDOT state route
300915020,2023-10-03,2023-10-03 22:22:00,2023,10,Tuesday,22,35.149506,-89.961494,Suspected Serious Injury,Pedestrian,Not Intersection-On Roadway Crosswalk Availability Unknown,Non-Junction,Dark-Lighted,Not Collision with Motor Vehicle in Transport,Pedestrian,1,True,SUMMER AVE,Principal Arterial,35.0,5.0,1,5.0,4.823484614437708,SUMMER AVE,0.1668134866201844,35.0,5,B,MEMPHIS,SHELBY,47017,0.16681348662018447,TDOT state route,state_route_overlap,"state route: 100% overlap, name=SUMMER",SUMMER AVE,False,False,False,TDOT state route
301030240,2025-07-24,2025-07-24 16:59:00,2025,7,Thursday,16,35.057636,-90.0079,Suspected Serious Injury,Pedestrian,Intersection-On Roadway not in Crosswalk,Intersection,Daylight,Not Collision with Motor Vehicle in Transport,Pedestrian,1,True,,,,,,,1488.2400839842264,MILLBRANCH RD,48.30201974472299,45.0,5,B,MEMPHIS,SHELBY,49797,48.302019744769886,City of Memphis,city_residual,city: no state-route overlap,MILLBRANCH RD,False,False,False,City of Memphis
301025747,2025-06-28,2025-06-28 20:53:00,2025,6,Saturday,20,35.15456,-89.94772,Suspected Serious Injury,Pedestrian,Not Intersection-On Roadway Not In Crosswalk,Through Roadway,Dark-Unknown Lighting,Not Collision with Motor Vehicle in Transport,Pedestrian,1,True,,,,,,,566.7456586766838,NATIONAL ST,0.0072838239343545,40.0,4,B,MEMPHIS,SHELBY,51252,0.00728382281117354,City of Memphis,city_residual,city: no state-route overlap,NATIONAL ST,False,False,False,City of Memphis
301008011,2025-03-22,2025-03-22 22:07:00,2025,3,Saturday,22,35.0759,-89.932205,Possible Injury,Pedestrian,Intersection-On Roadway Crosswalk availability Unknown,Non-Junction,Dark-Lighted,Not Collision with Motor Vehicle in Transport,Pedestrian,1,True,,,,,,,57.35011134676946,GETWELL RD,57.02819503639337,40.0,7,B,MEMPHIS,SHELBY,47387,57.02819503640344,TDOT state route,state_route_overlap,"state route: 100% overlap, name=GETWELL",GETWELL RD,False,False,False,TDOT state route
301007819,2025-03-22,2025-03-22 16:10:00,2025,3,Saturday,16,35.02889,-90.024475,Possible Injury,Pedestrian,Not Intersection-On Roadway Not In Crosswalk,Non-Junction,Daylight,Not Collision with Motor Vehicle in Transport,Pedestrian,1,True,,,,,,,64.65236465373691,ELVIS PRESLEY BLVD,64.4208726269638,40.0,5,B,MEMPHIS,SHELBY,46494,64.42087262697892,TDOT state route,state_route_overlap,"state route: 100% overlap, name=ELVIS PRESLEY",ELVIS PRESLEY BLVD,False,False,False,TDOT state route
301013458,2025-04-02,2025-04-02 00:00:00,2025,4,Wednesday,99,35.19879,-89.80249,Possible Injury,Pedestrian,Intersection-In Crosswalk,Intersection,Unknown,Not Collision with Motor Vehicle in Transport,Pedestrian,1,True,,,,,,,651.3819919596978,DEERFIELD TRCE,3.2655211267511643,30.0,2,B,MEMPHIS,SHELBY,85021,3.265521128198229,City of Memphis,city_residual,city: no state-route overlap,DEERFIELD TRCE,False,False,False,City of Memphis
301014668,2025-04-27,2025-04-27 17:40:00,2025,4,Sunday,17,35.168312,-90.04036,Possible Injury,Pedestrian,Intersection-On Roadway not in Crosswalk,Intersection,Daylight,Not Collision with Motor Vehicle in Transport,Pedestrian,1,True,,,,,,,381.5128613922818,RENO AVE,0.1804003755989358,30.0,2,B,MEMPHIS,SHELBY,3533,0.18040037559893582,City of Memphis,city_residual,city: no state-route overlap,RENO AVE,False,False,False,City of Memphis
301013248,2025-04-20,2025-04-20 03:20:00,2025,4,Sunday,3,35.14164,-90.05446,Possible Injury,Pedestrian,Intersection-Unknown,Intersection,Dark-Lighted,Not Collision with Motor Vehicle in Transport,Pedestrian,1,True,,,,,,,139.7942985721094,S MAIN ST,18.60429402889845,0.0,1,N,MEMPHIS,SHELBY,84566,18.60429402982009,City of Memphis,city_residual,city: no state-route overlap,S MAIN ST,False,False,False,City of Memphis
301030414,2025-07-23,2025-07-23 23:29:00,2025,7,Wednesday,23,35.107666,-90.06093,Possible Injury,Pedestrian,Intersection-On Roadway not in Crosswalk,Intersection-Related,Dark-Not Lighted,Not Collision with Motor Vehicle in Transport,Pedestrian,1,True,,,,,,,510.3337629384958,S PARKWAY E,5.186515813189191,35.0,4,B,MEMPHIS,SHELBY,50822,5.186515814678128,City of Memphis,city_residual,city: no state-route overlap,S PARKWAY E,False,False,False,City of Memphis
301013096,2025-04-19,2025-04-19 03:53:00,2025,4,Saturday,3,35.2183,-89.99371,Possible Injury,Pedestrian,Not Intersection-On Roadway Crosswalk Availability Unknown,AccelDecelLane,Dark-Lighted,Not Collision with Motor Vehicle in Transport,Pedestrian,1,True,,,,,,,2658.642836800805,OVERTON CROSSING ST,38.53761750858552,40.0,5,B,MEMPHIS,SHELBY,79965,38.53761750858896,City of Memphis,city_residual,city: no state-route overlap,OVERTON CROSSING ST,False,False,False,City of Memphis
301001045,2025-02-11,2025-02-11 05:35:00,2025,2,Tuesday,5,35.133278,-89.963135,Possible Injury,Pedestrian,Not Intersection-On Roadway Not In Crosswalk,AccelDecelLane,Dark-Lighted,Not Collision with Motor Vehicle in Transport,Pedestrian,1,True,POPLAR AVE,Principal Arterial,40.0,7.0,57,5.0,4.569781385354878,POPLAR AVE,0.4048967634794272,40.0,7,B,MEMPHIS,SHELBY,47840,0.4048967632381244,TDOT state route,state_route_overlap,"state route: 100% overlap, name=POPLAR",POPLAR AVE,False,False,False,TDOT state route
301026397,2025-06-29,2025-06-29 12:00:00,2025,6,Sunday,12,35.033394,-90.02169,Suspected Serious Injury,Pedestrian,Intersection-Unknown,Intersection-Related,Daylight,Not Collision with Motor Vehicle in Transport,Pedestrian,1,True,,,,,,,317.77955365613934,MARLIN RD,90.88048815337748,35.0,2,B,MEMPHIS,SHELBY,72345,90.88048815450301,City of Memphis,city_residual,city: no state-route overlap,MARLIN RD,False,False,False,City of Memphis
300996957,2025-01-16,2025-01-16 12:00:00,2025,1,Thursday,12,35.147495,-90.0491,Possible Injury,Pedestrian,Intersection-In Crosswalk,Intersection,Daylight,Not Collision with Motor Vehicle in Transport,Pedestrian,1,True,N THIRD ST,Minor Arterial,35.0,3.0,3,6.0,3.9810904607246127,ADAMS AVE,2.063219962209993,30.0,2,B,MEMPHIS,SHELBY,3368,2.0632199609097053,City of Memphis,city_residual,city: no state-route overlap,ADAMS AVE,False,False,True,City of Memphis
301028195,2025-07-12,2025-07-12 22:25:00,2025,7,Saturday,22,35.10413,-89.949196,Suspected Minor Injury,Pedestrian,Not Intersection-In Parking Lane,Non-Junction,Dark-Lighted,Other,Other,1,True,,,,,,,2133.3724553389457,PRESCOTT RD,19.158274328391204,40.0,4,FT,MEMPHIS,SHELBY,53072,19.158274328391204,City of Memphis,city_residual,city: no state-route overlap,PRESCOTT RD,False,False,False,City of Memphis
301002891,2025-02-23,2025-02-23 02:35:00,2025,2,Sunday,2,35.061672,-90.02984,Suspected Serious Injury,Pedestrian,Intersection-On Roadway not in Crosswalk,Intersection-Related,Dark-Lighted,Not Collision with Motor Vehicle in Transport,Pedestrian,1,True,,,,,,,561.8190503640312,E BROOKS RD,0.2507739983359406,45.0,5,B,MEMPHIS,SHELBY,49716,0.2507740000352262,City of Memphis,city_residual,city: no state-route overlap,E BROOKS RD,False,False,False,City of Memphis
301001042,2025-02-11,2025-02-11 22:34:00,2025,2,Tuesday,22,35.087887,-89.92635,Possible Injury,Pedestrian,Not Intersection-On Roadway Not In Crosswalk,Non-Junction,Dark-Lighted,Not Collision with Motor Vehicle in Transport,Pedestrian,1,True,,,,,,,937.5903801861078,WILLOWVIEW AVE,3.3612643762398227,30.0,2,B,MEMPHIS,SHELBY,5932,3.361264377323691,City of Memphis,city_residual,city: no state-route overlap,WILLOWVIEW AVE,False,False,False,City of Memphis
301007887,2025-03-21,2025-03-21 12:00:00,2025,3,Friday,12,35.086445,-89.96528,Possible Injury,Pedestrian,Not Intersection-On Roadway Crosswalk Availability Unknown,Intersection-Related,Daylight,Not Collision with Motor Vehicle in Transport,Pedestrian,1,True,,,,,,,181.51106212597665,MONTAGUE CV,7.044333795756503,25.0,2,B,MEMPHIS,SHELBY,15748,7.044333796555921,City of Memphis,city_residual,city: no state-route overlap,MONTAGUE CV,False,False,False,City of Memphis
301019239,2025-05-20,2025-05-20 21:30:00,2025,5,Tuesday,21,35.160954,-90.03138,Possible Injury,Pedestrian,Intersection-On Roadway Crosswalk availability Unknown,Non-Junction,Unknown,Not Collision with Motor Vehicle in Transport,Pedestrian,1,True,,,,,,,417.4940828957912,LOONEY AVE,0.3232620164355695,30.0,2,B,MEMPHIS,SHELBY,3660,0.32326201644399655,City of Memphis,city_residual,city: no state-route overlap,LOONEY AVE,False,False,False,City of Memphis
301003366,2025-02-25,2025-02-25 20:30:00,2025,2,Tuesday,20,35.033012,-90.02144,Possible Injury,Pedestrian,Intersection-In Crosswalk,Intersection,Dark-Lighted,Not Collision with Motor Vehicle in Transport,Pedestrian,1,True,,,,,,,340.6193832991055,WESLEY DR,70.68336639177157,30.0,2,B,MEMPHIS,SHELBY,27304,70.68336639177157,City of Memphis,city_residual,city: no state-route overlap,WESLEY DR,False,False,False,City of Memphis
301007288,2025-03-19,2025-03-19 21:40:00,2025,3,Wednesday,21,35.073933,-89.94833,Suspected Serious Injury,Pedestrian,Not Intersection-On Roadway Not In Crosswalk,Non-Junction,Dark-Lighted,Not Collision with Motor Vehicle in Transport,Pedestrian,1,True,LAMAR AVE,Principal Arterial,40.0,7.0,4,4.0,2.796845353051847,LAMAR AVE,0.1740640946556322,40.0,7,B,MEMPHIS,SHELBY,47856,0.17406409625538116,TDOT state route,state_route_overlap,"state route: 100% overlap, name=LAMAR",LAMAR AVE,False,False,False,TDOT state route
301012831,2025-04-17,2025-04-17 18:00:00,2025,4,Thursday,18,35.163635,-90.03725,Possible Injury,Pedestrian,Intersection-On Roadway not in Crosswalk,Non-Junction,Dawn,Not Collision with Motor Vehicle in Transport,Pedestrian,1,True,CHELSEA AVE,Minor Arterial,35.0,5.0,3,7.0,6.452423878415333,CHELSEA AVE,10.802231541877626,35.0,5,B,MEMPHIS,SHELBY,50347,10.802231544213386,TDOT state route,state_route_overlap,"state route: 100% overlap, name=CHELSEA",CHELSEA AVE,False,False,False,TDOT state route
300995625,2025-01-07,2025-01-07 14:00:00,2025,1,Tuesday,14,35.03369,-89.997025,Possible Injury,Pedestrian,Intersection-On Roadway not in Crosswalk,AccelDecelLane,Daylight,Not Collision with Motor Vehicle in Transport,Pedestrian,1,True,,,,,,,1399.5772216688104,FRANCISCO BLVD,19.51808252300902,30.0,2,B,MEMPHIS,SHELBY,7920,19.51808252158966,City of Memphis,city_residual,city: no state-route overlap,FRANCISCO BLVD,False,False,False,City of Memphis
301008382,2025-03-24,2025-03-24 15:30:00,2025,3,Monday,15,35.1519,-90.01281,Suspected Minor Injury,Pedestrian,Not Intersection-On Roadway Crosswalk not Available,Non-Junction,Daylight,Not Collision with Motor Vehicle in Transport,Pedestrian,1,True,,,,,,,104.88426356361282,N WATKINS ST,0.2675114070602106,35.0,4,B,MEMPHIS,SHELBY,53423,0.2675114073538563,City of Memphis,city_residual,city: no state-route overlap,N WATKINS ST,False,False,False,City of Memphis
301031783,2025-08-03,2025-08-03 18:30:00,2025,8,Sunday,18,35.178013,-89.9795,Possible Injury,Pedestrian,Not Intersection-On Roadway Crosswalk not Available,AccelDecelLane,Dusk,Not Collision with Motor Vehicle in Transport,Pedestrian,1,True,,,,,,,2150.975429027036,SANDERS AVE,16.930088468766815,30.0,2,B,MEMPHIS,SHELBY,4445,16.930088468766815,City of Memphis,city_residual,city: no state-route overlap,SANDERS AVE,False,False,False,City of Memphis
301028852,2025-07-17,2025-07-17 10:30:00,2025,7,Thursday,10,35.035595,-89.989815,Suspected Serious Injury,Pedestrian,Intersection-On Roadway not in Crosswalk,Non-Junction,Daylight,Not Collision with Motor Vehicle in Transport,Pedestrian,1,True,,,,,,,1609.591912301196,AIRWAYS BLVD,0.2889784126118058,45.0,7,B,MEMPHIS,SHELBY,49829,0.28897841255532236,City of Memphis,city_residual,city: no state-route overlap,AIRWAYS BLVD,False,False,False,City of Memphis
301012219,2025-04-13,2025-04-13 18:30:00,2025,4,Sunday,18,35.234283,-89.9284,Possible Injury,Pedestrian,Not Intersection-On Roadway Crosswalk not Available,Through Roadway,Daylight,Not Collision with Motor Vehicle in Transport,Pedestrian,1,True,,,,,,,2274.3000100110025,TWINMONT ST,0.408626792663695,30.0,2,B,MEMPHIS,SHELBY,80191,0.4086267926634825,City of Memphis,city_residual,city: no state-route overlap,TWINMONT ST,False,False,False,City of Memphis
301021651,2025-06-04,2025-06-04 20:08:00,2025,6,Wednesday,20,35.053333,-89.88613,Suspected Serious Injury,Pedestrian,Intersection-Not on Roadway,Non-Junction,Dark-Lighted,Not Collision with Motor Vehicle in Transport,Pedestrian,1,True,,,,,,,3097.5211038229604,S MENDENHALL RD,0.2965521537271923,40.0,7,B,MEMPHIS,SHELBY,51905,0.29655215376074995,City of Memphis,city_residual,city: no state-route overlap,S MENDENHALL RD,False,False,False,City of Memphis
301017144,2025-05-11,2025-05-11 04:36:00,2025,5,Sunday,4,35.162233,-89.916225,Possible Injury,Pedestrian,Not Intersection-On Roadway Crosswalk not Available,Non-Junction,Dark-Lighted,Not Collision with Motor Vehicle in Transport,Pedestrian,1,True,,,,,,,1475.7036479501269,MACON RD,26.53453336959684,40.0,4,B,MEMPHIS,SHELBY,51423,26.534533370807598,City of Memphis,city_residual,city: no state-route overlap,MACON RD,False,False,False,City of Memphis
301000075,2025-02-05,2025-02-05 20:24:00,2025,2,Wednesday,20,35.039345,-90.05689,Possible Injury,Pedestrian,Not Intersection-On Roadway Not In Crosswalk,Unknown,Dark-Unknown Lighting,Not Collision with Motor Vehicle in Transport,Pedestrian,1,True,,,,,,,914.2974898182928,IVAN RD,29.75156357996809,30.0,2,B,MEMPHIS,SHELBY,72068,29.751563582737692,City of Memphis,city_residual,city: no state-route overlap,IVAN RD,False,False,False,City of Memphis
301005813,2025-03-10,2025-03-10 10:20:00,2025,3,Monday,10,35.040016,-90.00785,Possible Injury,Pedestrian,Intersection-On Roadway not in Crosswalk,Intersection,Daylight,Not Collision with Motor Vehicle in Transport,Pedestrian,1,True,,,,,,,1577.9960949838196,MILLBRANCH RD,31.334822959638203,40.0,4,B,MEMPHIS,SHELBY,49783,31.334822959636618,City of Memphis,city_residual,city: no state-route overlap,MILLBRANCH RD,False,False,False,City of Memphis
301011408,2025-04-07,2025-04-07 13:00:00,2025,4,Monday,13,35.13586,-90.06345,Possible Injury,Pedestrian,Intersection-In Crosswalk,Non-Junction,Daylight,Not Collision with Motor Vehicle in Transport,Pedestrian,1,True,,,,,,,656.2306977154904,REST AREA,16.433527162187794,25.0,1,FT,MEMPHIS,SHELBY,84739,16.433527160864454,City of Memphis,city_residual,city: no state-route overlap,REST AREA,False,False,False,City of Memphis
301023257,2025-06-13,2025-06-13 21:30:00,2025,6,Friday,21,35.128716,-90.02108,Suspected Serious Injury,Pedestrian,Not Intersection-On Roadway Not In Crosswalk,SharedUsePathOrTrail,Dark-Lighted,Not Collision with Motor Vehicle in Transport,Pedestrian,1,True,S BELLEVUE BLVD,Minor Arterial,35.0,4.0,3,6.0,0.1613578382113724,LAMAR AVE,0.364993029068438,40.0,7,B,MEMPHIS,SHELBY,47391,0.3649930302199551,TDOT state route,state_route_overlap,"state route: 100% overlap, name=LAMAR",LAMAR AVE,False,False,False,TDOT state route
300982726,2024-10-29,2024-10-29 15:40:00,2024,10,Tuesday,15,35.136993,-89.996,Suspected Serious Injury,Pedestrian,Not Intersection-Bike Path,OtherLocation,Daylight,Not Collision with Motor Vehicle in Transport,Pedestrian,1,True,,,,,,,241.22442372749825,MADISON AVE,32.92873730440109,35.0,3,B,MEMPHIS,SHELBY,53395,32.928737303001746,City of Memphis,city_residual,city: no state-route overlap,MADISON AVE,False,False,False,City of Memphis
300996140,2025-01-12,2025-01-12 18:00:00,2025,1,Sunday,18,35.061832,-89.884315,Suspected Serious Injury,Pedestrian,Not Intersection-On Roadway Not In Crosswalk,Non-Junction,Unknown,Not Collision with Motor Vehicle in Transport,Pedestrian,1,True,,,,,,,2187.666133111224,KNIGHT ARNOLD RD,5.168498170390571,40.0,4,B,MEMPHIS,SHELBY,49411,5.168498171676335,City of Memphis,city_residual,city: no state-route overlap,KNIGHT ARNOLD RD,False,False,False,City of Memphis
301007782,2025-03-22,2025-03-22 00:28:00,2025,3,Saturday,0,35.11965,-89.99108,Suspected Serious Injury,Pedestrian,Intersection-On Roadway not in Crosswalk,Intersection,Dark-Lighted,Not Collision with Motor Vehicle in Transport,Pedestrian,1,True,,,,,,,611.0673713976182,YOUNG AVE,0.1898607068303959,35.0,2,B,MEMPHIS,SHELBY,4248,0.1898607068303959,City of Memphis,city_residual,city: no state-route overlap,YOUNG AVE,False,False,False,City of Memphis
301014964,2025-04-28,2025-04-28 21:05:00,2025,4,Monday,21,35.148914,-89.91774,Suspected Serious Injury,Pedestrian,Not Intersection-On Roadway Crosswalk not Available,AccelDecelLane,Dark-Lighted,Not Collision with Motor Vehicle in Transport,Pedestrian,2,True,SUMMER AVE,Principal Arterial,40.0,7.0,1,5.0,5.210854607173428,SUMMER AVE,0.5548979355523717,40.0,7,B,MEMPHIS,SHELBY,47100,0.554897933798972,TDOT state route,state_route_overlap,"state route: 100% overlap, name=SUMMER",SUMMER AVE,False,False,False,TDOT state route
300995420,2025-01-07,2025-01-07 17:34:00,2025,1,Tuesday,17,35.020386,-89.83988,Possible Injury,Pedestrian,Intersection-On Roadway not in Crosswalk,Non-Junction,Daylight,Not Collision with Motor Vehicle in Transport,Pedestrian,1,True,E SHELBY DR,Principal Arterial,45.0,7.0,175,3.0,4.867902006859304,E SHELBY DR,0.1950400097875455,45.0,7,B,MEMPHIS,SHELBY,46449,0.19504000978754552,TDOT state route,state_route_overlap,"state route: 100% overlap, name=E SHELBY",E SHELBY DR,False,False,False,TDOT state route
301017500,2025-05-12,2025-05-12 19:00:00,2025,5,Monday,19,35.250683,-89.97666,Possible Injury,Pedestrian,Not Intersection-On Roadway Not In Crosswalk,Intersection-Related,Daylight,Not Collision with Motor Vehicle in Transport,Pedestrian,1,True,,,,,,,1870.08897879743,MAVERICK AVE,1.077123261410684,30.0,2,B,MEMPHIS,SHELBY,2985,1.0771232603917493,City of Memphis,city_residual,city: no state-route overlap,MAVERICK AVE,False,False,False,City of Memphis
301008394,2025-03-25,2025-03-25 16:00:00,2025,3,Tuesday,16,35.012154,-90.096504,Unknown,Other Non-Motorist,Not Intersection-Unknown,Intersection,Daylight,Angle,Other,1,True,WEAVER RD,Principal Arterial,35.0,2.0,175,6.0,0.3086395990580124,S THIRD ST,0.4908809350462105,45.0,4,B,MEMPHIS,SHELBY,47483,0.4908809359527239,TDOT state route,state_route_overlap,"state route: 100% overlap, name=S THIRD",S THIRD ST,False,False,False,TDOT state route
300997162,2025-01-18,2025-01-18 15:20:00,2025,1,Saturday,15,35.173084,-89.79497,Suspected Serious Injury,Pedestrian,Not Intersection-On Roadway Not In Crosswalk,AccelDecelLane,Daylight,Not Collision with Motor Vehicle in Transport,Pedestrian,1,True,,,,,,,178.86219647777017,DEXTER RD,1.0351604816545286,35.0,4,B,MEMPHIS,SHELBY,52823,1.0351604816545286,City of Memphis,city_residual,city: no state-route overlap,DEXTER RD,False,False,False,City of Memphis
301020389,2025-05-28,2025-05-28 18:00:00,2025,5,Wednesday,18,35.130966,-90.041176,Suspected Minor Injury,Pedestrian,Not Intersection-On Roadway Crosswalk not Available,AccelDecelLane,Daylight,Not Collision with Motor Vehicle in Transport,Pedestrian,1,True,,,,,,,568.2781695289681,WEATHERS DR,9.622022102010687,0.0,2,B,MEMPHIS,SHELBY,33889,9.622022101141292,City of Memphis,city_residual,city: no state-route overlap,WEATHERS DR,False,False,False,City of Memphis
301019693,2025-05-24,2025-05-24 00:30:00,2025,5,Saturday,0,35.07848,-89.88398,Suspected Serious Injury,Pedestrian,Intersection-On Roadway not in Crosswalk,AccelDecelLane,Dark-Lighted,Front to Rear,Other,1,True,,,,,,,752.5278842269915,MOUNT MORIAH RD,60.07021459999248,40.0,7,B,MEMPHIS,SHELBY,53060,60.07021460212851,City of Memphis,city_residual,city: no state-route overlap,MOUNT MORIAH RD,False,False,False,City of Memphis
301018237,2025-05-15,2025-05-15 21:00:00,2025,5,Thursday,21,35.020866,-90.04294,Suspected Serious Injury,Pedestrian,Not Intersection-Outside Traffic,OtherLocation,Dark-Not Lighted,Not Collision with Motor Vehicle in Transport,Pedestrian,1,True,E SHELBY DR,Minor Arterial,45.0,5.0,175,6.0,6.476751493913504,TULANE RD,0.9238426275255192,35.0,2,B,MEMPHIS,SHELBY,72215,0.9238426262508844,City of Memphis,city_residual,city: no state-route overlap,TULANE RD,False,False,False,City of Memphis
301024221,2025-06-19,2025-06-19 19:10:00,2025,6,Thursday,19,35.156464,-90.02332,Possible Injury,Pedestrian,Not Intersection-On Roadway Not In Crosswalk,Non-Junction,Daylight,Not Collision with Motor Vehicle in Transport,Pedestrian,1,True,,,,,,,110.39895031941872,GREENLAW AVE,0.1233380703997066,30.0,2,B,MEMPHIS,SHELBY,3739,0.12333807038682329,City of Memphis,city_residual,city: no state-route overlap,GREENLAW AVE,False,False,False,City of Memphis
300884396,2023-05-03,2023-05-03 19:23:00,2023,5,Wednesday,19,35.13684,-90.01668,Suspected Serious Injury,Pedestrian,Intersection-In Crosswalk,Intersection,Dusk,Not Collision with Motor Vehicle in Transport,Pedestrian,1,True,UNION AVE,Principal Arterial,35.0,6.0,23,6.0,5.167134976568865,UNION AVE,0.585222463273447,35.0,6,B,MEMPHIS,SHELBY,48098,0.5852224632386966,TDOT state route,state_route_overlap,"state route: 100% overlap, name=UNION",UNION AVE,False,False,False,TDOT state route
300956135,2024-05-08,2024-05-08 20:20:00,2024,5,Wednesday,20,35.121605,-89.799675,Suspected Serious Injury,Pedestrian,Not Intersection-On Roadway Not In Crosswalk,Non-Junction,Dark-Lighted,Not Collision with Motor Vehicle in Transport,Pedestrian,1,True,S GERMANTOWN PKWY,Principal Arterial,50.0,7.0,177,2.0,13.822971607018594,S WALNUT BEND RD,0.1723023887558407,30.0,2,B,MEMPHIS,SHELBY,76586,0.17230238802392683,City of Memphis,city_residual,city: no state-route overlap,S WALNUT BEND RD,False,False,False,City of Memphis
301003127,2025-02-22,2025-02-22 20:00:00,2025,2,Saturday,20,35.176407,-90.01717,Possible Injury,Pedestrian,Not Intersection-Unknown,Non-Junction,Dark-Lighted,Not Collision with Motor Vehicle in Transport,Pedestrian,1,True,,,,,,,1697.0211356669815,WEAKLEY AVE,17.146142438030477,30.0,2,B,MEMPHIS,SHELBY,6792,17.146142438052248,City of Memphis,city_residual,city: no state-route overlap,WEAKLEY AVE,False,False,False,City of Memphis
300998525,2025-01-27,2025-01-27 15:40:00,2025,1,Monday,15,35.07373,-89.93183,Possible Injury,Pedestrian,Intersection-On Roadway Crosswalk Not Available,Intersection-Related,Daylight,Not Collision with Motor Vehicle in Transport,Pedestrian,1,True,GETWELL RD,Principal Arterial,40.0,7.0,176,4.0,4.584499075052969,GETWELL RD,4.237591543661264,40.0,7,B,MEMPHIS,SHELBY,47386,4.237591543637361,TDOT state route,state_route_overlap,"state route: 100% overlap, name=GETWELL",GETWELL RD,False,False,False,TDOT state route
301005169,2025-03-07,2025-03-07 01:20:00,2025,3,Friday,1,35.052296,-89.979454,Possible Injury,Pedestrian,Intersection-On Roadway Crosswalk Not Available,Intersection-Related,Dark-Not Lighted,Not Collision with Motor Vehicle in Transport,Pedestrian,1,True,,,,,,,3469.749154656956,WINCHESTER RD TO CARGO RD,1.1986279010331786,30.0,1,FT,MEMPHIS,SHELBY,36341,1.1986279025276332,Interstate ramp (TDOT),interstate_ramp,interstate ramp: MTFCC S1630,WINCHESTER RD TO CARGO RD,True,False,False,Interstate ramp
301026707,2025-07-03,2025-07-03 21:25:00,2025,7,Thursday,21,35.0522,-89.94639,Suspected Serious Injury,Pedestrian,Not Intersection-On Roadway Not In Crosswalk,Non-Junction,Dark-Lighted,Not Collision with Motor Vehicle in Transport,Pedestrian,1,True,,,,,,,1128.124807480299,WINCHESTER RD,4.941273189267042,45.0,7,B,MEMPHIS,SHELBY,49325,4.941273192089705,City of Memphis,city_residual,city: no state-route overlap,WINCHESTER RD,False,False,False,City of Memphis
301001664,2025-02-15,2025-02-15 00:50:00,2025,2,Saturday,0,35.06073,-89.866005,Possible Injury,Pedestrian,Not Intersection-On Roadway Not In Crosswalk,Non-Junction,Dark-Lighted,Not Collision with Motor Vehicle in Transport,Pedestrian,1,True,,,,,,,1500.3847385618446,KNIGHT ARNOLD RD,0.2268629852017405,40.0,4,B,MEMPHIS,SHELBY,49451,0.2268629852342925,City of Memphis,city_residual,city: no state-route overlap,KNIGHT ARNOLD RD,False,False,False,City of Memphis
300999934,2025-02-04,2025-02-04 23:35:00,2025,2,Tuesday,23,35.205753,-89.91397,No Injury,Pedestrian,Not Intersection-Outside Traffic,Intersection-Related,Dark-Lighted,Angle,Other,1,True,STAGE RD,Principal Arterial,45.0,6.0,15,1.0,13.79133993705458,COLEMAN RD,7.898357321714847,45.0,7,B,MEMPHIS,SHELBY,74855,7.898357321240484,City of Memphis,city_residual,city: no state-route overlap,COLEMAN RD,False,False,False,City of Memphis