MstrRecNbrTxt,CollisionDate,CollisionDteTime,YearNmb,Month,DayOfWeek,Hour,Latitude,Longitude,InjuryClass,PersonType,NonMotoristLocation,RelationToJunction,LightCondition,MannerOfCollision,FirstHarmfulEvent,VictimsInCrash,InMemphis,StateRoute_NAME,StateRoute_F_System,StateRoute_SPDLIMIT,StateRoute_LANES,StateRoute_ALTNAME_1,StateRoute_Council_District,DistToStateRoute_m,Street_Name,DistToStreet_m,Street_SPDLIMIT,Street_LANES,Street_ONEWAY,Street_CITY_L,Street_COUNTY_L,Seg_OBJECTID,DistToSeg_m,Ownership,Rule_Fired,Classification_Basis,Matched_Street,is_limited_access,is_override,is_corner_case,Jurisdiction_prev
301037335,2025-09-03,2025-09-03 14:15:00,2025,9,Wednesday,14,35.098927,-89.97895,Possible Injury,Pedestrian,Intersection-Unknown,Non-Junction,Daylight,Not Collision with Motor Vehicle in Transport,Pedestrian,1,True,,,,,,,218.13090193059617,ARLINGTON AVE,21.7827418471728,30.0,2,B,MEMPHIS,SHELBY,5293,21.782741847746035,City of Memphis,city_residual,city: no state-route overlap,ARLINGTON AVE,False,False,False,City of Memphis
301037336,2025-09-02,2025-09-02 13:00:00,2025,9,Tuesday,13,35.086872,-89.96323,Possible Injury,Pedestrian,Not Intersection-On Roadway Not In Crosswalk,Non-Junction,Daylight,Not Collision with Motor Vehicle in Transport,Pedestrian,1,True,LAMAR AVE,Principal Arterial,40.0,5.0,4,4.0,2.724683999822977,LAMAR AVE,0.0453945104097351,40.0,5,B,MEMPHIS,SHELBY,47381,0.04539451286002944,TDOT state route,state_route_overlap,"state route: 100% overlap, name=LAMAR",LAMAR AVE,False,False,False,TDOT state route
301037654,2025-09-04,2025-09-04 15:30:00,2025,9,Thursday,15,35.21724,-89.99357,Possible Injury,Pedestrian,Intersection-On Roadway not in Crosswalk,Intersection,Daylight,Not Collision with Motor Vehicle in Transport,Pedestrian,2,True,,,,,,,2736.384943577855,FRAYSER BLVD,0.0192695083068895,40.0,4,B,MEMPHIS,SHELBY,49906,0.019269509807230103,City of Memphis,city_residual,city: no state-route overlap,FRAYSER BLVD,False,False,False,City of Memphis
301036535,2025-08-28,2025-08-28 19:50:00,2025,8,Thursday,19,35.162021,-89.917347,Suspected Minor Injury,Pedestrian,Intersection-On Roadway not in Crosswalk,Intersection-Related,Dark-Lighted,Not Collision with Motor Vehicle in Transport,Pedestrian,1,True,,,,,,,1449.3916515835845,WARING RD,0.0127911261974729,35.0,2,B,MEMPHIS,SHELBY,73878,0.012791126197443015,City of Memphis,city_residual,city: no state-route overlap,WARING RD,False,False,False,City of Memphis
301036539,2025-08-29,2025-08-29 14:28:00,2025,8,Friday,14,35.035427,-90.00755,Suspected Serious Injury,Pedestrian,Intersection-In Crosswalk,Intersection,Daylight,Not Collision with Motor Vehicle in Transport,Pedestrian,1,True,,,,,,,1593.1405646887663,MILLBRANCH RD,3.3378219285128923,40.0,4,B,MEMPHIS,SHELBY,49779,3.337821928498522,City of Memphis,city_residual,city: no state-route overlap,MILLBRANCH RD,False,False,False,City of Memphis
301036020,2025-08-26,2025-08-26 23:41:00,2025,8,Tuesday,23,35.086807,-89.93405,Suspected Serious Injury,Pedestrian,Not Intersection-On Roadway Not In Crosswalk,Intersection-Related,Dark-Lighted,Not Collision with Motor Vehicle in Transport,Pedestrian,1,True,,,,,,,745.1111497387392,ELLISTON RD,0.1593091098701085,35.0,2,B,MEMPHIS,SHELBY,73693,0.1593091098700821,City of Memphis,city_residual,city: no state-route overlap,ELLISTON RD,False,False,False,City of Memphis
301038526,2025-09-09,2025-09-09 23:18:00,2025,9,Tuesday,23,35.217155,-89.98451,Possible Injury,Pedestrian,Not Intersection-On Roadway Not In Crosswalk,AccelDecelLane,Dark-Lighted,Not Collision with Motor Vehicle in Transport,Pedestrian,1,True,,,,,,,3417.350513889954,FRAYSER BLVD,0.0557982155459074,40.0,4,B,MEMPHIS,SHELBY,49912,0.055798215568208034,City of Memphis,city_residual,city: no state-route overlap,FRAYSER BLVD,False,False,False,City of Memphis
301039213,2025-09-13,2025-09-13 23:26:00,2025,9,Saturday,23,35.064995,-89.90531,Possible Injury,Pedestrian,Not Intersection-On Roadway Crosswalk not Available,Non-Junction,Dark-Lighted,Not Collision with Motor Vehicle in Transport,Pedestrian,1,True,,,,,,,2375.8331966632754,S PERKINS RD,33.904395635408854,40.0,7,B,MEMPHIS,SHELBY,49377,33.904395635408854,City of Memphis,city_residual,city: no state-route overlap,S PERKINS RD,False,False,False,City of Memphis
301036285,2025-08-27,2025-08-27 22:00:00,2025,8,Wednesday,22,35.16249,-90.01069,Possible Injury,Pedestrian,Intersection-On Roadway Crosswalk Not Available,Intersection,Dark-Lighted,Not Collision with Motor Vehicle in Transport,Pedestrian,1,True,,,,,,,443.9044897546296,HENRY AVE,0.0684503879205188,30.0,2,B,MEMPHIS,SHELBY,3986,0.06845039068884515,City of Memphis,city_residual,city: no state-route overlap,HENRY AVE,False,False,False,City of Memphis
301035802,2025-08-25,2025-08-25 21:01:00,2025,8,Monday,21,35.14348,-90.01052,Suspected Serious Injury,Pedestrian,Intersection-In Crosswalk,Intersection,Dark-Lighted,Not Collision with Motor Vehicle in Transport,Pedestrian,1,True,,,,,,,794.2746198930608,STONEWALL ST,0.0960012412893031,30.0,2,B,MEMPHIS,SHELBY,81164,0.0960012426102754,City of Memphis,city_residual,city: no state-route overlap,STONEWALL ST,False,False,False,City of Memphis
301036720,2025-08-31,2025-08-31 00:00:00,2025,8,Sunday,99,35.139866,-90.04583,Suspected Serious Injury,Pedestrian,Intersection-Unknown,Intersection,Dark-Not Lighted,Not Collision with Motor Vehicle in Transport,Pedestrian,1,True,S DANNY THOMAS BLVD,Principal Arterial,35.0,2.0,1,6.0,0.7470468604132207,GAYOSO AVE,0.0704895761961974,30.0,2,B,MEMPHIS,SHELBY,7066,0.07048957619619749,TDOT state route,state_route_overlap,"state route: 100% overlap, name=GAYOSO",GAYOSO AVE,False,False,False,TDOT state route
300971008,2024-08-17,2024-08-17 22:03:00,2024,8,Saturday,22,35.091835,-89.908585,Suspected Serious Injury,Pedestrian,Intersection-On Roadway not in Crosswalk,Non-Junction,Dark-Lighted,Not Collision with Motor Vehicle in Transport,Pedestrian,1,True,,,,,,,2424.68003526541,QUINCE RD,0.6981245698011641,40.0,5,B,MEMPHIS,SHELBY,51487,0.698124569764625,City of Memphis,city_residual,city: no state-route overlap,QUINCE RD,False,False,False,City of Memphis
301035593,2025-08-24,2025-08-24 14:50:00,2025,8,Sunday,14,35.069164,-89.93214,Suspected Minor Injury,Pedestrian,Intersection-Not on Roadway,AccelDecelLane,Daylight,Not Collision with Motor Vehicle in Transport,Pedestrian,1,True,GETWELL RD,Principal Arterial,40.0,7.0,176,4.0,0.4551115591263445,COMANCHE RD,0.0017265753342134,35.0,2,B,MEMPHIS,SHELBY,71151,0.0017265739080094382,City of Memphis,city_residual,city: no state-route overlap,COMANCHE RD,False,False,True,City of Memphis
301039474,2025-09-14,2025-09-14 19:34:00,2025,9,Sunday,19,35.066723,-89.843605,Suspected Serious Injury,Pedestrian,Not Intersection-Unknown,Non-Junction,Dark-Lighted,Unknown,Other,1,True,STATE ROUTE 385,Freeway and Expressway,65.0,3.0,NONCONNAH PKWY,2.0,3.991584068948181,STATE ROUTE 385 E,0.024449502916851,65.0,3,FT,MEMPHIS,SHELBY,47693,0.02444950291685103,TDOT state route,state_route_overlap,"state route: 100% overlap, name=STATE ROUTE 385",STATE ROUTE 385 E,False,False,False,TDOT state route
301039253,2025-09-14,2025-09-14 08:28:00,2025,9,Sunday,8,35.128185,-90.02065,Possible Injury,Pedestrian,Not Intersection-Outside Traffic,Non-Junction,Daylight,Not Collision with Motor Vehicle in Transport,Pedestrian,1,True,,,,,,,30.72740597491522,LAMAR AVE,27.03219033198857,40.0,6,B,MEMPHIS,SHELBY,46751,27.032190333680933,TDOT state route,state_route_overlap,"state route: 100% overlap, name=LAMAR",LAMAR AVE,False,False,False,TDOT state route
301035241,2025-08-22,2025-08-22 10:38:00,2025,8,Friday,10,35.107265,-90.03995,Suspected Serious Injury,Pedestrian,Not Intersection-On Roadway Not In Crosswalk,Intersection-Related,Daylight,Not Collision with Motor Vehicle in Transport,Pedestrian,1,True,,,,,,,1402.9217691469594,S PARKWAY E,0.019759615587522,35.0,5,B,MEMPHIS,SHELBY,53327,0.019759615605154657,City of Memphis,city_residual,city: no state-route overlap,S PARKWAY E,False,False,False,City of Memphis
301035434,2025-08-23,2025-08-23 18:20:00,2025,8,Saturday,18,35.11944,-89.90809,Possible Injury,Pedestrian,Intersection-In Crosswalk,Intersection,Daylight,Not Collision with Motor Vehicle in Transport,Pedestrian,1,True,,,,,,,265.6400222210493,PERKINS ROAD EXT,39.17481293500977,35.0,5,B,MEMPHIS,SHELBY,53637,39.174812934984935,City of Memphis,city_residual,city: no state-route overlap,PERKINS ROAD EXT,False,False,False,City of Memphis
301037973,2025-09-06,2025-09-06 19:54:00,2025,9,Saturday,19,35.03558,-90.007515,Suspected Serious Injury,Pedestrian,Intersection-In Crosswalk,Intersection,Dark-Lighted,Not Collision with Motor Vehicle in Transport,Pedestrian,1,True,,,,,,,1610.1150033923598,MILLBRANCH RD,0.0690957689695692,40.0,4,B,MEMPHIS,SHELBY,49779,0.06909576895029355,City of Memphis,city_residual,city: no state-route overlap,MILLBRANCH RD,False,False,False,City of Memphis
300980509,2024-10-17,2024-10-17 09:43:00,2024,10,Thursday,9,35.114505,-89.902893,Fatal,Pedestrian,Intersection-In Crosswalk,Intersection,Daylight,Not Collision with Motor Vehicle in Transport,Pedestrian,1,True,,,,,,,33.41056102570867,POPLAR AVE,29.028949480918747,40.0,7,B,MEMPHIS,SHELBY,47118,29.028949480754488,TDOT state route,state_route_overlap,"state route: 100% overlap, name=POPLAR",POPLAR AVE,False,False,False,TDOT state route
301038869,2025-09-12,2025-09-12 00:22:00,2025,9,Friday,0,35.20825,-90.00381,Possible Injury,Pedestrian,Not Intersection-On Roadway Not In Crosswalk,Non-Junction,Dark-Lighted,Not Collision with Motor Vehicle in Transport,Pedestrian,1,True,,,,,,,2539.4347316623484,WHITNEY AVE,0.1445836923110096,40.0,2,B,MEMPHIS,SHELBY,2757,0.1445836923153812,City of Memphis,city_residual,city: no state-route overlap,WHITNEY AVE,False,False,False,City of Memphis
301038388,2025-09-08,2025-09-08 11:45:00,2025,9,Monday,11,35.106586,-89.89542,Possible Injury,Pedestrian,Intersection-In Crosswalk,Intersection-Related,Daylight,Not Collision with Motor Vehicle in Transport,Pedestrian,1,True,,,,,,,589.6945051060169,PARK AVE,0.2394355724660056,40.0,4,B,MEMPHIS,SHELBY,51567,0.23943557246600564,City of Memphis,city_residual,city: no state-route overlap,PARK AVE,False,False,False,City of Memphis
301039120,2025-09-12,2025-09-12 23:15:00,2025,9,Friday,23,35.071957,-90.058495,Possible Injury,Pedestrian,Not Intersection-Unknown,AccelDecelLane,Dark-Not Lighted,Not Collision with Motor Vehicle in Transport,Pedestrian,1,True,S THIRD ST,Principal Arterial,45.0,7.0,14,6.0,18.038743398136862,S THIRD ST,18.69566105417112,45.0,7,B,MEMPHIS,SHELBY,47482,18.695661053490866,TDOT state route,state_route_overlap,"state route: 100% overlap, name=S THIRD",S THIRD ST,False,False,False,TDOT state route
301037797,2025-09-05,2025-09-05 15:25:00,2025,9,Friday,15,35.199127,-89.9446,Possible Injury,Pedestrian,Intersection-In Crosswalk,Intersection,Daylight,Not Collision with Motor Vehicle in Transport,Pedestrian,1,True,,,,,,,1779.5691499464658,STAGE JAMES RD,0.0572415567240273,45.0,7,B,MEMPHIS,SHELBY,49962,0.057241556727600534,City of Memphis,city_residual,city: no state-route overlap,STAGE JAMES RD,False,False,False,City of Memphis
301037388,2025-09-03,2025-09-03 15:35:00,2025,9,Wednesday,15,35.2081,-89.97567,Possible Injury,Pedestrian,Intersection-In Crosswalk,Intersection,Daylight,Not Collision with Motor Vehicle in Transport,Pedestrian,1,True,,,,,,,4653.263031544003,WHITNEY AVE,0.003440059025238,40.0,4,B,MEMPHIS,SHELBY,2946,0.0034400590252380864,City of Memphis,city_residual,city: no state-route overlap,WHITNEY AVE,False,False,False,City of Memphis
300996345,2025-01-14,2025-01-14 01:05:00,2025,1,Tuesday,1,35.123558,-89.86841,Suspected Serious Injury,Pedestrian,Not Intersection-On Roadway Crosswalk not Available,Non-Junction,Dark-Lighted,Front to Rear,Other,2,True,,,,,,,826.4338425234458,INTERSTATE 240 E,3.1013871209593407,65.0,3,FT,MEMPHIS,SHELBY,39732,3.1013871210227633,Interstate (TDOT),interstate_mainline,interstate: MTFCC S1100,INTERSTATE 240 E,True,False,False,Interstate (TDOT)
301035290,2025-08-18,2025-08-18 14:32:00,2025,8,Monday,14,35.148895,-90.04847,Unknown,Other Non-Motorist,Intersection-Unknown,OtherLocation,Daylight,Not Collision with Motor Vehicle in Transport,Other,1,True,N THIRD ST,Minor Arterial,35.0,3.0,3,6.0,9.448117389995785,N B B KING BLVD,7.644904195725398,35.0,3,FT,MEMPHIS,SHELBY,53242,7.644904195932775,TDOT state route,state_route_overlap,"state route: 100% overlap, name=N B B KING",N B B KING BLVD,False,False,False,TDOT state route
301035667,2025-08-25,2025-08-25 07:35:00,2025,8,Monday,7,35.08577,-89.9109,Possible Injury,Pedestrian,Intersection-On Roadway Crosswalk Not Available,Intersection,Daylight,Not Collision with Motor Vehicle in Transport,Pedestrian,2,True,,,,,,,1951.0915136021013,SEA ISLE RD,0.0171013904512618,30.0,2,B,MEMPHIS,SHELBY,74109,0.017101390481270646,City of Memphis,city_residual,city: no state-route overlap,SEA ISLE RD,False,False,False,City of Memphis
301038185,2025-09-08,2025-09-08 05:30:00,2025,9,Monday,5,35.05026,-89.87318,No Injury,Pedestrian,Unknown,Through Roadway,Dark-Lighted,Other,Other,1,True,,,,,,,2829.0808640840023,WINCHESTER RD,0.1275709966362224,45.0,7,B,MEMPHIS,SHELBY,49427,0.12757100229257545,City of Memphis,city_residual,city: no state-route overlap,WINCHESTER RD,False,False,False,City of Memphis
301035093,2025-08-21,2025-08-21 12:00:00,2025,8,Thursday,12,35.1602,-90.03969,No Injury,Pedestrian,Not Intersection-Other Not On Roadway,Intersection,Daylight,Not Collision with Motor Vehicle in Transport,Other,1,True,,,,,,,264.86289815066084,N SIXTH ST,18.0976808828168,30.0,2,B,MEMPHIS,SHELBY,80655,18.09768088322618,City of Memphis,city_residual,city: no state-route overlap,N SIXTH ST,False,False,False,City of Memphis
301038688,2025-09-10,2025-09-10 13:30:00,2025,9,Wednesday,13,35.19589,-89.80971,Possible Injury,Pedestrian,Intersection-In Crosswalk,Intersection,Daylight,Not Collision with Motor Vehicle in Transport,Pedestrian,1,True,,,,,,,974.647620950297,LAURELCREST DR,21.87696428176276,30.0,2,B,MEMPHIS,SHELBY,29278,21.87696428181745,City of Memphis,city_residual,city: no state-route overlap,LAURELCREST DR,False,False,False,City of Memphis
301037265,2025-09-03,2025-09-03 05:40:00,2025,9,Wednesday,5,35.12847,-89.87194,No Injury,Pedestrian,Not Intersection-Other Not On Roadway,"Driveway, Alley Access, etc",Dawn,Not Collision with Motor Vehicle in Transport,Other,1,True,,,,,,,290.26117287959715,N ANGELA RD,35.11450900113669,30.0,2,B,MEMPHIS,SHELBY,76144,35.11450900224309,City of Memphis,city_residual,city: no state-route overlap,N ANGELA RD,False,False,False,City of Memphis
301037269,2025-08-30,2025-08-30 00:00:00,2025,8,Saturday,99,35.020878,-90.02629,Suspected Serious Injury,Pedestrian,Not Intersection-In Crosswalk,AccelDecelLane,Unknown,Not Collision with Motor Vehicle in Transport,Pedestrian,1,True,E SHELBY DR,Minor Arterial,45.0,5.0,175,6.0,13.08049553139796,E SHELBY DR,8.417620069590336,45.0,5,B,MEMPHIS,SHELBY,49711,8.417620068001625,TDOT state route,state_route_overlap,"state route: 100% overlap, name=E SHELBY",E SHELBY DR,False,False,False,TDOT state route
301035706,2025-08-25,2025-08-25 08:55:00,2025,8,Monday,8,35.125347,-90.05519,Suspected Minor Injury,Pedestrian,Not Intersection-Outside Traffic,Intersection-Related,Daylight,Not Collision with Motor Vehicle in Transport,Other,1,True,S THIRD ST,Minor Arterial,35.0,5.0,14,6.0,26.74802876781674,S B B KING BLVD,27.15220155264964,35.0,5,B,MEMPHIS,SHELBY,53402,27.152201552649633,TDOT state route,state_route_overlap,"state route: 100% overlap, name=S B B KING",S B B KING BLVD,False,False,False,TDOT state route
301038931,2025-09-11,2025-09-11 06:37:00,2025,9,Thursday,6,35.06899,-89.96371,Possible Injury,Pedestrian,Intersection-In Crosswalk,Intersection,Dawn,Not Collision with Motor Vehicle in Transport,Pedestrian,1,True,,,,,,,1409.2061557771303,DEMOCRAT RD,0.0016861312995763,45.0,5,B,MEMPHIS,SHELBY,53710,0.001686131339311541,City of Memphis,city_residual,city: no state-route overlap,DEMOCRAT RD,False,False,False,City of Memphis
301036456,2025-08-29,2025-08-29 07:40:00,2025,8,Friday,7,35.016445,-89.989845,Possible Injury,Pedestrian,Intersection-Not on Roadway,Intersection,Daylight,Not Collision with Motor Vehicle in Transport,Pedestrian,1,True,,,,,,,514.9544779339383,AIRWAYS BLVD,0.1392059626788363,45.0,7,B,MEMPHIS,SHELBY,53447,0.1392059626803928,City of Memphis,city_residual,city: no state-route overlap,AIRWAYS BLVD,False,False,False,City of Memphis
301029586,2025-07-17,2025-07-17 00:16:00,2025,7,Thursday,0,35.152752,-89.951546,Suspected Serious Injury,Pedestrian,Not Intersection-On Roadway Not In Crosswalk,Non-Junction,Dark-Lighted,Not Collision with Motor Vehicle in Transport,Pedestrian,1,True,,,,,,,371.7110853552956,N HOLMES ST,23.85624798519942,35.0,2,B,MEMPHIS,SHELBY,83091,23.85624798519942,City of Memphis,city_residual,city: no state-route overlap,N HOLMES ST,False,False,False,City of Memphis
301038500,2025-09-08,2025-09-08 16:00:00,2025,9,Monday,16,35.165207,-89.861404,Possible Injury,Pedestrian,Intersection-On Roadway Crosswalk Not Available,AccelDecelLane,Daylight,Not Collision with Motor Vehicle in Transport,Pedestrian,1,True,,,,,,,978.034449998758,INTERSTATE 40 E,0.0487716277268189,65.0,4,FT,MEMPHIS,SHELBY,39681,0.048771629014710466,Interstate (TDOT),interstate_mainline,interstate: MTFCC S1100,INTERSTATE 40 E,True,False,False,Interstate (TDOT)
301042568,2025-10-02,2025-10-02 11:30:00,2025,10,Thursday,11,35.13921,-90.019516,Possible Injury,Pedestrian,Intersection-On Roadway Crosswalk availability Unknown,Intersection-Related,Daylight,Not Collision with Motor Vehicle in Transport,Pedestrian,1,True,,,,,,,224.778291877628,N MONTGOMERY ST,0.0324722270946526,30.0,2,B,MEMPHIS,SHELBY,80931,0.032472227259144545,City of Memphis,city_residual,city: no state-route overlap,N MONTGOMERY ST,False,False,False,City of Memphis
301044910,2025-10-16,2025-10-16 18:51:00,2025,10,Thursday,18,35.11567,-89.971756,Possible Injury,Pedestrian,Intersection-Not on Roadway,Intersection,Dawn,Angle,Other,1,True,,,,,,,1160.4270258152897,SOUTHERN AVE,0.148059678445836,35.0,3,B,MEMPHIS,SHELBY,51051,0.14805967845561704,City of Memphis,city_residual,city: no state-route overlap,SOUTHERN AVE,False,False,False,City of Memphis
301043683,2025-09-08,2025-09-08 10:22:00,2025,9,Monday,10,35.00638,-90.025276,Suspected Minor Injury,Pedestrian,Intersection-In Crosswalk,Intersection,Daylight,Not Collision with Motor Vehicle in Transport,Pedestrian,1,True,ELVIS PRESLEY BLVD,Principal Arterial,40.0,5.0,3,3.0,0.3272990056877377,ELVIS PRESLEY BLVD,0.0222494369773176,40.0,5,B,MEMPHIS,SHELBY,46482,0.022249436977308325,TDOT state route,state_route_overlap,"state route: 100% overlap, name=ELVIS PRESLEY",ELVIS PRESLEY BLVD,False,False,False,TDOT state route
301041612,2025-09-25,2025-09-25 18:00:00,2025,9,Thursday,18,35.11603,-89.9412,Suspected Minor Injury,Pedestrian,Intersection-Unknown,Intersection,Daylight,Not Collision with Motor Vehicle in Transport,Pedestrian,1,True,,,,,,,1176.8374166005167,PATTERSON ST,1.163125526570893,30.0,2,B,MEMPHIS,SHELBY,83160,1.1631255265326532,City of Memphis,city_residual,city: no state-route overlap,PATTERSON ST,False,False,False,City of Memphis
300979829,2024-10-14,2024-10-14 00:32:00,2024,10,Monday,0,35.17534,-89.83642,Fatal,Pedestrian,Intersection-On Roadway not in Crosswalk,Non-Junction,Dark-Not Lighted,Front to Rear,Other,1,True,,,,,,,2005.1337079199047,INTERSTATE 40 W,0.3972598566677165,65.0,4,TF,MEMPHIS,SHELBY,39695,0.3972598553935597,Interstate (TDOT),interstate_mainline,interstate: MTFCC S1100,INTERSTATE 40 W,True,False,False,Interstate (TDOT)
301041423,2025-09-26,2025-09-26 14:00:00,2025,9,Friday,14,35.027298,-90.02953,Possible Injury,Pedestrian,Not Intersection-On Roadway Crosswalk not Available,Unknown,Daylight,Not Collision with Motor Vehicle in Transport,Pedestrian,1,True,,,,,,,396.057492659055,HALE RD,31.163187957989145,35.0,2,B,MEMPHIS,SHELBY,72301,31.16318795798718,City of Memphis,city_residual,city: no state-route overlap,HALE RD,False,False,False,City of Memphis
301041424,2025-09-26,2025-09-26 08:34:00,2025,9,Friday,8,35.11543,-90.02773,Fatal,Pedestrian,Not Intersection-On Roadway Not In Crosswalk,Non-Junction,Daylight,Not Collision with Motor Vehicle in Transport,Pedestrian,1,True,,,,,,,553.894085478226,E MCLEMORE AVE,0.0185862455630299,35.0,4,B,MEMPHIS,SHELBY,50962,0.018586245547261734,City of Memphis,city_residual,city: no state-route overlap,E MCLEMORE AVE,False,False,False,City of Memphis
301045294,2025-10-18,2025-10-18 20:19:00,2025,10,Saturday,20,35.106754,-90.02136,Possible Injury,Pedestrian,Intersection-Unknown,Intersection-Related,Dark-Not Lighted,Not Collision with Motor Vehicle in Transport,Pedestrian,1,True,ELVIS PRESLEY BLVD,Minor Arterial,40.0,4.0,3,4.0,19.35026807373949,KERR AVE,14.998917741695848,35.0,3,B,MEMPHIS,SHELBY,5121,14.998917741703277,City of Memphis,city_residual,city: no state-route overlap,KERR AVE,False,False,False,City of Memphis
301043008,2025-10-04,2025-10-04 14:35:00,2025,10,Saturday,14,35.146854,-90.05074,Possible Injury,Pedestrian,Intersection-In Crosswalk,Intersection-Related,Daylight,Not Collision with Motor Vehicle in Transport,Pedestrian,1,True,N SECOND ST,Minor Arterial,35.0,2.0,3,6.0,2.193010750729392,JEFFERSON AVE,0.124207517587769,40.0,3,B,MEMPHIS,SHELBY,3358,0.124207517587769,City of Memphis,city_residual,city: no state-route overlap,JEFFERSON AVE,False,False,True,City of Memphis
301040344,2025-09-20,2025-09-20 05:28:00,2025,9,Saturday,5,35.05225,-89.95168,Possible Injury,Pedestrian,Not Intersection-On Roadway Not In Crosswalk,Intersection-Related,Dark-Not Lighted,Not Collision with Motor Vehicle in Transport,Pedestrian,1,True,,,,,,,1608.6097467407722,NEW TCHULAHOMA RD,0.0288790862327099,45.0,4,B,MEMPHIS,SHELBY,76953,0.028879086233469416,City of Memphis,city_residual,city: no state-route overlap,NEW TCHULAHOMA RD,False,False,False,City of Memphis
301041181,2025-09-24,2025-09-24 12:17:00,2025,9,Wednesday,12,35.149208,-90.051216,Possible Injury,Pedestrian,Not Intersection-On Roadway Crosswalk not Available,Non-Junction,Daylight,Angle,Other,1,True,,,,,,,121.00815732873208,N MAIN ST,0.2032455850049689,0.0,1,N,MEMPHIS,SHELBY,84799,0.2032455850036201,City of Memphis,city_residual,city: no state-route overlap,N MAIN ST,False,False,False,City of Memphis
301044731,2025-10-15,2025-10-15 15:00:00,2025,10,Wednesday,15,35.177223,-89.772156,Possible Injury,Pedestrian,Intersection-In Crosswalk,Intersection,Daylight,Not Collision with Motor Vehicle in Transport,Pedestrian,1,True,,,,,,,1895.0852861941555,DEXTER RD,0.3821585360243487,40.0,4,B,MEMPHIS,SHELBY,70403,0.3821585360130833,City of Memphis,city_residual,city: no state-route overlap,DEXTER RD,False,False,False,City of Memphis
301009099,2025-03-28,2025-03-28 20:21:00,2025,3,Friday,20,35.051848,-89.950757,Fatal,Pedestrian,Not Intersection-On Roadway Not In Crosswalk,AccelDecelLane,Dark-Not Lighted,Not Collision with Motor Vehicle in Transport,Pedestrian,1,True,,,,,,,1527.137309524894,WINCHESTER RD,42.975164230656205,45.0,7,B,MEMPHIS,SHELBY,49322,42.975164230623406,City of Memphis,city_residual,city: no state-route overlap,WINCHESTER RD,False,False,False,City of Memphis
301040976,2025-09-23,2025-09-23 15:23:00,2025,9,Tuesday,15,35.144268,-90.0191,Possible Injury,Pedestrian,Not Intersection-On Roadway Not In Crosswalk,Non-Junction,Daylight,Not Collision with Motor Vehicle in Transport,Pedestrian,1,True,,,,,,,786.4388911869273,POPLAR AVE,0.0651875378609344,40.0,7,B,MEMPHIS,SHELBY,50404,0.0651875384020109,City of Memphis,city_residual,city: no state-route overlap,POPLAR AVE,False,False,False,City of Memphis
301042873,2025-10-03,2025-10-03 16:30:00,2025,10,Friday,16,35.15542,-90.03106,Possible Injury,Pedestrian,Intersection-On Roadway not in Crosswalk,Intersection,Daylight,Not Collision with Motor Vehicle in Transport,Other,1,True,N PARKWAY,Minor Arterial,40.0,2.0,1,7.0,4.204519428126568,N DUNLAP ST,5.8569937838314114,30.0,2,FT,MEMPHIS,SHELBY,84530,5.85699378370729,City of Memphis,city_residual,city: no state-route overlap,N DUNLAP ST,False,False,True,City of Memphis
301043778,2025-10-09,2025-10-09 09:05:00,2025,10,Thursday,9,35.20177,-89.73099,Suspected Minor Injury,Pedestrian,Not Intersection-Outside Traffic,Intersection,Daylight,Not Collision with Motor Vehicle in Transport,Pedestrian,1,True,,,,,,,453.3135650318636,N HOUSTON LEVEE RD,2.5277065841588064,40.0,3,B,MEMPHIS,SHELBY,75180,2.5277065821565703,City of Memphis,city_residual,city: no state-route overlap,N HOUSTON LEVEE RD,False,False,False,City of Memphis
301040384,2025-09-19,2025-09-19 14:51:00,2025,9,Friday,14,35.107742,-89.94052,Suspected Serious Injury,Pedestrian,Intersection-In Crosswalk,Intersection,Daylight,Not Collision with Motor Vehicle in Transport,Pedestrian,1,True,,,,,,,2052.6458342245955,PARK AVE,0.4162444380157968,40.0,5,B,MEMPHIS,SHELBY,51272,0.41624443659699095,City of Memphis,city_residual,city: no state-route overlap,PARK AVE,False,False,False,City of Memphis
301041867,2025-09-29,2025-09-29 08:05:00,2025,9,Monday,8,35.106373,-90.05563,Possible Injury,Pedestrian,Not Intersection-On Roadway Crosswalk not Available,Non-Junction,Daylight,Not Collision with Motor Vehicle in Transport,Pedestrian,1,True,S THIRD ST,Principal Arterial,40.0,4.0,14,6.0,23.14763077746833,S THIRD ST,23.55642930107356,40.0,4,B,MEMPHIS,SHELBY,46929,23.556429301487185,TDOT state route,state_route_overlap,"state route: 100% overlap, name=S THIRD",S THIRD ST,False,False,False,TDOT state route