MstrRecNbrTxt,CollisionDate,CollisionDteTime,YearNmb,Month,DayOfWeek,Hour,Latitude,Longitude,InjuryClass,PersonType,NonMotoristLocation,RelationToJunction,LightCondition,MannerOfCollision,FirstHarmfulEvent,VictimsInCrash,InMemphis,StateRoute_NAME,StateRoute_F_System,StateRoute_SPDLIMIT,StateRoute_LANES,StateRoute_ALTNAME_1,StateRoute_Council_District,DistToStateRoute_m,Street_Name,DistToStreet_m,Street_SPDLIMIT,Street_LANES,Street_ONEWAY,Street_CITY_L,Street_COUNTY_L,Seg_OBJECTID,DistToSeg_m,Ownership,Rule_Fired,Classification_Basis,Matched_Street,is_limited_access,is_override,is_corner_case,Jurisdiction_prev
301040183,2025-09-17,2025-09-17 16:30:00,2025,9,Wednesday,16,35.052525,-89.89914,Suspected Serious Injury,Pedestrian,Intersection-In Crosswalk,Intersection-Related,Daylight,Not Collision with Motor Vehicle in Transport,Pedestrian,1,True,,,,,,,2042.9670857954225,TALL OAKS CIR,25.75252100170217,30.0,2,B,MEMPHIS,SHELBY,9678,25.7525210015449,City of Memphis,city_residual,city: no state-route overlap,TALL OAKS CIR,False,False,False,City of Memphis
301041664,2025-09-28,2025-09-28 05:25:00,2025,9,Sunday,5,35.04951,-89.843796,Suspected Serious Injury,Pedestrian,Intersection-On Roadway not in Crosswalk,Unknown,Dark-Lighted,Not Collision with Motor Vehicle in Transport,Pedestrian,1,True,,,,,,,1280.4231028394186,KIRBY PKWY,0.0872735107580843,45.0,6,B,MEMPHIS,SHELBY,53544,0.08727351075808434,City of Memphis,city_residual,city: no state-route overlap,KIRBY PKWY,False,False,False,City of Memphis
301044563,2025-10-14,2025-10-14 14:55:00,2025,10,Tuesday,14,35.211857,-90.03222,Possible Injury,Pedestrian,Not Intersection-Other Not On Roadway,OtherLocation,Daylight,"Sideswipe, Opposite Direction",Other,1,True,THOMAS ST,,40.0,2.0,3,7.0,1.028504604645451,MARSH AVE,0.0179438465741742,30.0,2,B,MEMPHIS,SHELBY,2674,0.017943849407194692,City of Memphis,city_residual,city: no state-route overlap,MARSH AVE,False,False,False,City of Memphis
301041549,2025-09-27,2025-09-27 08:00:00,2025,9,Saturday,8,35.10576,-89.96588,Possible Injury,Pedestrian,Intersection-On Roadway Crosswalk availability Unknown,Non-Junction,Daylight,Not Collision with Motor Vehicle in Transport,Pedestrian,1,True,,,,,,,1072.2631446070257,HAYNES ST,0.0357901691995943,35.0,2,B,MEMPHIS,SHELBY,82740,0.035790169289135046,City of Memphis,city_residual,city: no state-route overlap,HAYNES ST,False,False,False,City of Memphis
301044028,2025-10-10,2025-10-10 17:40:00,2025,10,Friday,17,35.238167,-89.93071,Possible Injury,Pedestrian,Intersection-Unknown,AccelDecelLane,Daylight,Not Collision with Motor Vehicle in Transport,Pedestrian,1,True,,,,,,,2709.7926375979814,VOLTAIRE AVE,0.1380146852321412,30.0,2,FT,MEMPHIS,SHELBY,7401,0.13801468523396532,City of Memphis,city_residual,city: no state-route overlap,VOLTAIRE AVE,False,False,False,City of Memphis
301043341,2025-10-07,2025-10-07 06:50:00,2025,10,Tuesday,6,35.03771,-90.034676,Possible Injury,Pedestrian,Not Intersection-On Roadway Crosswalk not Available,Non-Junction,Dark-Lighted,Not Collision with Motor Vehicle in Transport,Pedestrian,1,True,,,,,,,868.8472993994704,AUBURN RD,28.86525792882676,35.0,2,B,MEMPHIS,SHELBY,72308,28.865257928794357,City of Memphis,city_residual,city: no state-route overlap,AUBURN RD,False,False,False,City of Memphis
301040416,2025-09-20,2025-09-20 15:50:00,2025,9,Saturday,15,35.128716,-90.02107,Suspected Serious Injury,Pedestrian,Intersection-In Crosswalk,Intersection,Daylight,Not Collision with Motor Vehicle in Transport,Pedestrian,1,True,S BELLEVUE BLVD,Minor Arterial,35.0,4.0,3,6.0,0.7494499111183989,LAMAR AVE,0.1448637063314194,40.0,6,B,MEMPHIS,SHELBY,46751,0.14486370516103783,TDOT state route,state_route_overlap,"state route: 100% overlap, name=LAMAR",LAMAR AVE,False,False,False,TDOT state route
301041927,2025-09-29,2025-09-29 17:57:00,2025,9,Monday,17,35.1495,-89.95806,Possible Injury,Pedestrian,Intersection-Not on Roadway,OtherLocation,Daylight,Not Collision with Motor Vehicle in Transport,Pedestrian,1,True,SUMMER AVE,Principal Arterial,35.0,5.0,1,5.0,1.8559572984471733,SUMMER AVE,6.5094853637963,35.0,5,B,MEMPHIS,SHELBY,48025,6.509485362912496,TDOT state route,state_route_overlap,"state route: 100% overlap, name=SUMMER",SUMMER AVE,False,False,False,TDOT state route
301043079,2025-10-05,2025-10-05 04:20:00,2025,10,Sunday,4,35.034657,-89.82265,No Injury,Pedestrian,Unknown,Through Roadway,Dark-Lighted,Not Collision with Motor Vehicle in Transport,Other,4,True,,,,,,,1622.1717322948932,S GERMANTOWN RD,36.71324685513077,35.0,2,B,MEMPHIS,SHELBY,71519,36.71324685513077,City of Memphis,city_residual,city: no state-route overlap,S GERMANTOWN RD,False,False,False,City of Memphis
301036595,2025-08-29,2025-08-29 20:39:00,2025,8,Friday,20,35.06132,-90.029419,Fatal,Pedestrian,Intersection-On Roadway not in Crosswalk,Non-Junction,Dark-Not Lighted,Not Collision with Motor Vehicle in Transport,Pedestrian,1,True,,,,,,,516.7199710751071,E BROOKS RD,37.94341036100169,45.0,5,B,MEMPHIS,SHELBY,49716,37.943410362141115,City of Memphis,city_residual,city: no state-route overlap,E BROOKS RD,False,False,False,City of Memphis
301040020,2025-09-17,2025-09-17 21:28:00,2025,9,Wednesday,21,35.15216,-89.9513,Possible Injury,Pedestrian,Not Intersection-Bike Path,Non-Junction,Dark-Lighted,Not Collision with Motor Vehicle in Transport,Pedestrian,1,True,,,,,,,305.6768823863827,TUTWILER AVE,0.0391466890137633,35.0,2,B,MEMPHIS,SHELBY,5705,0.03914668476656796,City of Memphis,city_residual,city: no state-route overlap,TUTWILER AVE,False,False,False,City of Memphis
301043431,2025-10-07,2025-10-07 08:02:00,2025,10,Tuesday,8,35.07825,-89.9936,Possible Injury,Pedestrian,Not Intersection-Outside Traffic,Non-Junction,Daylight,Not Collision with Motor Vehicle in Transport,Pedestrian,1,True,,,,,,,2323.666678701968,E ALCY RD,9.162982969480998,40.0,3,B,MEMPHIS,SHELBY,74904,9.162982968478172,City of Memphis,city_residual,city: no state-route overlap,E ALCY RD,False,False,False,City of Memphis
301040476,2025-09-20,2025-09-20 08:05:00,2025,9,Saturday,8,35.16808,-89.93954,No Injury,Pedestrian,Not Intersection-Other Not On Roadway,Intersection,Daylight,Not Collision with Motor Vehicle in Transport,Other,1,True,,,,,,,550.1395581038408,FAIRMONT AVE,19.71856430163896,30.0,2,B,MEMPHIS,SHELBY,5878,19.718564301638956,City of Memphis,city_residual,city: no state-route overlap,FAIRMONT AVE,False,False,False,City of Memphis
301040919,2025-09-23,2025-09-23 17:05:00,2025,9,Tuesday,17,35.09142,-89.906944,No Injury,Pedestrian,Intersection-In Crosswalk,Intersection,Daylight,Not Collision with Motor Vehicle in Transport,Pedestrian,1,True,,,,,,,2531.34989513454,QUINCE RD,0.1497546854362202,40.0,4,B,MEMPHIS,SHELBY,51499,0.14975468543636203,City of Memphis,city_residual,city: no state-route overlap,QUINCE RD,False,False,False,City of Memphis
301023291,2025-06-14,2025-06-14 05:15:00,2025,6,Saturday,5,35.10749,-89.930664,Fatal,Pedestrian,Not Intersection-On Roadway Not In Crosswalk,Non-Junction,Dark-Lighted,Not Collision with Motor Vehicle in Transport,Pedestrian,1,True,,,,,,,1857.8450042654704,PARK AVE,0.4329625577724709,40.0,5,B,MEMPHIS,SHELBY,51342,0.4329625577482393,City of Memphis,city_residual,city: no state-route overlap,PARK AVE,False,False,False,City of Memphis
301046014,2025-10-23,2025-10-23 09:25:00,2025,10,Thursday,9,35.177326,-89.93802,Suspected Minor Injury,Pedestrian,Intersection-On Roadway not in Crosswalk,Intersection,Daylight,Not Collision with Motor Vehicle in Transport,Pedestrian,1,True,JACKSON AVE,Principal Arterial,40.0,6.0,14,7.0,3.1061729446216577,JACKSON AVE,0.1214183796351098,40.0,6,B,MEMPHIS,SHELBY,48246,0.12141837872425626,TDOT state route,state_route_overlap,"state route: 100% overlap, name=JACKSON",JACKSON AVE,False,False,False,TDOT state route
301045971,2025-10-17,2025-10-17 18:30:00,2025,10,Friday,18,35.138756,-90.03589,Possible Injury,Pedestrian,Intersection-In Crosswalk,Intersection,Dark-Lighted,Not Collision with Motor Vehicle in Transport,Pedestrian,1,True,UNION AVE,Principal Arterial,35.0,5.0,3,6.0,4.756497215816589,UNION AVE,0.1755132707713826,35.0,5,B,MEMPHIS,SHELBY,46688,0.1755132721701155,TDOT state route,state_route_overlap,"state route: 100% overlap, name=UNION",UNION AVE,False,False,False,TDOT state route
301045897,2025-10-22,2025-10-22 19:28:00,2025,10,Wednesday,19,35.006374,-90.00265,No Injury,Pedestrian,Not Intersection-Other Not On Roadway,AccelDecelLane,Dark-Lighted,Other,Other,2,True,,,,,,,1630.1982347992075,E HOLMES RD,6.848437545511397,40.0,5,B,MEMPHIS,SHELBY,76261,6.848437543397302,City of Memphis,city_residual,city: no state-route overlap,E HOLMES RD,False,False,False,City of Memphis
301045998,2025-10-21,2025-10-21 15:20:00,2025,10,Tuesday,15,35.199173,-89.94291,Possible Injury,Pedestrian,Not Intersection-On Roadway Crosswalk not Available,Intersection-Related,Daylight,Not Collision with Motor Vehicle in Transport,Pedestrian,1,True,,,,,,,1630.0299942078664,STAGE JAMES RD,2.5006435433226715,45.0,7,B,MEMPHIS,SHELBY,49962,2.5006435428852947,City of Memphis,city_residual,city: no state-route overlap,STAGE JAMES RD,False,False,False,City of Memphis
301046096,2025-10-21,2025-10-21 13:05:00,2025,10,Tuesday,13,35.169518,-89.97556,Possible Injury,Pedestrian,Intersection-On Roadway not in Crosswalk,Intersection,Daylight,Not Collision with Motor Vehicle in Transport,Pedestrian,1,True,,,,,,,1278.4483554440867,N HOLLYWOOD ST,0.2332975921073947,40.0,5,B,MEMPHIS,SHELBY,50743,0.23329759210730466,City of Memphis,city_residual,city: no state-route overlap,N HOLLYWOOD ST,False,False,False,City of Memphis
301049595,2025-11-07,2025-11-07 18:45:00,2025,11,Friday,18,35.182797,-89.871076,Possible Injury,Pedestrian,Intersection-In Crosswalk,Intersection,Dark-Lighted,Not Collision with Motor Vehicle in Transport,Pedestrian,1,True,,,,,,,949.2899377645092,RALEIGH LAGRANGE RD,2.0133679875413506,45.0,2,B,MEMPHIS,SHELBY,51812,2.013367987948802,City of Memphis,city_residual,city: no state-route overlap,RALEIGH LAGRANGE RD,False,False,False,City of Memphis
301049242,2025-11-08,2025-11-08 18:45:00,2025,11,Saturday,18,35.16192,-89.91128,Suspected Serious Injury,Pedestrian,Not Intersection-On Roadway Crosswalk Availability Unknown,Non-Junction,Dark-Lighted,Not Collision with Motor Vehicle in Transport,Pedestrian,1,True,,,,,,,1146.1570188591038,MACON RD,0.0105053108084426,40.0,4,B,MEMPHIS,SHELBY,51426,0.010505313643865713,City of Memphis,city_residual,city: no state-route overlap,MACON RD,False,False,False,City of Memphis
301048242,2025-11-03,2025-11-03 16:19:00,2025,11,Monday,16,35.149467,-89.94452,Suspected Serious Injury,Pedestrian,Not Intersection-On Roadway Not In Crosswalk,Intersection,Daylight,Not Collision with Motor Vehicle in Transport,Pedestrian,1,True,SUMMER AVE,Principal Arterial,40.0,7.0,1,5.0,4.627535045821193,N HIGHLAND ST,0.0123918639376596,40.0,5,B,MEMPHIS,SHELBY,51277,0.012391863937659663,City of Memphis,city_residual,city: no state-route overlap,N HIGHLAND ST,False,False,False,City of Memphis
301034346,2025-08-17,2025-08-17 22:57:00,2025,8,Sunday,22,35.076591,-89.951198,Fatal,Pedestrian,Not Intersection-On Roadway Not In Crosswalk,Non-Junction,Dark-Lighted,Not Collision with Motor Vehicle in Transport,Pedestrian,1,True,LAMAR AVE,Principal Arterial,40.0,7.0,4,4.0,3.632508571363938,AMERICAN WAY,0.0835969782728589,45.0,7,B,MEMPHIS,SHELBY,51744,0.08359697779119936,City of Memphis,city_residual,city: no state-route overlap,AMERICAN WAY,False,False,False,City of Memphis
301035572,2025-08-23,2025-08-23 23:23:00,2025,8,Saturday,23,35.091473,-89.949425,Fatal,Pedestrian,Not Intersection-On Roadway Not In Crosswalk,Non-Junction,Dark-Lighted,Front to Rear,Other,1,True,,,,,,,1267.669577651367,PRESCOTT RD,2.246028777109442,40.0,4,B,MEMPHIS,SHELBY,51161,2.246028777109442,City of Memphis,city_residual,city: no state-route overlap,PRESCOTT RD,False,False,False,City of Memphis
301050826,2025-11-16,2025-11-16 16:30:00,2025,11,Sunday,16,35.1069,-90.02119,Suspected Serious Injury,Pedestrian,Intersection-On Roadway not in Crosswalk,Intersection,Daylight,Not Collision with Motor Vehicle in Transport,Pedestrian,1,True,ELVIS PRESLEY BLVD,Minor Arterial,40.0,4.0,3,4.0,1.141694593306949,KERR AVE,0.0553073224531724,35.0,3,B,MEMPHIS,SHELBY,5121,0.05530732245293784,City of Memphis,city_residual,city: no state-route overlap,KERR AVE,False,False,True,City of Memphis
301048285,2025-11-03,2025-11-03 12:00:00,2025,11,Monday,12,35.148865,-90.04574,Possible Injury,Pedestrian,Not Intersection-On Roadway Crosswalk not Available,Non-Junction,Daylight,Not Collision with Motor Vehicle in Transport,Pedestrian,1,True,,,,,,,207.8913092877068,POPLAR AVE,5.824635259749002,35.0,4,B,MEMPHIS,SHELBY,53265,5.824635260967708,City of Memphis,city_residual,city: no state-route overlap,POPLAR AVE,False,False,False,City of Memphis
301049889,2025-11-12,2025-11-12 15:51:00,2025,11,Wednesday,15,35.135986,-90.0207,Possible Injury,Pedestrian,Intersection-In Crosswalk,Intersection,Daylight,Not Collision with Motor Vehicle in Transport,Pedestrian,1,True,S BELLEVUE BLVD,Major Collector,35.0,4.0,3,6.0,0.4801831011155356,S BELLEVUE BLVD,0.0872319627981699,35.0,4,B,MEMPHIS,SHELBY,46768,0.08723196279811839,TDOT state route,state_route_overlap,"state route: 100% overlap, name=S BELLEVUE",S BELLEVUE BLVD,False,False,False,TDOT state route
301047258,2025-10-29,2025-10-29 15:30:00,2025,10,Wednesday,15,35.13248,-90.01326,Possible Injury,Pedestrian,Intersection-In Crosswalk,Intersection,Daylight,Not Collision with Motor Vehicle in Transport,Other,1,True,,,,,,,447.19837869933457,PEABODY AVE,0.2901394430454418,35.0,4,B,MEMPHIS,SHELBY,3886,0.2901394430649828,City of Memphis,city_residual,city: no state-route overlap,PEABODY AVE,False,False,False,City of Memphis
300980527,2024-10-14,2024-10-14 05:07:00,2024,10,Monday,5,35.136784,-90.04561,Fatal,Pedestrian,Not Intersection-On Roadway Not In Crosswalk,Unknown,Dark-Lighted,Unknown,Other,1,True,DR MARTIN LUTHER KING JR AVE,Minor Arterial,35.0,2.0,208,6.0,5.043685059271308,DR MARTIN LUTHER KING JR AVE,0.4885788997455573,35.0,2,B,MEMPHIS,SHELBY,3392,0.4885788977474506,TDOT state route,state_route_overlap,"state route: 100% overlap, name=DR MARTIN LUTHER KING JR",DR MARTIN LUTHER KING JR AVE,False,False,False,TDOT state route
300990914,2024-12-13,2024-12-13 08:18:00,2024,12,Friday,8,35.116175,-90.060941,Fatal,Pedestrian,Intersection-On Roadway not in Crosswalk,Intersection,Daylight,Not Collision with Motor Vehicle in Transport,Pedestrian,1,True,,,,,,,521.6936250086578,E MCLEMORE AVE,0.2306022915966821,35.0,4,B,MEMPHIS,SHELBY,50830,0.23060228877190422,City of Memphis,city_residual,city: no state-route overlap,E MCLEMORE AVE,False,False,False,City of Memphis
301049708,2025-11-11,2025-11-11 17:51:00,2025,11,Tuesday,17,35.062656,-89.904495,Possible Injury,Pedestrian,Intersection-On Roadway not in Crosswalk,Non-Junction,Dark-Lighted,Not Collision with Motor Vehicle in Transport,Pedestrian,1,True,,,,,,,2236.9060763310704,KNIGHT ARNOLD RD,33.27934439429552,40.0,5,B,MEMPHIS,SHELBY,53317,33.27934439429552,City of Memphis,city_residual,city: no state-route overlap,KNIGHT ARNOLD RD,False,False,False,City of Memphis
301050264,2025-11-14,2025-11-14 14:03:00,2025,11,Friday,14,35.139484,-90.05103,Suspected Minor Injury,Pedestrian,Not Intersection-On Roadway Crosswalk not Available,Non-Junction,Daylight,Not Collision with Motor Vehicle in Transport,Pedestrian,1,True,,,,,,,75.82993527703016,RUFUS THOMAS BLVD,0.1576202011085233,30.0,2,B,MEMPHIS,SHELBY,7933,0.1576202009533977,City of Memphis,city_residual,city: no state-route overlap,RUFUS THOMAS BLVD,False,False,False,City of Memphis
300972137,2024-08-24,2024-08-24 01:00:00,2024,8,Saturday,1,35.151814,-90.04047,Fatal,Pedestrian,Not Intersection-On Roadway Not In Crosswalk,Non-Junction,Dark-Lighted,Not Collision with Motor Vehicle in Transport,Pedestrian,1,True,N DANNY THOMAS BLVD,Principal Arterial,35.0,5.0,1,7.0,1.4394652336138214,40 W TO DANNY THOMAS BLVD,2.0374053611690552,25.0,1,FT,MEMPHIS,SHELBY,36311,2.0374053612956478,Interstate ramp (TDOT),interstate_ramp,interstate ramp: MTFCC S1630,40 W TO DANNY THOMAS BLVD,True,False,False,Interstate ramp
301048401,2025-11-04,2025-11-04 09:14:00,2025,11,Tuesday,9,35.137985,-90.028175,Possible Injury,Pedestrian,Intersection-In Crosswalk,Intersection,Daylight,Not Collision with Motor Vehicle in Transport,Pedestrian,1,True,UNION AVE,Principal Arterial,35.0,6.0,3,6.0,4.528239216543177,UNION AVE,0.0434846282204983,35.0,6,B,MEMPHIS,SHELBY,48512,0.04348462962429036,TDOT state route,state_route_overlap,"state route: 100% overlap, name=UNION",UNION AVE,False,False,False,TDOT state route
300983238,2024-11-02,2024-11-02 23:02:00,2024,11,Saturday,23,35.050297,-89.87499,Fatal,Pedestrian,Intersection-Not on Roadway,Non-Junction,Dark-Lighted,Not Collision with Motor Vehicle in Transport,Pedestrian,1,True,,,,,,,2918.6298902878225,WINCHESTER RD,0.2254515550765765,45.0,7,B,MEMPHIS,SHELBY,49423,0.22545155507638703,City of Memphis,city_residual,city: no state-route overlap,WINCHESTER RD,False,False,False,City of Memphis
301047707,2025-10-31,2025-10-31 20:05:00,2025,10,Friday,20,35.049263,-89.856575,Possible Injury,Pedestrian,Intersection-On Roadway not in Crosswalk,Intersection,Dark-Lighted,Not Collision with Motor Vehicle in Transport,Pedestrian,1,True,,,,,,,2201.683421987338,WINCHESTER RD,53.45553808751156,45.0,7,B,MEMPHIS,SHELBY,49473,53.45553808609959,City of Memphis,city_residual,city: no state-route overlap,WINCHESTER RD,False,False,False,City of Memphis
301046948,2025-10-26,2025-10-26 11:00:00,2025,10,Sunday,11,35.17752,-89.91791,Possible Injury,Pedestrian,Not Intersection-On Roadway Not In Crosswalk,Non-Junction,Daylight,Not Collision with Motor Vehicle in Transport,Pedestrian,1,True,,,,,,,1474.9637706576457,COMBS ST,20.46888057091646,30.0,2,B,MEMPHIS,SHELBY,83429,20.46888057104874,City of Memphis,city_residual,city: no state-route overlap,COMBS ST,False,False,False,City of Memphis
301046854,2025-10-29,2025-10-29 00:40:00,2025,10,Wednesday,0,35.020817,-89.84946,Possible Injury,Pedestrian,Intersection-In Crosswalk,Intersection,Dark-Lighted,Not Collision with Motor Vehicle in Transport,Pedestrian,1,True,,,,,,,42.08015651327057,E SHELBY DR,46.75454249482093,45.0,7,B,MEMPHIS,SHELBY,46444,46.754542496245215,TDOT state route,state_route_overlap,"state route: 100% overlap, name=E SHELBY",E SHELBY DR,False,False,False,TDOT state route
301047066,2025-10-26,2025-10-26 00:40:00,2025,10,Sunday,0,35.02085,-89.96364,Possible Injury,Pedestrian,Not Intersection-On Roadway Not In Crosswalk,Non-Junction,Dark-Lighted,Angle,Other,1,True,E SHELBY DR,Principal Arterial,45.0,6.0,175,3.0,4.939292727594661,E SHELBY DR,0.2546311738656366,45.0,6,B,TENNESSEE AIR NATIONAL GUARD,SHELBY,47833,0.2546311767027763,TDOT state route,state_route_overlap,"state route: 100% overlap, name=E SHELBY",E SHELBY DR,False,False,False,TDOT state route
301047141,2025-10-28,2025-10-28 11:50:00,2025,10,Tuesday,11,35.09177,-89.99178,Suspected Minor Injury,Pedestrian,Not Intersection-Unknown,Unknown,Daylight,Not Collision with Motor Vehicle in Transport,Pedestrian,1,True,,,,,,,1531.8685847038255,DUNN AVE,13.956980706369976,40.0,4,B,MEMPHIS,SHELBY,4548,13.956980706369976,City of Memphis,city_residual,city: no state-route overlap,DUNN AVE,False,False,False,City of Memphis
301049186,2025-11-08,2025-11-08 10:10:00,2025,11,Saturday,10,35.117653,-90.037735,Possible Injury,Pedestrian,Intersection-On Roadway Crosswalk Not Available,Intersection,Daylight,Not Collision with Motor Vehicle in Transport,Pedestrian,1,True,,,,,,,783.037097364704,MISSISSIPPI BLVD,0.1340908847517581,35.0,2,B,MEMPHIS,SHELBY,50924,0.13409088475260839,City of Memphis,city_residual,city: no state-route overlap,MISSISSIPPI BLVD,False,False,False,City of Memphis
301049136,2025-11-07,2025-11-07 18:38:00,2025,11,Friday,18,35.111393,-89.9459,Fatal,Pedestrian,Intersection-On Roadway not in Crosswalk,Non-Junction,Dark-Lighted,Not Collision with Motor Vehicle in Transport,Pedestrian,1,True,,,,,,,1781.5055085456231,S HIGHLAND ST,0.147224942189007,35.0,5,B,MEMPHIS,SHELBY,51213,0.14722494218900706,City of Memphis,city_residual,city: no state-route overlap,S HIGHLAND ST,False,False,False,City of Memphis
301049205,2025-11-07,2025-11-07 21:38:00,2025,11,Friday,21,35.14287,-90.05234,Suspected Serious Injury,Pedestrian,Intersection-In Crosswalk,Intersection-Related,Dark-Lighted,Not Collision with Motor Vehicle in Transport,Pedestrian,1,True,S SECOND ST,Minor Arterial,35.0,3.0,14,6.0,1.2370596699670575,UNION AVE,0.1895047993466127,30.0,4,B,MEMPHIS,SHELBY,7487,0.1895047993574826,City of Memphis,city_residual,city: no state-route overlap,UNION AVE,False,False,False,City of Memphis
301050734,2025-11-14,2025-11-14 16:39:00,2025,11,Friday,16,35.124313,-89.88987,Suspected Minor Injury,Pedestrian,Intersection-On Roadway not in Crosswalk,Intersection,Daylight,Not Collision with Motor Vehicle in Transport,Pedestrian,1,True,,,,,,,690.8556931501563,SHADY GROVE RD,1.285809754380217,30.0,2,B,MEMPHIS,SHELBY,74415,1.285809754380217,City of Memphis,city_residual,city: no state-route overlap,SHADY GROVE RD,False,False,False,City of Memphis
301048196,2025-11-03,2025-11-03 07:00:00,2025,11,Monday,7,35.03538,-90.03478,Possible Injury,Pedestrian,Intersection-In Crosswalk,Intersection,Daylight,Not Collision with Motor Vehicle in Transport,Pedestrian,1,True,,,,,,,877.4587800155003,E RAINES RD,8.95334605437368,40.0,5,B,MEMPHIS,SHELBY,49707,8.953346053139814,City of Memphis,city_residual,city: no state-route overlap,E RAINES RD,False,False,False,City of Memphis
301047505,2025-10-29,2025-10-29 18:40:00,2025,10,Wednesday,18,35.156963,-90.03228,Suspected Minor Injury,Pedestrian,Intersection-On Roadway Crosswalk availability Unknown,Intersection,Dark-Not Lighted,Not Collision with Motor Vehicle in Transport,Pedestrian,1,True,JACKSON AVE,Principal Arterial,35.0,4.0,14,7.0,6.103405584119004,JACKSON AVE,1.477762250655115,35.0,4,B,MEMPHIS,SHELBY,46707,1.4777622506551147,TDOT state route,state_route_overlap,"state route: 100% overlap, name=JACKSON",JACKSON AVE,False,False,False,TDOT state route
301049590,2025-11-11,2025-11-11 04:15:00,2025,11,Tuesday,4,35.107513,-90.05178,Possible Injury,Pedestrian,Intersection-On Roadway not in Crosswalk,Intersection,Dark-Lighted,Not Collision with Motor Vehicle in Transport,Pedestrian,1,True,,,,,,,324.02188492390155,S PARKWAY E,0.0567484636887289,35.0,4,B,MEMPHIS,SHELBY,50846,0.056748465102478066,City of Memphis,city_residual,city: no state-route overlap,S PARKWAY E,False,False,False,City of Memphis
301055054,2025-12-10,2025-12-10 12:10:00,2025,12,Wednesday,12,35.20884,-90.023155,Suspected Serious Injury,Pedestrian,Intersection-In Crosswalk,Intersection-Related,Daylight,Not Collision with Motor Vehicle in Transport,Pedestrian,1,True,,,,,,,870.6858797411127,BASKIN ST,59.03245504262231,35.0,2,B,MEMPHIS,SHELBY,79801,59.032455042624356,City of Memphis,city_residual,city: no state-route overlap,BASKIN ST,False,False,False,City of Memphis
301053102,2025-11-30,2025-11-30 00:00:00,2025,11,Sunday,99,35.244102,-90.00605,Suspected Serious Injury,Pedestrian,Intersection-On Roadway Crosswalk Not Available,Unknown,Unknown,Not Collision with Motor Vehicle in Transport,Pedestrian,1,True,,,,,,,101.57246472121548,MILLINGTON RD,64.14864923770908,30.0,2,B,MEMPHIS,SHELBY,72561,64.14864923890444,City of Memphis,city_residual,city: no state-route overlap,MILLINGTON RD,False,False,False,City of Memphis
301054792,2025-12-09,2025-12-09 07:40:00,2025,12,Tuesday,7,35.142853,-90.002884,Possible Injury,Pedestrian,Intersection-In Crosswalk,Intersection,Daylight,Not Collision with Motor Vehicle in Transport,Pedestrian,1,True,,,,,,,805.8491113900137,POPLAR AVE,0.1000066193797367,40.0,7,B,MEMPHIS,SHELBY,50551,0.10000661939421589,City of Memphis,city_residual,city: no state-route overlap,POPLAR AVE,False,False,False,City of Memphis
301053374,2025-12-01,2025-12-01 17:28:00,2025,12,Monday,17,35.2211,-89.929474,Possible Injury,Pedestrian,Not Intersection-On Roadway Crosswalk not Available,AccelDecelLane,Unknown,Not Collision with Motor Vehicle in Transport,Pedestrian,1,True,,,,,,,1426.1669706298355,FRAYSER RALEIGH RD,24.50095981989884,45.0,5,B,MEMPHIS,SHELBY,53510,24.50095982179689,City of Memphis,city_residual,city: no state-route overlap,FRAYSER RALEIGH RD,False,False,False,City of Memphis
301053116,2025-11-30,2025-11-30 11:40:00,2025,11,Sunday,11,35.091557,-89.94945,Suspected Serious Injury,Pedestrian,Not Intersection-On Roadway Crosswalk not Available,AccelDecelLane,Daylight,Not Collision with Motor Vehicle in Transport,Pedestrian,1,True,,,,,,,1272.5890606959636,PRESCOTT RD,0.3275304426007479,40.0,4,B,MEMPHIS,SHELBY,51162,0.32753044260074793,City of Memphis,city_residual,city: no state-route overlap,PRESCOTT RD,False,False,False,City of Memphis
301055942,2025-12-15,2025-12-15 17:58:00,2025,12,Monday,17,35.068726,-89.90512,Possible Injury,Pedestrian,Intersection-On Roadway not in Crosswalk,Intersection,Dark-Not Lighted,Not Collision with Motor Vehicle in Transport,Pedestrian,1,True,,,,,,,2463.625038831188,S PERKINS RD,40.05020854762877,40.0,7,B,MEMPHIS,SHELBY,49378,40.05020854762877,City of Memphis,city_residual,city: no state-route overlap,S PERKINS RD,False,False,False,City of Memphis