MstrRecNbrTxt,CollisionDate,CollisionDteTime,YearNmb,Month,DayOfWeek,Hour,Latitude,Longitude,InjuryClass,PersonType,NonMotoristLocation,RelationToJunction,LightCondition,MannerOfCollision,FirstHarmfulEvent,VictimsInCrash,InMemphis,StateRoute_NAME,StateRoute_F_System,StateRoute_SPDLIMIT,StateRoute_LANES,StateRoute_ALTNAME_1,StateRoute_Council_District,DistToStateRoute_m,Street_Name,DistToStreet_m,Street_SPDLIMIT,Street_LANES,Street_ONEWAY,Street_CITY_L,Street_COUNTY_L,Seg_OBJECTID,DistToSeg_m,Ownership,Rule_Fired,Classification_Basis,Matched_Street,is_limited_access,is_override,is_corner_case,Jurisdiction_prev
301051885,2025-11-22,2025-11-22 19:39:00,2025,11,Saturday,19,35.026104,-90.00752,Possible Injury,Pedestrian,Not Intersection-On Roadway Crosswalk not Available,Non-Junction,Dark-Lighted,Not Collision with Motor Vehicle in Transport,Pedestrian,1,True,,,,,,,558.7885860595349,MILLBRANCH RD,0.1667474421143183,40.0,4,B,MEMPHIS,SHELBY,49773,0.16674744211650358,City of Memphis,city_residual,city: no state-route overlap,MILLBRANCH RD,False,False,False,City of Memphis
301054838,2025-12-09,2025-12-09 10:44:00,2025,12,Tuesday,10,35.217407,-89.90965,Unknown,Pedestrian,Intersection-Unknown,Intersection-Related,Daylight,Not Collision with Motor Vehicle in Transport,Pedestrian,1,True,,,,,,,231.78322581514493,RALEIGH SPRINGS MALL,80.54150277050167,0.0,2,N,MEMPHIS,SHELBY,48708,80.54150277050167,City of Memphis,city_residual,city: no state-route overlap,RALEIGH SPRINGS MALL,False,False,False,City of Memphis
301052715,2025-11-26,2025-11-26 18:44:00,2025,11,Wednesday,18,35.162853,-89.99218,Possible Injury,Pedestrian,Intersection-On Roadway Crosswalk Not Available,Intersection,Dark-Lighted,Not Collision with Motor Vehicle in Transport,Pedestrian,1,True,,,,,,,318.516566317691,VOLLINTINE AVE,0.0444680774499757,35.0,4,B,MEMPHIS,SHELBY,50644,0.044468080080535814,City of Memphis,city_residual,city: no state-route overlap,VOLLINTINE AVE,False,False,False,City of Memphis
301051736,2025-11-20,2025-11-20 20:58:00,2025,11,Thursday,20,35.13824,-90.05052,Possible Injury,Pedestrian,Intersection-On Roadway not in Crosswalk,Non-Junction,Dark-Lighted,Not Collision with Motor Vehicle in Transport,Pedestrian,2,True,,,,,,,101.88966782430988,FEDEX FORUM ALY,75.9306446627057,30.0,2,B,MEMPHIS,SHELBY,1140,75.93064466212051,City of Memphis,city_residual,city: no state-route overlap,FEDEX FORUM ALY,False,False,False,City of Memphis
301054304,2025-12-06,2025-12-06 10:50:00,2025,12,Saturday,10,35.158146,-90.01175,Possible Injury,Pedestrian,Intersection-On Roadway Crosswalk availability Unknown,Intersection,Daylight,Not Collision with Motor Vehicle in Transport,Pedestrian,1,True,JACKSON AVE,Principal Arterial,40.0,5.0,14,7.0,4.397293083397609,N WATKINS ST,0.0415406591007318,40.0,4,B,MEMPHIS,SHELBY,50486,0.04154065987310824,City of Memphis,city_residual,city: no state-route overlap,N WATKINS ST,False,False,True,City of Memphis
301053991,2025-12-04,2025-12-04 15:40:00,2025,12,Thursday,15,35.054268,-90.024994,Suspected Serious Injury,Pedestrian,Intersection-On Roadway not in Crosswalk,Intersection-Related,Daylight,Not Collision with Motor Vehicle in Transport,Pedestrian,1,True,ELVIS PRESLEY BLVD,Principal Arterial,40.0,6.0,3,6.0,0.425799266395344,ELVIS PRESLEY BLVD,0.028561616166333,40.0,7,B,MEMPHIS,SHELBY,46508,0.028561616166333032,TDOT state route,state_route_overlap,"state route: 100% overlap, name=ELVIS PRESLEY",ELVIS PRESLEY BLVD,False,False,False,TDOT state route
301023499,2025-06-15,2025-06-15 01:30:00,2025,6,Sunday,1,35.065025,-89.92737,Suspected Minor Injury,Pedestrian,Intersection-On Roadway not in Crosswalk,Intersection,Dark-Lighted,Not Collision with Motor Vehicle in Transport,Pedestrian,1,True,,,,,,,450.680493857023,ASHWOOD ST,25.12766016040288,30.0,2,B,MEMPHIS,SHELBY,79267,25.12766016039285,City of Memphis,city_residual,city: no state-route overlap,ASHWOOD ST,False,False,False,City of Memphis
301051473,2025-11-20,2025-11-20 18:47:00,2025,11,Thursday,18,35.220684,-89.89256,Suspected Serious Injury,Pedestrian,Not Intersection-On Roadway Not In Crosswalk,AccelDecelLane,Dark-Lighted,Not Collision with Motor Vehicle in Transport,Pedestrian,1,True,,,,,,,151.08598569891006,YALE RD,39.21078189519552,40.0,5,B,MEMPHIS,SHELBY,50048,39.210781893634675,City of Memphis,city_residual,city: no state-route overlap,YALE RD,False,False,False,City of Memphis
301052724,2025-11-24,2025-11-24 17:10:00,2025,11,Monday,17,35.202858,-89.762054,Possible Injury,Pedestrian,Not Intersection-Other Not On Roadway,Non-Junction,Dark-Lighted,Angle,Other,1,True,,,,,,,168.46717951698878,FLETCHER PARK CIR N,124.87559417024173,30.0,2,B,MEMPHIS,SHELBY,9045,124.87559417308071,City of Memphis,city_residual,city: no state-route overlap,FLETCHER PARK CIR N,False,False,False,City of Memphis
301052173,2025-11-24,2025-11-24 14:25:00,2025,11,Monday,14,35.09104,-89.97626,No Injury,Pedestrian,Unknown,Non-Junction,Daylight,Angle,Other,1,True,,,,,,,715.5656292122251,DUNN AVE,21.009741885667435,35.0,2,B,MEMPHIS,SHELBY,5313,21.009741885273865,City of Memphis,city_residual,city: no state-route overlap,DUNN AVE,False,False,False,City of Memphis
301054243,2025-12-05,2025-12-05 15:30:00,2025,12,Friday,15,35.225365,-90.0149,Suspected Serious Injury,Pedestrian,Intersection-On Roadway not in Crosswalk,Intersection,Daylight,Not Collision with Motor Vehicle in Transport,Pedestrian,1,True,,,,,,,629.7389747528028,CORNING AVE,0.2129519239072554,35.0,2,B,MEMPHIS,SHELBY,2749,0.21295192390725548,City of Memphis,city_residual,city: no state-route overlap,CORNING AVE,False,False,False,City of Memphis
301055168,2025-12-10,2025-12-10 14:29:00,2025,12,Wednesday,14,35.14758,-89.972,Possible Injury,Pedestrian,Intersection-In Crosswalk,Intersection,Daylight,Not Collision with Motor Vehicle in Transport,Pedestrian,1,True,,,,,,,279.67648448893686,COLLINS ST,1.2566559655302014,35.0,2,B,MEMPHIS,SHELBY,81801,1.256655965059141,City of Memphis,city_residual,city: no state-route overlap,COLLINS ST,False,False,False,City of Memphis
301052190,2025-11-24,2025-11-24 18:09:00,2025,11,Monday,18,35.149635,-89.95802,Possible Injury,Pedestrian,Intersection-On Roadway not in Crosswalk,Intersection,Dark-Lighted,Not Collision with Motor Vehicle in Transport,Pedestrian,1,True,SUMMER AVE,Principal Arterial,35.0,5.0,1,5.0,16.923693785407977,BALTIC ST,11.503498400911225,30.0,2,B,MEMPHIS,SHELBY,82944,11.503498400884375,City of Memphis,city_residual,city: no state-route overlap,BALTIC ST,False,False,False,City of Memphis
300990561,2024-12-11,2024-12-11 12:05:00,2024,12,Wednesday,12,35.086437,-90.052216,Fatal,Pedestrian,Not Intersection-On Roadway Not In Crosswalk,Intersection-Related,Daylight,Not Collision with Motor Vehicle in Transport,Pedestrian,1,True,,,,,,,415.73070348688645,LATHAM ST,0.2814068173005307,35.0,2,B,MEMPHIS,SHELBY,82079,0.28140681690233077,City of Memphis,city_residual,city: no state-route overlap,LATHAM ST,False,False,False,City of Memphis
301054684,2025-12-08,2025-12-08 17:36:00,2025,12,Monday,17,35.048786,-89.85183,Possible Injury,Pedestrian,Not Intersection-On Roadway Not In Crosswalk,AccelDecelLane,Dark-Lighted,Not Collision with Motor Vehicle in Transport,Pedestrian,2,True,,,,,,,1878.533825088265,SALMON DR,27.631439537848127,30.0,2,B,MEMPHIS,SHELBY,33591,27.631439537848127,City of Memphis,city_residual,city: no state-route overlap,SALMON DR,False,False,False,City of Memphis
301056323,2025-12-17,2025-12-17 15:45:00,2025,12,Wednesday,15,35.132732,-90.02082,Possible Injury,Pedestrian,Intersection-In Crosswalk,Intersection,Daylight,Not Collision with Motor Vehicle in Transport,Pedestrian,1,True,S BELLEVUE BLVD,Major Collector,35.0,4.0,3,6.0,0.1742711630789571,S BELLEVUE BLVD,0.0716067147942029,35.0,4,B,MEMPHIS,SHELBY,46757,0.071606714788018,TDOT state route,state_route_overlap,"state route: 100% overlap, name=S BELLEVUE",S BELLEVUE BLVD,False,False,False,TDOT state route
301051801,2025-11-21,2025-11-21 08:44:00,2025,11,Friday,8,35.211243,-90.003685,Possible Injury,Pedestrian,Intersection-Unknown,Unknown,Daylight,HeadOn,Other,1,True,,,,,,,2357.6745700996944,WARNER DR,0.1296279321524308,30.0,2,B,MEMPHIS,SHELBY,27789,0.1296279348889834,City of Memphis,city_residual,city: no state-route overlap,WARNER DR,False,False,False,City of Memphis
301051244,2025-11-19,2025-11-19 18:50:00,2025,11,Wednesday,18,35.059425,-89.933105,Possible Injury,Pedestrian,Not Intersection-Other Not On Roadway,OtherLocation,Dark-Lighted,Not Collision with Motor Vehicle in Transport,Pedestrian,1,True,,,,,,,133.6929838283648,OLD GETWELL RD,40.34343827509495,30.0,2,B,MEMPHIS,SHELBY,71148,40.3434382748865,City of Memphis,city_residual,city: no state-route overlap,OLD GETWELL RD,False,False,False,City of Memphis
301053066,2025-11-29,2025-11-29 23:30:00,2025,11,Saturday,23,35.10252,-89.95032,No Injury,Pedestrian,Not Intersection-Other Not On Roadway,"Driveway, Alley Access, etc",Dark-Lighted,Not Collision with Motor Vehicle in Transport,Other,1,True,,,,,,,1945.1364967941704,HOSKINS RD,17.26555604101102,30.0,2,B,MEMPHIS,SHELBY,73603,17.26555604101102,City of Memphis,city_residual,city: no state-route overlap,HOSKINS RD,False,False,False,City of Memphis
301051261,2025-11-17,2025-11-17 14:00:00,2025,11,Monday,14,35.21121,-89.92298,Possible Injury,Pedestrian,Intersection-On Roadway Crosswalk Not Available,Intersection-Related,Daylight,Not Collision with Motor Vehicle in Transport,Pedestrian,1,True,,,,,,,276.8811528258113,JONES RD,0.127026207121919,30.0,2,B,MEMPHIS,SHELBY,72795,0.1270262058897131,City of Memphis,city_residual,city: no state-route overlap,JONES RD,False,False,False,City of Memphis
301044384,2025-10-12,2025-10-12 19:54:00,2025,10,Sunday,19,35.176033,-90.02306,Suspected Minor Injury,Pedestrian,Intersection-On Roadway Crosswalk Not Available,Through Roadway,Dark-Not Lighted,Not Collision with Motor Vehicle in Transport,Pedestrian,1,True,,,,,,,1162.51507400213,DECATUR ST,10.18765302375684,30.0,2,B,MEMPHIS,SHELBY,80924,10.187653023756841,City of Memphis,city_residual,city: no state-route overlap,DECATUR ST,False,False,False,City of Memphis
301057693,2025-12-25,2025-12-25 20:05:00,2025,12,Thursday,20,35.074375,-89.87543,Possible Injury,Pedestrian,Intersection-On Roadway not in Crosswalk,Non-Junction,Dark-Lighted,Not Collision with Motor Vehicle in Transport,Pedestrian,1,True,,,,,,,577.3385761279059,CLARKE RD,0.091267804244994,35.0,2,B,MEMPHIS,SHELBY,76955,0.09126780424499407,City of Memphis,city_residual,city: no state-route overlap,CLARKE RD,False,False,False,City of Memphis
301059757,2026-01-08,2026-01-08 15:21:00,2026,1,Thursday,15,35.145103,-90.04395,Possible Injury,Pedestrian,Intersection-On Roadway not in Crosswalk,Intersection,Daylight,Not Collision with Motor Vehicle in Transport,Pedestrian,1,True,N DANNY THOMAS BLVD,Principal Arterial,35.0,3.0,1,6.0,1.369576209314214,N DANNY THOMAS BLVD,0.0428306218477812,35.0,3,TF,MEMPHIS,SHELBY,48015,0.0428306218302418,TDOT state route,state_route_overlap,"state route: 100% overlap, name=N DANNY THOMAS",N DANNY THOMAS BLVD,False,False,False,TDOT state route
301058874,2026-01-03,2026-01-03 19:20:00,2026,1,Saturday,19,35.161633,-89.86254,Possible Injury,Pedestrian,Intersection-On Roadway Crosswalk availability Unknown,Non-Junction,Dark-Lighted,Not Collision with Motor Vehicle in Transport,Pedestrian,1,True,,,,,,,1151.9374848231128,MCREE ST,57.83666484311473,30.0,2,B,MEMPHIS,SHELBY,83569,57.83666484309845,City of Memphis,city_residual,city: no state-route overlap,MCREE ST,False,False,False,City of Memphis
301057361,2025-12-22,2025-12-22 20:30:00,2025,12,Monday,20,35.06371,-90.05863,Suspected Serious Injury,Pedestrian,Intersection-On Roadway not in Crosswalk,Intersection,Dawn,Not Collision with Motor Vehicle in Transport,Pedestrian,1,True,,,,,,,46.75505919959004,S THIRD ST,46.11878776052481,45.0,7,B,MEMPHIS,SHELBY,46476,46.118787760433634,TDOT state route,state_route_overlap,"state route: 100% overlap, name=S THIRD",S THIRD ST,False,False,False,TDOT state route
301057976,2025-12-27,2025-12-27 19:10:00,2025,12,Saturday,19,35.148262,-90.043564,Possible Injury,Pedestrian,Intersection-In Crosswalk,Intersection-Related,Dark-Lighted,Not Collision with Motor Vehicle in Transport,Pedestrian,1,True,N DANNY THOMAS BLVD,Principal Arterial,35.0,7.0,1,7.0,1.328284308579525,POPLAR AVE,0.0340223561611594,35.0,5,B,MEMPHIS,SHELBY,50319,0.034022353455072075,City of Memphis,city_residual,city: no state-route overlap,POPLAR AVE,False,False,False,City of Memphis
301057091,2025-12-21,2025-12-21 18:10:00,2025,12,Sunday,18,35.143856,-90.03177,Suspected Serious Injury,Pedestrian,Intersection-Not on Roadway,Unknown,Dark-Lighted,Not Collision with Motor Vehicle in Transport,Pedestrian,1,True,,,,,,,599.7343869243509,ADAMS AVE,45.11226208977105,30.0,2,B,MEMPHIS,SHELBY,3598,45.11226208998055,City of Memphis,city_residual,city: no state-route overlap,ADAMS AVE,False,False,False,City of Memphis
301008385,2025-03-25,2025-03-25 15:35:00,2025,3,Tuesday,15,35.137856,-90.001114,Fatal,Pedestrian,Not Intersection-Adjacent to Roadway,Intersection-Related,Daylight,Not Collision with Motor Vehicle in Transport,Pedestrian,1,True,,,,,,,277.5347872194653,MADISON AVE,0.2386111766583289,35.0,3,B,MEMPHIS,SHELBY,53393,0.23861117805337212,City of Memphis,city_residual,city: no state-route overlap,MADISON AVE,False,False,False,City of Memphis
301057712,2025-12-26,2025-12-26 02:00:00,2025,12,Friday,2,35.119633,-89.99188,Possible Injury,Pedestrian,Not Intersection-On Roadway Crosswalk Availability Unknown,Intersection-Related,Dark-Lighted,Not Collision with Motor Vehicle in Transport,Pedestrian,1,True,,,,,,,683.9435341279808,YOUNG AVE,0.6066220346394309,35.0,2,B,MEMPHIS,SHELBY,4248,0.6066220333926412,City of Memphis,city_residual,city: no state-route overlap,YOUNG AVE,False,False,False,City of Memphis
301058917,2026-01-02,2026-01-02 00:20:00,2026,1,Friday,0,35.13988,-90.02668,No Injury,Pedestrian,Intersection-On Roadway not in Crosswalk,Intersection,Dark-Lighted,Not Collision with Motor Vehicle in Transport,Pedestrian,1,True,,,,,,,220.96133626448508,MADISON AVE,0.0415823784068843,35.0,5,B,MEMPHIS,SHELBY,52640,0.041582378410682484,City of Memphis,city_residual,city: no state-route overlap,MADISON AVE,False,False,False,City of Memphis
301058919,2026-01-03,2026-01-03 23:42:00,2026,1,Saturday,23,35.1548,-89.886604,Possible Injury,Pedestrian,Intersection-In Crosswalk,Entrance/Exit Ramp Related,Dark-Lighted,Not Collision with Motor Vehicle in Transport,Pedestrian,1,True,SUMMER AVE,Principal Arterial,40.0,5.0,1,5.0,10.05991929735954,SUMMER AVE,6.777529503128716,40.0,5,B,MEMPHIS,SHELBY,48494,6.777529503128716,TDOT state route,state_route_overlap,"state route: 100% overlap, name=SUMMER",SUMMER AVE,False,False,False,TDOT state route
301061600,2026-01-20,2026-01-20 17:24:00,2026,1,Tuesday,17,35.036057,-90.069336,Possible Injury,Pedestrian,Intersection-On Roadway not in Crosswalk,Intersection,Dark-Lighted,Unknown,Other,1,True,,,,,,,230.14774801121115,HORN LAKE RD,49.92814757589501,40.0,5,B,MEMPHIS,SHELBY,49623,49.92814757602955,City of Memphis,city_residual,city: no state-route overlap,HORN LAKE RD,False,False,False,City of Memphis
301060621,2026-01-14,2026-01-14 04:36:00,2026,1,Wednesday,4,35.1033,-89.992615,Unknown,Pedestrian,Not Intersection-Unknown,Unknown,Dark-Lighted,Not Collision with Motor Vehicle in Transport,Pedestrian,1,True,,,,,,,628.7991021254628,S COOPER ST,4.463174311503812,30.0,2,B,MEMPHIS,SHELBY,81466,4.463174311503812,City of Memphis,city_residual,city: no state-route overlap,S COOPER ST,False,False,False,City of Memphis
301059376,2026-01-06,2026-01-06 12:20:00,2026,1,Tuesday,12,35.02266,-89.9345,Possible Injury,Pedestrian,Intersection-On Roadway Crosswalk Not Available,Intersection-Related,Daylight,Not Collision with Motor Vehicle in Transport,Pedestrian,1,True,,,,,,,220.19528416508896,GETWELL RD,221.0201007040326,45.0,7,B,MEMPHIS,SHELBY,46409,221.02010070400468,TDOT state route,state_route_overlap,"state route: 100% overlap, name=GETWELL",GETWELL RD,False,False,False,TDOT state route
301058765,2026-01-02,2026-01-02 17:30:00,2026,1,Friday,17,35.046204,-89.79473,Possible Injury,Pedestrian,Not Intersection-On Roadway Not In Crosswalk,AccelDecelLane,Dark-Lighted,Not Collision with Motor Vehicle in Transport,Pedestrian,1,True,,,,,,,1237.583387800595,HACKS CROSS RD,111.0290798299282,45.0,7,B,MEMPHIS,SHELBY,48999,111.0290798299276,City of Memphis,city_residual,city: no state-route overlap,HACKS CROSS RD,False,False,False,City of Memphis
301058414,2025-12-20,2025-12-20 18:55:00,2025,12,Saturday,18,35.242894,-89.920229,Fatal,Pedestrian,Not Intersection-On Roadway Crosswalk not Available,Non-Junction,Dark-Lighted,Not Collision with Motor Vehicle in Transport,Pedestrian,1,True,,,,,,,2302.057528259747,EGYPT CENTRAL RD,10.970365448620266,45.0,2,B,MEMPHIS,SHELBY,52822,10.970365444644424,City of Memphis,city_residual,city: no state-route overlap,EGYPT CENTRAL RD,False,False,False,City of Memphis
301057473,2025-12-23,2025-12-23 17:33:00,2025,12,Tuesday,17,35.213696,-90.00357,Possible Injury,Pedestrian,Not Intersection-On Roadway Not In Crosswalk,AccelDecelLane,Dark-Lighted,Not Collision with Motor Vehicle in Transport,Pedestrian,1,True,,,,,,,2210.5469718750846,N WATKINS ST,0.0753573519701759,40.0,5,B,MEMPHIS,SHELBY,49876,0.07535735185654503,City of Memphis,city_residual,city: no state-route overlap,N WATKINS ST,False,False,False,City of Memphis
301059414,2026-01-05,2026-01-05 19:17:00,2026,1,Monday,19,35.163197,-89.85637,Possible Injury,Pedestrian,Intersection-On Roadway not in Crosswalk,Non-Junction,Dawn,Not Collision with Motor Vehicle in Transport,Pedestrian,1,True,,,,,,,1473.0893962146793,GILLHAM DR,4.679930073677575,30.0,2,B,MEMPHIS,SHELBY,28700,4.679930073677575,City of Memphis,city_residual,city: no state-route overlap,GILLHAM DR,False,False,False,City of Memphis
301057899,2025-12-27,2025-12-27 17:20:00,2025,12,Saturday,17,35.035698,-90.007935,Suspected Serious Injury,Pedestrian,Not Intersection-On Roadway Crosswalk not Available,Non-Junction,Dark-Lighted,Not Collision with Motor Vehicle in Transport,Pedestrian,1,True,,,,,,,1571.8742536356538,E RAINES RD,13.038280696179024,40.0,5,B,MEMPHIS,SHELBY,49751,13.03828069950944,City of Memphis,city_residual,city: no state-route overlap,E RAINES RD,False,False,False,City of Memphis
301057002,2025-12-20,2025-12-20 22:00:00,2025,12,Saturday,22,35.20964,-90.02685,Possible Injury,Pedestrian,Intersection-On Roadway Crosswalk Not Available,Intersection,Dark-Unknown Lighting,Not Collision with Motor Vehicle in Transport,Pedestrian,1,True,,,,,,,524.1460561349512,WHITNEY AVE,8.790298471121643,45.0,2,B,MEMPHIS,SHELBY,2689,8.790298471121643,City of Memphis,city_residual,city: no state-route overlap,WHITNEY AVE,False,False,False,City of Memphis
301061277,2026-01-18,2026-01-18 13:08:00,2026,1,Sunday,13,35.139084,-89.785225,Possible Injury,Pedestrian,Intersection-On Roadway Crosswalk Not Available,Non-Junction,Daylight,Not Collision with Motor Vehicle in Transport,Pedestrian,1,True,,,,,,,959.8112879779392,N WALNUT BEND RD,52.431410590042,30.0,2,B,MEMPHIS,SHELBY,70326,52.43141059094131,City of Memphis,city_residual,city: no state-route overlap,N WALNUT BEND RD,False,False,False,City of Memphis
301056819,2025-12-19,2025-12-19 17:45:00,2025,12,Friday,17,35.103554,-89.98652,Suspected Minor Injury,Pedestrian,Intersection-In Crosswalk,Intersection,Daylight,Not Collision with Motor Vehicle in Transport,Pedestrian,1,True,,,,,,,207.70878720144813,AIRWAYS BLVD,25.586255822290404,40.0,7,B,MEMPHIS,SHELBY,53409,25.586255822605406,City of Memphis,city_residual,city: no state-route overlap,AIRWAYS BLVD,False,False,False,City of Memphis
301061287,2026-01-17,2026-01-17 19:00:00,2026,1,Saturday,19,35.09897,-89.86536,Possible Injury,Pedestrian,Intersection-On Roadway Crosswalk availability Unknown,Intersection,Dark-Lighted,Not Collision with Motor Vehicle in Transport,Pedestrian,1,True,,,,,,,365.9550049971848,JULIAN CT,62.70102470326621,30.0,2,B,MEMPHIS,SHELBY,11058,62.70102470326621,City of Memphis,city_residual,city: no state-route overlap,JULIAN CT,False,False,False,City of Memphis
301059924,2026-01-09,2026-01-09 18:25:00,2026,1,Friday,18,35.107418,-90.04249,Possible Injury,Pedestrian,Intersection-Unknown,Intersection,Dark-Lighted,Not Collision with Motor Vehicle in Transport,Pedestrian,1,True,,,,,,,1170.9912292554395,S PARKWAY E,11.43768582675695,35.0,5,B,MEMPHIS,SHELBY,50893,11.43768582675695,City of Memphis,city_residual,city: no state-route overlap,S PARKWAY E,False,False,False,City of Memphis
301059929,2026-01-09,2026-01-09 17:48:00,2026,1,Friday,17,35.135468,-90.00271,Possible Injury,Pedestrian,Intersection-On Roadway Crosswalk availability Unknown,AccelDecelLane,Dark-Lighted,Not Collision with Motor Vehicle in Transport,Pedestrian,1,True,UNION AVE,Principal Arterial,35.0,6.0,23,5.0,4.432506166745564,S AUBURNDALE ST,0.0465325770077891,30.0,2,B,MEMPHIS,SHELBY,81306,0.046532577169401505,City of Memphis,city_residual,city: no state-route overlap,S AUBURNDALE ST,False,False,True,City of Memphis
301057661,2025-12-22,2025-12-22 18:38:00,2025,12,Monday,18,35.1079,-89.94604,Possible Injury,Pedestrian,Intersection-In Crosswalk,Intersection,Dark-Lighted,Not Collision with Motor Vehicle in Transport,Pedestrian,1,True,,,,,,,2159.788803597963,PARK AVE,0.0267436828573803,40.0,4,B,MEMPHIS,SHELBY,51196,0.026743684284487645,City of Memphis,city_residual,city: no state-route overlap,PARK AVE,False,False,False,City of Memphis
301060538,2026-01-13,2026-01-13 15:53:00,2026,1,Tuesday,15,35.10859,-89.946175,Possible Injury,Pedestrian,Not Intersection-On Roadway Crosswalk not Available,Intersection-Related,Daylight,Not Collision with Motor Vehicle in Transport,Pedestrian,1,True,,,,,,,2088.7936267569253,S HIGHLAND ST,15.095439427044472,35.0,4,B,MEMPHIS,SHELBY,51197,15.095439426660793,City of Memphis,city_residual,city: no state-route overlap,S HIGHLAND ST,False,False,False,City of Memphis
301062053,2026-01-22,2026-01-22 15:58:00,2026,1,Thursday,15,35.13786,-90.016525,Possible Injury,Pedestrian,Intersection-On Roadway not in Crosswalk,"Driveway, Alley Access, etc",Daylight,Not Collision with Motor Vehicle in Transport,Pedestrian,1,True,,,,,,,108.87556649964144,MONROE AVE,0.1616991332786478,30.0,2,B,MEMPHIS,SHELBY,7315,0.1616991345215688,City of Memphis,city_residual,city: no state-route overlap,MONROE AVE,False,False,False,City of Memphis
301061771,2026-01-21,2026-01-21 18:15:00,2026,1,Wednesday,18,35.19937,-90.00779,Possible Injury,Pedestrian,Intersection-On Roadway not in Crosswalk,Intersection-Related,Dark-Lighted,Not Collision with Motor Vehicle in Transport,Pedestrian,1,True,,,,,,,2415.315227578947,N WATKINS ST,0.3551524377332621,40.0,4,B,MEMPHIS,SHELBY,49857,0.3551524377332621,City of Memphis,city_residual,city: no state-route overlap,N WATKINS ST,False,False,False,City of Memphis
301062344,2026-01-20,2026-01-20 19:20:00,2026,1,Tuesday,19,35.179695,-89.97139,Possible Injury,Pedestrian,Not Intersection-On Roadway Crosswalk Availability Unknown,Intersection,Daylight,Not Collision with Motor Vehicle in Transport,Pedestrian,1,True,,,,,,,2306.0101671290363,PRIVATE DR,18.583511546256823,30.0,2,B,MEMPHIS,SHELBY,35167,18.583511545903,City of Memphis,city_residual,city: no state-route overlap,PRIVATE DR,False,False,False,City of Memphis
301062486,2026-01-27,2026-01-27 09:30:00,2026,1,Tuesday,9,35.180393,-89.783936,No Injury,Pedestrian,Not Intersection-Outside Traffic,Non-Junction,Daylight,Not Collision with Motor Vehicle in Transport,Pedestrian,1,True,,,,,,,814.5639605392552,CHIMNEYROCK BLVD,33.04020780731511,30.0,4,B,MEMPHIS,SHELBY,49137,33.04020780846284,City of Memphis,city_residual,city: no state-route overlap,CHIMNEYROCK BLVD,False,False,False,City of Memphis
301061942,2026-01-22,2026-01-22 13:28:00,2026,1,Thursday,13,35.193665,-89.792496,Possible Injury,Pedestrian,Intersection-On Roadway Crosswalk Not Available,Intersection,Daylight,Not Collision with Motor Vehicle in Transport,Pedestrian,1,True,N GERMANTOWN PKWY,Principal Arterial,45.0,7.0,177,1.0,5.527935758480027,N GERMANTOWN PKWY,5.838538037942542,45.0,7,B,MEMPHIS,SHELBY,46618,5.838538037942542,TDOT state route,state_route_overlap,"state route: 100% overlap, name=N GERMANTOWN",N GERMANTOWN PKWY,False,False,False,TDOT state route
301062364,2026-01-25,2026-01-25 14:52:00,2026,1,Sunday,14,35.143955,-90.01564,Possible Injury,Pedestrian,Intersection-In Crosswalk,Intersection-Related,Daylight,Not Collision with Motor Vehicle in Transport,Pedestrian,1,True,,,,,,,789.8753669485542,POPLAR AVE,0.1332189960499262,40.0,7,B,MEMPHIS,SHELBY,50416,0.1332189988694748,City of Memphis,city_residual,city: no state-route overlap,POPLAR AVE,False,False,False,City of Memphis
301066633,2026-02-23,2026-02-23 15:40:00,2026,2,Monday,15,35.2196,-90.00334,Suspected Serious Injury,Pedestrian,Not Intersection-On Roadway Not In Crosswalk,AccelDecelLane,Daylight,Not Collision with Motor Vehicle in Transport,Pedestrian,1,True,,,,,,,1858.788060472809,N WATKINS ST,0.1124571683479683,40.0,5,B,MEMPHIS,SHELBY,49879,0.112457167276802,City of Memphis,city_residual,city: no state-route overlap,N WATKINS ST,False,False,False,City of Memphis
301034236,2025-08-16,2025-08-16 22:39:00,2025,8,Saturday,22,35.187468,-89.809193,Fatal,Pedestrian,Not Intersection-On Roadway Not In Crosswalk,Entrance/Exit Ramp Related,Dark-Not Lighted,Not Collision with Motor Vehicle in Transport,Pedestrian,1,True,,,,,,,1507.056675033838,INTERSTATE 40 W,9.38925588781443,65.0,4,TF,MEMPHIS,SHELBY,39465,9.389255887393112,Interstate (TDOT),interstate_mainline,interstate: MTFCC S1100,INTERSTATE 40 W,True,False,False,Interstate (TDOT)