MstrRecNbrTxt,CollisionDate,CollisionDteTime,YearNmb,Month,DayOfWeek,Hour,Latitude,Longitude,InjuryClass,PersonType,NonMotoristLocation,RelationToJunction,LightCondition,MannerOfCollision,FirstHarmfulEvent,VictimsInCrash,InMemphis,StateRoute_NAME,StateRoute_F_System,StateRoute_SPDLIMIT,StateRoute_LANES,StateRoute_ALTNAME_1,StateRoute_Council_District,DistToStateRoute_m,Street_Name,DistToStreet_m,Street_SPDLIMIT,Street_LANES,Street_ONEWAY,Street_CITY_L,Street_COUNTY_L,Seg_OBJECTID,DistToSeg_m,Ownership,Rule_Fired,Classification_Basis,Matched_Street,is_limited_access,is_override,is_corner_case,Jurisdiction_prev
301069679,2026-03-10,2026-03-10 12:20:00,2026,3,Tuesday,12,35.035515,-90.02516,Suspected Minor Injury,Pedestrian,Intersection-In Crosswalk,Intersection,Daylight,Not Collision with Motor Vehicle in Transport,Pedestrian,1,True,ELVIS PRESLEY BLVD,Principal Arterial,40.0,5.0,3,6.0,0.3167575447708924,ELVIS PRESLEY BLVD,0.0906632569156363,40.0,6,B,MEMPHIS,SHELBY,48140,0.09066325691548624,TDOT state route,state_route_overlap,"state route: 100% overlap, name=ELVIS PRESLEY",ELVIS PRESLEY BLVD,False,False,False,TDOT state route
301073009,2026-04-01,2026-04-01 08:53:00,2026,4,Wednesday,8,35.148502,-89.92846,Possible Injury,Pedestrian,Intersection-On Roadway Crosswalk Not Available,Non-Junction,Daylight,Not Collision with Motor Vehicle in Transport,Pedestrian,1,True,,,,,,,73.70705205821697,N GRAHAM ST,37.32616322057602,40.0,5,B,MEMPHIS,SHELBY,51368,37.32616322057602,City of Memphis,city_residual,city: no state-route overlap,N GRAHAM ST,False,False,False,City of Memphis
301073690,2026-04-04,2026-04-04 13:00:00,2026,4,Saturday,13,35.142082,-90.03187,Possible Injury,Pedestrian,Not Intersection-On Roadway Not In Crosswalk,Intersection-Related,Daylight,Not Collision with Motor Vehicle in Transport,Pedestrian,1,True,,,,,,,403.4662993468164,JEFFERSON AVE,60.67545480475181,40.0,4,B,MEMPHIS,SHELBY,7296,60.67545480276912,City of Memphis,city_residual,city: no state-route overlap,JEFFERSON AVE,False,False,False,City of Memphis
301073359,2026-04-04,2026-04-04 04:13:00,2026,4,Saturday,4,35.105015,-90.02044,Possible Injury,Pedestrian,Intersection-On Roadway not in Crosswalk,Intersection,Dark-Unknown Lighting,Not Collision with Motor Vehicle in Transport,Pedestrian,1,True,ELVIS PRESLEY BLVD,Minor Arterial,40.0,4.0,3,4.0,25.160586964638348,ELVIS PRESLEY BLVD,26.064238199645786,40.0,4,B,MEMPHIS,SHELBY,46959,26.064238199698238,TDOT state route,state_route_overlap,"state route: 100% overlap, name=ELVIS PRESLEY",ELVIS PRESLEY BLVD,False,False,False,TDOT state route
301072003,2026-03-26,2026-03-26 18:23:00,2026,3,Thursday,18,35.148026,-90.05299,Possible Injury,Pedestrian,Intersection-On Roadway not in Crosswalk,Intersection,Daylight,Not Collision with Motor Vehicle in Transport,Pedestrian,1,True,,,,,,,232.6702927487761,N FRONT ST,10.65897103859549,30.0,5,B,MEMPHIS,SHELBY,80521,10.658971038374952,City of Memphis,city_residual,city: no state-route overlap,N FRONT ST,False,False,False,City of Memphis
301021460,2025-05-31,2025-05-31 23:45:00,2025,5,Saturday,23,35.0613,-90.05918,Fatal,Pedestrian,Not Intersection-On Roadway Not In Crosswalk,Non-Junction,Dark-Lighted,Not Collision with Motor Vehicle in Transport,Pedestrian,1,True,S THIRD ST,Principal Arterial,45.0,7.0,14,6.0,19.467945836418004,S THIRD ST,18.85257463651745,45.0,7,B,MEMPHIS,SHELBY,46474,18.852574636517446,TDOT state route,state_route_overlap,"state route: 100% overlap, name=S THIRD",S THIRD ST,False,False,False,TDOT state route
301002080,2025-02-16,2025-02-16 03:05:00,2025,2,Sunday,3,35.088028,-89.931046,Fatal,Pedestrian,Intersection-Unknown,Intersection,Dark-Lighted,Not Collision with Motor Vehicle in Transport,Pedestrian,1,True,,,,,,,837.549091773716,GETWELL RD,9.230402773959598,40.0,5,B,MEMPHIS,SHELBY,51328,9.230402773993074,City of Memphis,city_residual,city: no state-route overlap,GETWELL RD,False,False,False,City of Memphis
301070937,2026-03-20,2026-03-20 19:45:00,2026,3,Friday,19,35.000706,-90.015594,Possible Injury,Pedestrian,Intersection-On Roadway Crosswalk Not Available,Intersection-Related,Dark-Lighted,Not Collision with Motor Vehicle in Transport,Pedestrian,1,True,,,,,,,890.5950381739507,WINFIELD AVE,2.741352964720899,35.0,2,B,MEMPHIS,SHELBY,2529,2.741352968863407,City of Memphis,city_residual,city: no state-route overlap,WINFIELD AVE,False,False,False,City of Memphis
301076569,2026-04-21,2026-04-21 17:43:00,2026,4,Tuesday,17,35.155178,-89.97616,Possible Injury,Pedestrian,Intersection-On Roadway not in Crosswalk,Through Roadway,Daylight,Not Collision with Motor Vehicle in Transport,Pedestrian,1,True,,,,,,,311.9939495430041,N HOLLYWOOD ST,22.556441180838465,35.0,2,B,MEMPHIS,SHELBY,81769,22.556441180838465,City of Memphis,city_residual,city: no state-route overlap,N HOLLYWOOD ST,False,False,False,City of Memphis
301073322,2026-04-03,2026-04-03 18:02:00,2026,4,Friday,18,35.061916,-89.885826,Possible Injury,Pedestrian,Not Intersection-On Roadway Not In Crosswalk,Through Roadway,Daylight,Not Collision with Motor Vehicle in Transport,Pedestrian,1,True,,,,,,,2249.9886007677123,KNIGHT ARNOLD RD,0.0214838952679548,40.0,4,B,MEMPHIS,SHELBY,52839,0.021483895262617434,City of Memphis,city_residual,city: no state-route overlap,KNIGHT ARNOLD RD,False,False,False,City of Memphis
301076345,2026-04-20,2026-04-20 08:40:00,2026,4,Monday,8,35.06133,-89.928825,Suspected Serious Injury,Pedestrian,Not Intersection-Outside Traffic,Non-Junction,Daylight,Not Collision with Motor Vehicle in Transport,Pedestrian,1,True,,,,,,,197.08619372043248,CAMELOT LN,18.703781501283583,30.0,2,B,MEMPHIS,SHELBY,44967,18.703781501912008,City of Memphis,city_residual,city: no state-route overlap,CAMELOT LN,False,False,False,City of Memphis
301070742,2026-03-19,2026-03-19 17:18:00,2026,3,Thursday,17,35.040314,-89.82702,Possible Injury,Pedestrian,Intersection-In Crosswalk,Intersection,Daylight,Not Collision with Motor Vehicle in Transport,Pedestrian,1,True,,,,,,,1374.5268311036054,FROSTY MEADOW DR,84.40756792365039,30.0,2,B,MEMPHIS,SHELBY,26731,84.40756792226034,City of Memphis,city_residual,city: no state-route overlap,FROSTY MEADOW DR,False,False,False,City of Memphis
301072428,2026-03-29,2026-03-29 15:35:00,2026,3,Sunday,15,35.05159,-90.00781,Possible Injury,Pedestrian,Intersection-Not on Roadway,Non-Junction,Daylight,Angle,Other,1,True,,,,,,,1572.9085117991187,BELLBRANCH DR,16.065121714049948,30.0,2,B,MEMPHIS,SHELBY,33264,16.065121713173607,City of Memphis,city_residual,city: no state-route overlap,BELLBRANCH DR,False,False,False,City of Memphis
301074031,2026-04-07,2026-04-07 08:15:00,2026,4,Tuesday,8,35.145485,-90.04989,Possible Injury,Pedestrian,Intersection-In Crosswalk,Intersection,Daylight,Not Collision with Motor Vehicle in Transport,Pedestrian,1,True,N THIRD ST,Minor Arterial,35.0,3.0,3,6.0,5.4989885529656926,COURT AVE,2.900007619809668,30.0,2,B,MEMPHIS,SHELBY,3361,2.900007618625803,City of Memphis,city_residual,city: no state-route overlap,COURT AVE,False,False,True,City of Memphis
301079968,2026-05-09,2026-05-09 15:00:00,2026,5,Saturday,15,35.10211,-89.865555,Possible Injury,Pedestrian,Not Intersection-Other Not On Roadway,Non-Junction,Daylight,Not Collision with Motor Vehicle in Transport,Pedestrian,1,True,,,,,,,36.596365217025536,POPLAR AVE,32.14270456085359,40.0,5,FT,MEMPHIS,SHELBY,6863,32.14270456085359,TDOT state route,state_route_overlap,"state route: 100% overlap, name=POPLAR",POPLAR AVE,False,False,False,TDOT state route
301079472,2026-05-07,2026-05-07 09:04:00,2026,5,Thursday,9,35.14011,-89.96166,Possible Injury,Pedestrian,Intersection-On Roadway not in Crosswalk,Through Roadway,Daylight,Not Collision with Motor Vehicle in Transport,Pedestrian,1,True,,,,,,,486.0395620641466,MCADOO AVE,0.013386151183517,30.0,2,B,MEMPHIS,SHELBY,5508,0.013386149770844524,City of Memphis,city_residual,city: no state-route overlap,MCADOO AVE,False,False,False,City of Memphis
301077119,2026-04-23,2026-04-23 20:40:00,2026,4,Thursday,20,35.1334,-89.980545,Fatal,Pedestrian,Not Intersection-On Roadway Not In Crosswalk,Non-Junction,Dark-Lighted,Front to Rear,Other,1,True,UNION AVE,Principal Arterial,35.0,7.0,23,5.0,4.591611917599473,UNION AVE,0.0561330426974538,35.0,7,B,MEMPHIS,SHELBY,46880,0.05613304269745382,TDOT state route,state_route_overlap,"state route: 100% overlap, name=UNION",UNION AVE,False,False,False,TDOT state route
301032468,2025-08-07,2025-08-07 04:07:00,2025,8,Thursday,4,35.15228,-90.04579,Fatal,Pedestrian,Not Intersection-On Roadway Crosswalk not Available,Non-Junction,Dark-Lighted,Not Collision with Motor Vehicle in Transport,Pedestrian,1,True,,,,,,,123.53587085938744,INTERSTATE 40 E,0.7325668433445993,65.0,3,FT,MEMPHIS,SHELBY,39700,0.7325668421756121,Interstate (TDOT),interstate_mainline,interstate: MTFCC S1100,INTERSTATE 40 E,True,False,False,Interstate (TDOT)
301052594,2025-11-26,2025-11-26 05:37:00,2025,11,Wednesday,5,35.074295,-90.00193,Fatal,Pedestrian,Not Intersection-Adjacent to Roadway,Non-Junction,Dark-Lighted,Front to Rear,Other,2,True,,,,,,,1654.653217609795,INTERSTATE 240 E,0.1795451231117863,65.0,3,FT,MEMPHIS,SHELBY,39493,0.1795451231117863,Interstate (TDOT),interstate_mainline,interstate: MTFCC S1100,INTERSTATE 240 E,True,False,False,Interstate (TDOT)
300933529,2024-01-03,2024-01-03 18:25:00,2024,1,Wednesday,18,35.048794,-89.92077,Fatal,Pedestrian,Not Intersection-On Roadway Not In Crosswalk,Non-Junction,Dark-Lighted,Not Collision with Motor Vehicle in Transport,Pedestrian,1,True,,,,,,,100.28217402207024,MOUNT HOOD ST,28.825120550973047,30.0,2,B,MEMPHIS,SHELBY,83963,28.825120552583424,City of Memphis,city_residual,city: no state-route overlap,MOUNT HOOD ST,False,False,False,City of Memphis
301078671,2026-05-03,2026-05-03 19:10:00,2026,5,Sunday,19,35.161133,-89.917366,Suspected Serious Injury,Pedestrian,Intersection-On Roadway Crosswalk Not Available,Intersection,Daylight,Not Collision with Motor Vehicle in Transport,Pedestrian,1,True,,,,,,,1350.859328121981,EMILY AVE,0.0229696056616596,30.0,2,B,MEMPHIS,SHELBY,6121,0.022969607071536065,City of Memphis,city_residual,city: no state-route overlap,EMILY AVE,False,False,False,City of Memphis
301079833,2026-05-08,2026-05-08 20:48:00,2026,5,Friday,20,35.221107,-89.97553,Suspected Serious Injury,Pedestrian,Intersection-Unknown,Intersection,Dusk,Not Collision with Motor Vehicle in Transport,Pedestrian,1,True,,,,,,,3833.442738510477,FRAYSER BLVD,0.0929208191451962,40.0,4,B,MEMPHIS,SHELBY,49933,0.09292081775331512,City of Memphis,city_residual,city: no state-route overlap,FRAYSER BLVD,False,False,False,City of Memphis
301078016,2026-04-29,2026-04-29 10:55:00,2026,4,Wednesday,10,35.144867,-90.05153,Possible Injury,Pedestrian,Not Intersection-On Roadway Crosswalk not Available,AccelDecelLane,Daylight,Not Collision with Motor Vehicle in Transport,Other,1,True,S SECOND ST,Minor Arterial,35.0,3.0,3,6.0,1.6045868898518296,MADISON AVE,0.0036460385718558,30.0,3,B,MEMPHIS,SHELBY,3335,0.003646038567102737,City of Memphis,city_residual,city: no state-route overlap,MADISON AVE,False,False,False,City of Memphis
301061148,2026-01-17,2026-01-17 10:00:00,2026,1,Saturday,10,35.07157,-90.0211,Fatal,Pedestrian,Not Intersection-On Roadway Crosswalk not Available,Non-Junction,Daylight,Not Collision with Motor Vehicle in Transport,Pedestrian,1,True,ELVIS PRESLEY BLVD,Minor Arterial,40.0,4.0,3,6.0,1.5858426191165067,INTERSTATE 240 W,0.0358675906749025,65.0,3,TF,MEMPHIS,SHELBY,39484,0.03586759068905715,Interstate (TDOT),interstate_mainline,interstate: MTFCC S1100,INTERSTATE 240 W,True,False,False,Interstate (TDOT)
301078947,2026-05-03,2026-05-03 12:01:00,2026,5,Sunday,12,35.106583,-89.89539,Suspected Serious Injury,Pedestrian,Intersection-In Crosswalk,Intersection-Related,Daylight,Not Collision with Motor Vehicle in Transport,Pedestrian,1,True,,,,,,,588.4932749318444,PARK AVE,0.0069955081820003,40.0,5,B,MEMPHIS,SHELBY,51599,0.006995508176365094,City of Memphis,city_residual,city: no state-route overlap,PARK AVE,False,False,False,City of Memphis
301077034,2026-04-23,2026-04-23 22:42:00,2026,4,Thursday,22,35.10871,-89.97572,Fatal,Pedestrian,Not Intersection-On Roadway Not In Crosswalk,Non-Junction,Dark-Lighted,Not Collision with Motor Vehicle in Transport,Pedestrian,1,True,,,,,,,834.7511733893234,DALLAS ST,38.13646760592713,30.0,2,B,MEMPHIS,SHELBY,82611,38.136467605946834,City of Memphis,city_residual,city: no state-route overlap,DALLAS ST,False,False,False,City of Memphis
301047539,2025-10-29,2025-10-29 15:22:00,2025,10,Wednesday,15,35.23621,-90.00019,Suspected Serious Injury,Pedestrian,Intersection-On Roadway not in Crosswalk,Intersection,Daylight,Not Collision with Motor Vehicle in Transport,Pedestrian,1,True,,,,,,,1033.3614692256624,WELLONS AVE,0.0855451791347576,30.0,2,B,MEMPHIS,SHELBY,7036,0.085545179112936,City of Memphis,city_residual,city: no state-route overlap,WELLONS AVE,False,False,False,City of Memphis
301081746,2026-05-18,2026-05-18 17:39:00,2026,5,Monday,17,35.104298,-89.97926,No Injury,Pedestrian,Unknown,Non-Junction,Daylight,Not Collision with Motor Vehicle in Transport,Other,1,True,,,,,,,265.76464044333403,CELLA ST,18.92083551791549,30.0,2,B,MEMPHIS,SHELBY,82562,18.920835517918984,City of Memphis,city_residual,city: no state-route overlap,CELLA ST,False,False,False,City of Memphis
301061695,2026-01-20,2026-01-20 12:50:00,2026,1,Tuesday,12,35.07659,-89.951195,Fatal,Pedestrian,Intersection-In Crosswalk,Entrance/Exit Ramp Related,Daylight,Not Collision with Motor Vehicle in Transport,Pedestrian,1,True,LAMAR AVE,Principal Arterial,40.0,7.0,4,4.0,3.5209749691146155,AMERICAN WAY,0.148252488981297,45.0,7,B,MEMPHIS,SHELBY,51744,0.1482524894737066,City of Memphis,city_residual,city: no state-route overlap,AMERICAN WAY,False,False,True,City of Memphis
301077017,2026-04-23,2026-04-23 20:20:00,2026,4,Thursday,20,35.01894,-90.04959,Suspected Serious Injury,Pedestrian,Not Intersection-On Roadway Not In Crosswalk,Through Roadway,Dark-Lighted,Not Collision with Motor Vehicle in Transport,Pedestrian,1,True,,,,,,,212.18974419184963,HODGE RD,0.9830640715270652,30.0,2,B,MEMPHIS,SHELBY,72144,0.9830640715270653,City of Memphis,city_residual,city: no state-route overlap,HODGE RD,False,False,False,City of Memphis
301077018,2026-04-23,2026-04-23 22:00:00,2026,4,Thursday,22,35.209473,-90.03271,Possible Injury,Pedestrian,Intersection-Unknown,Intersection,Dark-Lighted,Not Collision with Motor Vehicle in Transport,Pedestrian,1,True,THOMAS ST,,40.0,2.0,3,7.0,1.0786823203816067,THOMAS ST,0.0215984782611098,40.0,2,B,MEMPHIS,SHELBY,46521,0.021598477810780874,TDOT state route,state_route_overlap,"state route: 100% overlap, name=THOMAS",THOMAS ST,False,False,False,TDOT state route
301072422,2026-03-29,2026-03-29 20:40:00,2026,3,Sunday,20,35.14176,-90.04817,Fatal,Pedestrian,Not Intersection-On Roadway Not In Crosswalk,Intersection,Dawn,Not Collision with Motor Vehicle in Transport,Pedestrian,1,True,UNION AVE,Minor Arterial,35.0,5.0,3,6.0,4.231060327454137,UNION AVE,0.0791469781493146,35.0,5,B,MEMPHIS,SHELBY,52016,0.0791469768128502,TDOT state route,state_route_overlap,"state route: 100% overlap, name=UNION",UNION AVE,False,False,False,TDOT state route
301079340,2026-05-06,2026-05-06 15:55:00,2026,5,Wednesday,15,35.08793,-89.946815,Possible Injury,Pedestrian,Not Intersection-Outside Traffic,"Driveway, Alley Access, etc",Daylight,Not Collision with Motor Vehicle in Transport,Pedestrian,1,True,,,,,,,1162.5997572111444,S HIGHLAND ST,45.16652787505057,30.0,2,B,MEMPHIS,SHELBY,83058,45.16652787505664,City of Memphis,city_residual,city: no state-route overlap,S HIGHLAND ST,False,False,False,City of Memphis
301081352,2026-05-16,2026-05-16 17:51:00,2026,5,Saturday,17,35.134354,-89.83459,Possible Injury,Pedestrian,Intersection-On Roadway Crosswalk Not Available,Non-Junction,Daylight,Not Collision with Motor Vehicle in Transport,Pedestrian,1,True,,,,,,,3045.5292867125727,WALNUT GROVE RD,0.1972429519889945,55.0,2,FT,MEMPHIS,SHELBY,47915,0.19724295341902762,City of Memphis,city_residual,city: no state-route overlap,WALNUT GROVE RD,False,False,False,City of Memphis
301078082,2026-04-28,2026-04-28 20:00:00,2026,4,Tuesday,20,35.0536,-90.019104,Possible Injury,Pedestrian,Intersection-On Roadway not in Crosswalk,Intersection,Dark-Lighted,Not Collision with Motor Vehicle in Transport,Pedestrian,1,True,,,,,,,540.2223371974999,HERMITAGE DR,43.0728457840514,35.0,2,B,MEMPHIS,SHELBY,27399,43.072845784051395,City of Memphis,city_residual,city: no state-route overlap,HERMITAGE DR,False,False,False,City of Memphis
301078876,2026-05-04,2026-05-04 16:01:00,2026,5,Monday,16,35.156944,-90.04743,Fatal,Pedestrian,Not Intersection-On Roadway Not In Crosswalk,AccelDecelLane,Daylight,Not Collision with Motor Vehicle in Transport,Pedestrian,1,True,,,,,,,61.26872083478026,A W WILLIS AVE,3.0739331893498543,35.0,5,B,MEMPHIS,SHELBY,3411,3.073933188691147,City of Memphis,city_residual,city: no state-route overlap,A W WILLIS AVE,False,False,False,City of Memphis
301014888,2025-04-28,2025-04-28 22:48:00,2025,4,Monday,22,35.06494,-89.90679,Fatal,Pedestrian,Intersection-On Roadway not in Crosswalk,Non-Junction,Dark-Lighted,Not Collision with Motor Vehicle in Transport,Pedestrian,1,True,,,,,,,2246.139860973679,ALOHA AVE,84.1036315859838,30.0,2,B,MEMPHIS,SHELBY,2163,84.10363158474223,City of Memphis,city_residual,city: no state-route overlap,ALOHA AVE,False,False,False,City of Memphis
301057819,2025-12-26,2025-12-26 21:42:00,2025,12,Friday,21,35.072655,-89.98633,Fatal,Pedestrian,Not Intersection-Unknown,Intersection,Dark-Lighted,Not Collision with Motor Vehicle in Transport,Pedestrian,1,True,,,,,,,2634.500981822921,AIRWAYS BLVD,0.2555414391088242,40.0,3,FT,MEMPHIS,SHELBY,47938,0.2555414387743916,City of Memphis,city_residual,city: no state-route overlap,AIRWAYS BLVD,False,False,False,City of Memphis
301079367,2026-04-29,2026-04-29 11:45:00,2026,4,Wednesday,11,35.11443,-89.943054,Possible Injury,Pedestrian,Intersection-In Crosswalk,Intersection,Daylight,Not Collision with Motor Vehicle in Transport,Pedestrian,1,True,,,,,,,1390.5433572680788,BRISTER ST,27.63455699328112,30.0,2,B,MEMPHIS,SHELBY,83159,27.63455699264028,City of Memphis,city_residual,city: no state-route overlap,BRISTER ST,False,False,False,City of Memphis
301036961,2025-09-01,2025-09-01 23:10:00,2025,9,Monday,23,35.177515,-89.861159,Suspected Serious Injury,Pedestrian,Not Intersection-On Roadway Crosswalk not Available,Non-Junction,Dark-Lighted,Not Collision with Motor Vehicle in Transport,Pedestrian,1,True,,,,,,,119.8559683930522,SUMMER AVE,116.70517645210808,45.0,4,B,MEMPHIS,SHELBY,47491,116.70517645174773,TDOT state route,state_route_overlap,"state route: 100% overlap, name=SUMMER",SUMMER AVE,False,False,False,TDOT state route
301079037,2026-05-05,2026-05-05 06:00:00,2026,5,Tuesday,6,35.051704,-90.01452,No Injury,Pedestrian,Intersection-Not on Roadway,AccelDecelLane,Dawn,Not Collision with Motor Vehicle in Transport,Other,1,True,,,,,,,960.6554347716024,GRACELAND DR,0.1951429164530864,35.0,2,B,MEMPHIS,SHELBY,27457,0.1951429164530864,City of Memphis,city_residual,city: no state-route overlap,GRACELAND DR,False,False,False,City of Memphis
301019499,2025-05-22,2025-05-22 21:48:00,2025,5,Thursday,21,35.167316,-89.94523,Fatal,Pedestrian,Not Intersection-On Roadway Crosswalk not Available,Non-Junction,Dark-Lighted,Not Collision with Motor Vehicle in Transport,Pedestrian,1,True,,,,,,,274.7968933315731,NATIONAL ST,0.6958721657818167,40.0,4,B,MEMPHIS,SHELBY,51292,0.695872165956829,City of Memphis,city_residual,city: no state-route overlap,NATIONAL ST,False,False,False,City of Memphis
301077875,2026-04-25,2026-04-25 16:50:00,2026,4,Saturday,16,35.160507,-90.03022,Possible Injury,Pedestrian,Intersection-On Roadway not in Crosswalk,Intersection,Daylight,Not Collision with Motor Vehicle in Transport,Pedestrian,1,True,,,,,,,379.96636923390514,N DUNLAP ST,0.0966625929385106,30.0,2,B,MEMPHIS,SHELBY,80838,0.096662593220171,City of Memphis,city_residual,city: no state-route overlap,N DUNLAP ST,False,False,False,City of Memphis
301081368,2026-05-16,2026-05-16 23:43:00,2026,5,Saturday,23,35.138874,-90.058,Possible Injury,Pedestrian,Not Intersection-Outside Traffic,Intersection-Related,Dark-Lighted,Angle,Other,1,True,,,,,,,314.2209278613448,PONTOTOC AVE,3.1511166004084386,30.0,2,B,MEMPHIS,SHELBY,3290,3.151116601179122,City of Memphis,city_residual,city: no state-route overlap,PONTOTOC AVE,False,False,False,City of Memphis
301077901,2026-04-28,2026-04-28 16:00:00,2026,4,Tuesday,16,35.079296,-90.05733,Suspected Minor Injury,Pedestrian,Not Intersection-Unknown,AccelDecelLane,Daylight,Angle,Other,1,True,S THIRD ST,Principal Arterial,40.0,5.0,14,6.0,0.0822730516659195,S THIRD ST,0.0899439157165226,40.0,5,B,MEMPHIS,SHELBY,47780,0.08994391579819123,TDOT state route,state_route_overlap,"state route: 100% overlap, name=S THIRD",S THIRD ST,False,False,False,TDOT state route
301065830,2026-02-18,2026-02-18 06:52:00,2026,2,Wednesday,6,35.109688,-90.02922,Fatal,Pedestrian,Not Intersection-On Roadway Crosswalk not Available,Non-Junction,Dawn,Not Collision with Motor Vehicle in Transport,Pedestrian,1,True,,,,,,,679.0105178131615,S PARKWAY E,0.0250817137802205,35.0,3,FT,MEMPHIS,SHELBY,53253,0.02508171377807747,City of Memphis,city_residual,city: no state-route overlap,S PARKWAY E,False,False,False,City of Memphis
301078187,2026-04-30,2026-04-30 18:35:00,2026,4,Thursday,18,35.14742,-89.88427,No Injury,Pedestrian,Not Intersection-Outside Traffic,Non-Junction,Daylight,Angle,Other,1,True,,,,,,,719.7211401873622,PODESTA ST,0.2421509551100433,30.0,2,B,MEMPHIS,SHELBY,83531,0.2421509551329256,City of Memphis,city_residual,city: no state-route overlap,PODESTA ST,False,False,False,City of Memphis
300957664,2024-05-17,2024-05-17 20:53:00,2024,5,Friday,20,35.1073,-90.04194,Fatal,Pedestrian,Intersection-On Roadway not in Crosswalk,Non-Junction,Dark-Lighted,Not Collision with Motor Vehicle in Transport,Pedestrian,1,True,,,,,,,1221.4547653615823,S PARKWAY E,0.2730163186740336,35.0,5,B,MEMPHIS,SHELBY,50894,0.27301631867403364,City of Memphis,city_residual,city: no state-route overlap,S PARKWAY E,False,False,False,City of Memphis
301085161,2026-06-07,2026-06-07 09:08:00,2026,6,Sunday,9,35.143417,-90.006004,Suspected Minor Injury,Pedestrian,Not Intersection-On Roadway Not In Crosswalk,Non-Junction,Daylight,Not Collision with Motor Vehicle in Transport,Other,1,True,,,,,,,834.0943055300941,ANGELUS ST,10.214842275337569,30.0,2,B,MEMPHIS,SHELBY,81240,10.214842275413782,City of Memphis,city_residual,city: no state-route overlap,ANGELUS ST,False,False,False,City of Memphis
301084357,2026-06-02,2026-06-02 17:45:00,2026,6,Tuesday,17,35.086903,-89.97048,No Injury,Pedestrian,Not Intersection-Outside Traffic,Intersection-Related,Daylight,Angle,Other,1,True,,,,,,,552.8718889290313,SEMMES ST,0.1441793849065098,30.0,4,B,MEMPHIS,SHELBY,82638,0.14417938490650986,City of Memphis,city_residual,city: no state-route overlap,SEMMES ST,False,False,False,City of Memphis
301082844,2026-05-25,2026-05-25 00:00:00,2026,5,Monday,99,35.108906,-90.00335,Suspected Serious Injury,Pedestrian,Intersection-Unknown,Unknown,Unknown,Unknown,Other,1,True,,,,,,,802.8813077972484,S PARKWAY E,10.03172746852881,35.0,4,B,MEMPHIS,SHELBY,50500,10.031727468703883,City of Memphis,city_residual,city: no state-route overlap,S PARKWAY E,False,False,False,City of Memphis
301084359,2026-06-02,2026-06-02 15:00:00,2026,6,Tuesday,15,35.088875,-89.96287,Possible Injury,Pedestrian,Intersection-Not on Roadway,Intersection,Daylight,Not Collision with Motor Vehicle in Transport,Pedestrian,1,True,,,,,,,150.19648826316762,DICKMANN AVE,61.2992154674291,30.0,2,B,MEMPHIS,SHELBY,5451,61.2992154674291,City of Memphis,city_residual,city: no state-route overlap,DICKMANN AVE,False,False,False,City of Memphis
301017287,2025-05-11,2025-05-11 23:42:00,2025,5,Sunday,23,35.151276,-89.94446,Suspected Serious Injury,Pedestrian,Not Intersection-On Roadway Crosswalk not Available,Non-Junction,Dark-Lighted,Not Collision with Motor Vehicle in Transport,Pedestrian,1,True,,,,,,,195.94192324546808,N HIGHLAND ST,1.413069855950847,40.0,4,B,MEMPHIS,SHELBY,51278,1.4130698559826507,City of Memphis,city_residual,city: no state-route overlap,N HIGHLAND ST,False,False,False,City of Memphis
301085919,2026-06-11,2026-06-11 22:50:00,2026,6,Thursday,22,35.115646,-90.03716,Suspected Serious Injury,Pedestrian,Not Intersection-On Roadway Not In Crosswalk,Non-Junction,Dark-Lighted,Not Collision with Motor Vehicle in Transport,Pedestrian,1,True,,,,,,,1011.1121846127872,E MCLEMORE AVE,0.1178438606939849,35.0,3,B,MEMPHIS,SHELBY,50921,0.1178438606939849,City of Memphis,city_residual,city: no state-route overlap,E MCLEMORE AVE,False,False,False,City of Memphis
301082549,2026-05-22,2026-05-22 02:50:00,2026,5,Friday,2,35.17474,-89.979675,Suspected Serious Injury,Pedestrian,Not Intersection-Unknown,Through Roadway,Dark-Lighted,Not Collision with Motor Vehicle in Transport,Pedestrian,1,True,,,,,,,1795.7390630781397,CHELSEA AVE,2.400917619239672,40.0,4,B,MEMPHIS,SHELBY,50719,2.4009176189516097,City of Memphis,city_residual,city: no state-route overlap,CHELSEA AVE,False,False,False,City of Memphis
301082557,2026-05-22,2026-05-22 19:42:00,2026,5,Friday,19,35.150623,-89.97994,Suspected Minor Injury,Pedestrian,Not Intersection-On Roadway Crosswalk not Available,Intersection-Related,Dark-Lighted,Not Collision with Motor Vehicle in Transport,Pedestrian,1,True,SUMMER AVE,Principal Arterial,35.0,6.0,1,5.0,29.053536563294745,SUMMER AVE,24.481510254068585,35.0,6,B,MEMPHIS,SHELBY,46884,24.481510255176005,TDOT state route,state_route_overlap,"state route: 100% overlap, name=SUMMER",SUMMER AVE,False,False,False,TDOT state route