MstrRecNbrTxt,CollisionDate,CollisionDteTime,YearNmb,Month,DayOfWeek,Hour,Latitude,Longitude,InjuryClass,PersonType,NonMotoristLocation,RelationToJunction,LightCondition,MannerOfCollision,FirstHarmfulEvent,VictimsInCrash,InMemphis,StateRoute_NAME,StateRoute_F_System,StateRoute_SPDLIMIT,StateRoute_LANES,StateRoute_ALTNAME_1,StateRoute_Council_District,DistToStateRoute_m,Street_Name,DistToStreet_m,Street_SPDLIMIT,Street_LANES,Street_ONEWAY,Street_CITY_L,Street_COUNTY_L,Seg_OBJECTID,DistToSeg_m,Ownership,Rule_Fired,Classification_Basis,Matched_Street,is_limited_access,is_override,is_corner_case,Jurisdiction_prev
300966431,2024-07-16,2024-07-16 20:56:00,2024,7,Tuesday,20,35.07365,-89.900955,Fatal,Pedestrian,Not Intersection-On Roadway Not In Crosswalk,AccelDecelLane,Dark-Lighted,Not Collision with Motor Vehicle in Transport,Pedestrian,1,True,,,,,,,2386.830723853393,FAIRBROOK AVE,106.76001343183742,30.0,2,B,MEMPHIS,SHELBY,2212,106.76001343128297,City of Memphis,city_residual,city: no state-route overlap,FAIRBROOK AVE,False,False,False,City of Memphis
301083087,2026-05-26,2026-05-26 17:59:00,2026,5,Tuesday,17,35.073963,-89.91918,Possible Injury,Pedestrian,Not Intersection-On Roadway Not In Crosswalk,AccelDecelLane,Dawn,Not Collision with Motor Vehicle in Transport,Pedestrian,1,True,,,,,,,1143.9804879983965,AMERICAN WAY,0.1296677207495485,45.0,6,B,MEMPHIS,SHELBY,49363,0.12966772253911568,City of Memphis,city_residual,city: no state-route overlap,AMERICAN WAY,False,False,False,City of Memphis
301084410,2026-06-02,2026-06-02 20:04:00,2026,6,Tuesday,20,35.14776,-89.97406,Possible Injury,Pedestrian,Intersection-On Roadway not in Crosswalk,Intersection-Related,Dawn,Not Collision with Motor Vehicle in Transport,Pedestrian,1,True,,,,,,,282.3438965877799,BROAD AVE,15.08690346360352,40.0,2,B,MEMPHIS,SHELBY,50724,15.08690346166857,City of Memphis,city_residual,city: no state-route overlap,BROAD AVE,False,False,False,City of Memphis
301083684,2026-05-29,2026-05-29 13:24:00,2026,5,Friday,13,35.123043,-90.04289,Possible Injury,Pedestrian,Not Intersection-On Roadway Not In Crosswalk,Non-Junction,Daylight,Not Collision with Motor Vehicle in Transport,Pedestrian,1,True,,,,,,,139.727753529296,E ALSTON AVE,20.06866222659727,30.0,2,B,MEMPHIS,SHELBY,7190,20.06866222452986,City of Memphis,city_residual,city: no state-route overlap,E ALSTON AVE,False,False,False,City of Memphis
301049362,2025-11-08,2025-11-08 17:03:00,2025,11,Saturday,17,35.14743,-90.02614,Fatal,Pedestrian,Not Intersection-Outside Traffic,Intersection,Daylight,Not Collision with Motor Vehicle in Transport,Pedestrian,1,True,,,,,,,810.6376369487522,DECATUR ST,0.0841083394598099,30.0,2,B,MEMPHIS,SHELBY,80875,0.08410833945980999,City of Memphis,city_residual,city: no state-route overlap,DECATUR ST,False,False,False,City of Memphis
301083130,2026-05-26,2026-05-26 17:18:00,2026,5,Tuesday,17,35.064816,-89.929436,Suspected Serious Injury,Pedestrian,Not Intersection-On Roadway Not In Crosswalk,AccelDecelLane,Daylight,Angle,Other,1,True,,,,,,,263.460910794813,KNIGHT ARNOLD RD,0.1245584338298921,40.0,5,B,MEMPHIS,SHELBY,49339,0.12455843663057291,City of Memphis,city_residual,city: no state-route overlap,KNIGHT ARNOLD RD,False,False,False,City of Memphis
301083138,2026-05-26,2026-05-26 22:14:00,2026,5,Tuesday,22,35.175045,-89.952995,Possible Injury,Pedestrian,Intersection-On Roadway Crosswalk Not Available,AccelDecelLane,Dark-Lighted,Not Collision with Motor Vehicle in Transport,Pedestrian,1,True,,,,,,,836.6377439727005,MOUNT OLIVE RD,13.925275351382714,25.0,2,B,MEMPHIS,SHELBY,73618,13.925275353575573,City of Memphis,city_residual,city: no state-route overlap,MOUNT OLIVE RD,False,False,False,City of Memphis
301050619,2025-11-16,2025-11-16 21:23:00,2025,11,Sunday,21,35.135696,-90.00856,Fatal,Pedestrian,Intersection-On Roadway Crosswalk Not Available,Intersection,Dark-Not Lighted,Not Collision with Motor Vehicle in Transport,Pedestrian,1,True,,,,,,,43.0781747334769,S AVALON ST,29.318780607506387,35.0,2,B,MEMPHIS,SHELBY,81152,29.318780607860916,City of Memphis,city_residual,city: no state-route overlap,S AVALON ST,False,False,False,City of Memphis
301086210,2026-06-13,2026-06-13 18:08:00,2026,6,Saturday,18,35.09006,-89.96577,Possible Injury,Pedestrian,Intersection-On Roadway Crosswalk Not Available,Intersection-Related,Dawn,Not Collision with Motor Vehicle in Transport,Pedestrian,1,True,LAMAR AVE,Principal Arterial,40.0,5.0,4,4.0,2.5100181329235807,LAMAR AVE,0.1735915119006116,40.0,5,B,MEMPHIS,SHELBY,48180,0.17359151009592969,TDOT state route,state_route_overlap,"state route: 100% overlap, name=LAMAR",LAMAR AVE,False,False,False,TDOT state route
301086396,2026-06-14,2026-06-14 17:45:00,2026,6,Sunday,17,35.105953,-89.98519,Possible Injury,Pedestrian,Not Intersection-On Roadway Not In Crosswalk,Through Roadway,Daylight,Not Collision with Motor Vehicle in Transport,Pedestrian,1,True,AIRWAYS BLVD,Principal Arterial,35.0,5.0,277,4.0,4.253475210364219,AIRWAYS BLVD,1.8976057696307795,35.0,5,B,MEMPHIS,SHELBY,46983,1.8976057699130338,TDOT state route,state_route_overlap,"state route: 100% overlap, name=AIRWAYS",AIRWAYS BLVD,False,False,False,TDOT state route
301086649,2026-06-10,2026-06-10 04:00:00,2026,6,Wednesday,4,34.99923,-89.996284,No Injury,Pedestrian,Not Intersection-Unknown,Unknown,Dark-Lighted,Not Collision with Motor Vehicle in Transport,Other,1,True,,,,,,,2423.1879907008883,JORDAN DR,23.45007942295077,35.0,2,B,MEMPHIS,SHELBY,34033,23.450079422041952,City of Memphis,city_residual,city: no state-route overlap,JORDAN DR,False,False,False,City of Memphis
301084458,2026-06-03,2026-06-03 15:19:00,2026,6,Wednesday,15,35.137985,-90.028175,Suspected Serious Injury,Pedestrian,Intersection-On Roadway not in Crosswalk,Intersection-Related,Daylight,Not Collision with Motor Vehicle in Transport,Pedestrian,1,True,UNION AVE,Principal Arterial,35.0,6.0,3,6.0,4.528239216543177,UNION AVE,0.0434846282204983,35.0,6,B,MEMPHIS,SHELBY,48512,0.04348462962429036,TDOT state route,state_route_overlap,"state route: 100% overlap, name=UNION",UNION AVE,False,False,False,TDOT state route
300922722,2023-11-09,2023-11-09 17:35:00,2023,11,Thursday,17,35.02193,-89.85966,Fatal,Pedestrian,Intersection-On Roadway Crosswalk availability Unknown,Intersection-Related,Dark-Lighted,Not Collision with Motor Vehicle in Transport,Pedestrian,1,True,,,,,,,170.06354847177352,CRUMP RD,1.0844191078383787,30.0,2,B,MEMPHIS,SHELBY,71323,1.0844191078055625,City of Memphis,city_residual,city: no state-route overlap,CRUMP RD,False,False,False,City of Memphis
301086226,2026-06-13,2026-06-13 11:35:00,2026,6,Saturday,11,35.10014,-89.987175,Suspected Serious Injury,Pedestrian,Not Intersection-On Roadway Crosswalk Availability Unknown,Non-Junction,Daylight,Not Collision with Motor Vehicle in Transport,Pedestrian,1,True,,,,,,,541.806760606801,LOWELL AVE,0.0999093939933831,30.0,2,B,MEMPHIS,SHELBY,5237,0.09990939681544529,City of Memphis,city_residual,city: no state-route overlap,LOWELL AVE,False,False,False,City of Memphis
301085130,2026-06-07,2026-06-07 20:38:00,2026,6,Sunday,20,35.09702,-89.93052,Suspected Serious Injury,Pedestrian,Intersection-In Crosswalk,Intersection,Dark-Lighted,Not Collision with Motor Vehicle in Transport,Pedestrian,1,True,,,,,,,1836.2349010341825,GETWELL RD,37.12506988688704,40.0,5,B,MEMPHIS,SHELBY,51338,37.12506988688704,City of Memphis,city_residual,city: no state-route overlap,GETWELL RD,False,False,False,City of Memphis
301084953,2026-06-05,2026-06-05 21:26:00,2026,6,Friday,21,35.174706,-89.977776,Suspected Minor Injury,Pedestrian,Intersection-On Roadway not in Crosswalk,Intersection,Dark-Lighted,Not Collision with Motor Vehicle in Transport,Pedestrian,1,True,,,,,,,1837.7133662286144,CHELSEA AVE,0.0209721843429707,40.0,4,B,MEMPHIS,SHELBY,50731,0.020972182942403175,City of Memphis,city_residual,city: no state-route overlap,CHELSEA AVE,False,False,False,City of Memphis
301084079,2026-05-30,2026-05-30 14:26:00,2026,5,Saturday,14,35.2313,-89.96782,No Injury,Pedestrian,Intersection-Not on Roadway,Non-Junction,Daylight,Unknown,Other,1,True,,,,,,,3764.5854587933086,GRUBER DR,23.21076350521316,30.0,2,B,MEMPHIS,SHELBY,27995,23.210763505253187,City of Memphis,city_residual,city: no state-route overlap,GRUBER DR,False,False,False,City of Memphis
301082802,2026-05-24,2026-05-24 20:30:00,2026,5,Sunday,20,35.07397,-89.905876,Suspected Serious Injury,Pedestrian,Not Intersection-On Roadway Not In Crosswalk,Non-Junction,Dusk,Not Collision with Motor Vehicle in Transport,Pedestrian,1,True,,,,,,,2353.495591834213,S PERKINS RD,0.0687522200047778,40.0,7,B,MEMPHIS,SHELBY,49379,0.06875222000477782,City of Memphis,city_residual,city: no state-route overlap,S PERKINS RD,False,False,False,City of Memphis
301084105,2026-05-31,2026-05-31 18:30:00,2026,5,Sunday,18,35.134834,-90.027626,Possible Injury,Pedestrian,Intersection-In Crosswalk,Through Roadway,Daylight,Not Collision with Motor Vehicle in Transport,Pedestrian,1,True,S SOMERVILLE ST,Minor Arterial,30.0,2.0,208,6.0,4.312071701446079,DR MARTIN LUTHER KING JR AVE,0.158646254740493,35.0,2,B,MEMPHIS,SHELBY,3684,0.1586462575494576,TDOT state route,state_route_overlap,"state route: 98% overlap, name=DR MARTIN LUTHER KING JR",DR MARTIN LUTHER KING JR AVE,False,False,False,TDOT state route
301089995,2026-07-05,2026-07-05 21:30:00,2026,7,Sunday,21,35.21314,-90.00916,Suspected Serious Injury,Pedestrian,Not Intersection-On Roadway Not In Crosswalk,Through Roadway,Dark-Lighted,Not Collision with Motor Vehicle in Transport,Pedestrian,1,True,,,,,,,1828.795835353539,DELLWOOD AVE,0.1755987985797959,35.0,3,B,MEMPHIS,SHELBY,2759,0.17559879862188957,City of Memphis,city_residual,city: no state-route overlap,DELLWOOD AVE,False,False,False,City of Memphis
301090426,2026-07-07,2026-07-07 09:44:00,2026,7,Tuesday,9,35.205616,-89.73298,Possible Injury,Pedestrian,Intersection-On Roadway Crosswalk availability Unknown,Intersection-Related,Daylight,Not Collision with Motor Vehicle in Transport,Other,1,True,US HIGHWAY 64,Principal Arterial,55.0,5.0,15,1.0,6.9983130391793,US HIGHWAY 64,2.343551965060761,55.0,5,B,LAKELAND,SHELBY,48482,2.343551962622061,TDOT state route,state_route_overlap,"state route: 100% overlap, name=US HIGHWAY 64",US HIGHWAY 64,False,False,False,TDOT state route
301090706,2026-07-08,2026-07-08 10:00:00,2026,7,Wednesday,10,35.088844,-89.9649,Possible Injury,Pedestrian,Intersection-In Crosswalk,Intersection,Daylight,Not Collision with Motor Vehicle in Transport,Pedestrian,1,True,LAMAR AVE,Principal Arterial,40.0,5.0,4,4.0,7.896348845421152,LAMAR AVE,5.558202856138732,40.0,5,B,MEMPHIS,SHELBY,48180,5.558202856895368,TDOT state route,state_route_overlap,"state route: 100% overlap, name=LAMAR",LAMAR AVE,False,False,False,TDOT state route
301087459,2026-06-20,2026-06-20 18:50:00,2026,6,Saturday,18,35.148525,-89.90743,Possible Injury,Pedestrian,Not Intersection-On Roadway Not In Crosswalk,Non-Junction,Daylight,Not Collision with Motor Vehicle in Transport,Pedestrian,1,True,SUMMER AVE,Principal Arterial,40.0,7.0,1,5.0,24.34858401603212,SUMMER AVE,19.69239711472521,40.0,7,B,MEMPHIS,SHELBY,48639,19.69239711531409,TDOT state route,state_route_overlap,"state route: 100% overlap, name=SUMMER",SUMMER AVE,False,False,False,TDOT state route
301091090,2026-07-11,2026-07-11 00:00:00,2026,7,Saturday,99,35.096195,-89.997635,No Injury,Other Non-Motorist,Unknown,Intersection-Related,Unknown,Angle,Other,1,True,,,,,,,1488.5578124755932,KELTNER CIR,71.13028771188596,30.0,2,B,MEMPHIS,SHELBY,9275,71.13028771186279,City of Memphis,city_residual,city: no state-route overlap,KELTNER CIR,False,False,False,City of Memphis
301086391,2026-06-14,2026-06-14 21:50:00,2026,6,Sunday,21,35.175377,-90.02148,Possible Injury,Pedestrian,Intersection-In Crosswalk,Intersection,Dark-Lighted,Not Collision with Motor Vehicle in Transport,Pedestrian,1,True,,,,,,,1309.1783208767388,CAPITAL AVE,2.135219788333273,30.0,2,B,MEMPHIS,SHELBY,3783,2.1352197883332735,City of Memphis,city_residual,city: no state-route overlap,CAPITAL AVE,False,False,False,City of Memphis
301086991,2026-06-16,2026-06-16 23:20:00,2026,6,Tuesday,23,35.107895,-89.98464,Suspected Serious Injury,Pedestrian,Intersection-On Roadway not in Crosswalk,AccelDecelLane,Dark-Lighted,Not Collision with Motor Vehicle in Transport,Pedestrian,1,True,AIRWAYS BLVD,Principal Arterial,35.0,5.0,277,4.0,27.47017187975971,ENTERPRISE AVE,16.90015788099042,30.0,2,B,MEMPHIS,SHELBY,5259,16.90015788099042,City of Memphis,city_residual,city: no state-route overlap,ENTERPRISE AVE,False,False,False,City of Memphis
301086941,2026-06-16,2026-06-16 15:47:00,2026,6,Tuesday,15,35.236862,-89.93903,Possible Injury,Pedestrian,Not Intersection-On Roadway Not In Crosswalk,Intersection-Related,Daylight,Not Collision with Motor Vehicle in Transport,Pedestrian,1,True,,,,,,,3205.0644250086825,HOBSON RD,26.20948816862536,30.0,2,B,MEMPHIS,SHELBY,72760,26.20948816862536,City of Memphis,city_residual,city: no state-route overlap,HOBSON RD,False,False,False,City of Memphis
301069106,2026-03-10,2026-03-10 05:00:00,2026,3,Tuesday,5,35.175415,-89.97533,Fatal,Pedestrian,Not Intersection-On Roadway Not In Crosswalk,Non-Junction,Dark-Lighted,Not Collision with Motor Vehicle in Transport,Pedestrian,1,True,,,,,,,1932.2519989666469,N HOLLYWOOD ST,8.232795788074926,40.0,4,B,MEMPHIS,SHELBY,50751,8.232795788057896,City of Memphis,city_residual,city: no state-route overlap,N HOLLYWOOD ST,False,False,False,City of Memphis
301090186,2026-07-06,2026-07-06 22:34:00,2026,7,Monday,22,35.108857,-89.995672,Suspected Serious Injury,Pedestrian,Not Intersection-On Roadway Not In Crosswalk,Non-Junction,Dark-Lighted,Not Collision with Motor Vehicle in Transport,Pedestrian,1,True,,,,,,,371.004181493284,WORTHINGTON ST,3.6483787369950793,30.0,2,B,MEMPHIS,SHELBY,81471,3.6483787371044283,City of Memphis,city_residual,city: no state-route overlap,WORTHINGTON ST,False,False,False,City of Memphis
301090250,2026-07-04,2026-07-04 21:39:00,2026,7,Saturday,21,35.12752,-89.774086,Possible Injury,Pedestrian,Not Intersection-On Roadway Crosswalk not Available,Non-Junction,Dark-Lighted,Not Collision with Motor Vehicle in Transport,Pedestrian,1,True,,,,,,,2150.393125678536,SHELLEY RENEE LN,0.0603943834447387,30.0,2,B,MEMPHIS,SHELBY,41752,0.06039438305680112,City of Memphis,city_residual,city: no state-route overlap,SHELLEY RENEE LN,False,False,False,City of Memphis
301092403,2026-07-19,2026-07-19 00:00:00,2026,7,Sunday,99,35.08613,-89.93971,Suspected Serious Injury,Pedestrian,Intersection-On Roadway Crosswalk Not Available,Intersection,Unknown,Not Collision with Motor Vehicle in Transport,Pedestrian,1,True,,,,,,,990.1670221379876,ROBIN HOOD LN,25.90347760505744,35.0,2,B,MEMPHIS,SHELBY,42585,25.903477605073064,City of Memphis,city_residual,city: no state-route overlap,ROBIN HOOD LN,False,False,False,City of Memphis
301091335,2026-07-13,2026-07-13 20:20:00,2026,7,Monday,20,35.185516,-89.92818,No Injury,Pedestrian,Unknown,AccelDecelLane,Dark-Lighted,Not Collision with Motor Vehicle in Transport,Other,1,True,,,,,,,203.62283489626543,WALES AVE,23.32619897407481,35.0,2,B,MEMPHIS,SHELBY,50039,23.32619897407481,City of Memphis,city_residual,city: no state-route overlap,WALES AVE,False,False,False,City of Memphis
301092404,2026-07-20,2026-07-20 00:30:00,2026,7,Monday,0,35.092815,-89.935936,No Injury,Pedestrian,Not Intersection-Outside Traffic,Non-Junction,Dark-Lighted,Not Collision with Motor Vehicle in Transport,Other,1,True,,,,,,,1432.0445476794353,KIMBALL AVE,33.10816160342313,40.0,4,B,MEMPHIS,SHELBY,5789,33.10816160007119,City of Memphis,city_residual,city: no state-route overlap,KIMBALL AVE,False,False,False,City of Memphis
301089020,2026-06-27,2026-06-27 21:36:00,2026,6,Saturday,21,35.145916,-90.03486,Possible Injury,Pedestrian,Intersection-On Roadway not in Crosswalk,Intersection-Related,Dark-Lighted,Not Collision with Motor Vehicle in Transport,Pedestrian,1,True,,,,,,,795.0678962832359,N MANASSAS ST,0.0861941122874318,30.0,4,B,MEMPHIS,SHELBY,80711,0.08619411228743185,City of Memphis,city_residual,city: no state-route overlap,N MANASSAS ST,False,False,False,City of Memphis
301089856,2026-07-04,2026-07-04 23:45:00,2026,7,Saturday,23,35.141994,-90.04908,Possible Injury,Pedestrian,Not Intersection-On Roadway Crosswalk Availability Unknown,Intersection,Dark-Not Lighted,Not Collision with Motor Vehicle in Transport,Pedestrian,1,True,UNION AVE,Minor Arterial,35.0,5.0,3,6.0,5.0178996676787415,S FOURTH ST,0.136026411603792,30.0,3,B,MEMPHIS,SHELBY,80537,0.13602641191322737,City of Memphis,city_residual,city: no state-route overlap,S FOURTH ST,False,False,False,City of Memphis
301089861,2026-07-04,2026-07-04 21:25:00,2026,7,Saturday,21,35.21638,-89.89551,Possible Injury,Pedestrian,Not Intersection-On Roadway Not In Crosswalk,AccelDecelLane,Dark-Lighted,Not Collision with Motor Vehicle in Transport,Pedestrian,1,True,,,,,,,105.32911924423098,COVINGTON PIKE,105.7009028964576,40.0,5,B,MEMPHIS,SHELBY,46577,105.70090289648861,TDOT state route,state_route_overlap,"state route: 100% overlap, name=COVINGTON",COVINGTON PIKE,False,False,False,TDOT state route
301087330,2026-06-19,2026-06-19 17:55:00,2026,6,Friday,17,35.105698,-89.878204,Suspected Minor Injury,Pedestrian,Not Intersection-On Roadway Not In Crosswalk,Intersection-Related,Daylight,Not Collision with Motor Vehicle in Transport,Pedestrian,1,True,,,,,,,33.24928176741871,POPLAR AVE,28.831322969261745,40.0,7,B,MEMPHIS,SHELBY,47149,28.831322970500278,TDOT state route,state_route_overlap,"state route: 100% overlap, name=POPLAR",POPLAR AVE,False,False,False,TDOT state route
301090975,2026-07-10,2026-07-10 10:50:00,2026,7,Friday,10,35.145847,-89.95656,Possible Injury,Pedestrian,Intersection-On Roadway not in Crosswalk,Intersection-Related,Daylight,Not Collision with Motor Vehicle in Transport,Pedestrian,1,True,,,,,,,398.9942340364164,VANDALIA ST,16.267728911056327,30.0,2,B,MEMPHIS,SHELBY,82941,16.26772891105989,City of Memphis,city_residual,city: no state-route overlap,VANDALIA ST,False,False,False,City of Memphis
301025278,2025-06-25,2025-06-25 22:21:00,2025,6,Wednesday,22,35.083027,-89.92271,Fatal,Pedestrian,Intersection-On Roadway not in Crosswalk,Intersection,Dark-Lighted,Not Collision with Motor Vehicle in Transport,Other,1,True,,,,,,,833.0628298615674,E MALLORY AVE,10.923015672570545,35.0,2,B,MEMPHIS,SHELBY,6202,10.923015673840258,City of Memphis,city_residual,city: no state-route overlap,E MALLORY AVE,False,False,False,City of Memphis
301090517,2026-07-08,2026-07-08 22:30:00,2026,7,Wednesday,22,35.142082,-90.03187,Possible Injury,Pedestrian,Intersection-Unknown,Entrance/Exit Ramp Related,Dark-Lighted,Not Collision with Motor Vehicle in Transport,Pedestrian,1,True,,,,,,,403.4662993468164,JEFFERSON AVE,60.67545480475181,40.0,4,B,MEMPHIS,SHELBY,7296,60.67545480276912,City of Memphis,city_residual,city: no state-route overlap,JEFFERSON AVE,False,False,False,City of Memphis
301078384,2026-04-30,2026-04-30 20:49:00,2026,4,Thursday,20,35.150913,-89.98125,Suspected Serious Injury,Pedestrian,Intersection-In Crosswalk,Intersection,Daylight,Not Collision with Motor Vehicle in Transport,Pedestrian,1,True,E PARKWAY,Principal Arterial,40.0,7.0,57,5.0,5.887332979204862,E PARKWAY N,5.011341285644677,40.0,7,B,MEMPHIS,SHELBY,48235,5.011341285644677,TDOT state route,state_route_overlap,"state route: 100% overlap, name=E PARKWAY",E PARKWAY N,False,False,False,TDOT state route
301092758,2026-07-21,2026-07-21 15:10:00,2026,7,Tuesday,15,35.142,-90.04908,Possible Injury,Pedestrian,Intersection-In Crosswalk,Intersection,Daylight,Not Collision with Motor Vehicle in Transport,Pedestrian,1,True,UNION AVE,Minor Arterial,35.0,5.0,3,6.0,4.384453242663626,UNION AVE,0.0759402177493732,35.0,5,B,MEMPHIS,SHELBY,53087,0.07594021505811296,TDOT state route,state_route_overlap,"state route: 100% overlap, name=UNION",UNION AVE,False,False,False,TDOT state route
301092761,2026-07-21,2026-07-21 17:53:00,2026,7,Tuesday,17,35.12926,-89.949524,Possible Injury,Pedestrian,Not Intersection-On Roadway Crosswalk Availability Unknown,Non-Junction,Daylight,Not Collision with Motor Vehicle in Transport,Pedestrian,1,True,,,,,,,32.96454421773032,POPLAR AVE,37.30322722552315,40.0,7,B,MEMPHIS,SHELBY,47046,37.30322722551888,TDOT state route,state_route_overlap,"state route: 100% overlap, name=POPLAR",POPLAR AVE,False,False,False,TDOT state route
301090815,2026-07-09,2026-07-09 13:38:00,2026,7,Thursday,13,35.09949,-89.86321,Possible Injury,Pedestrian,Intersection-In Crosswalk,Through Roadway,Daylight,Not Collision with Motor Vehicle in Transport,Pedestrian,1,True,,,,,,,324.32765480174885,PARK AVE,51.67506179622211,40.0,4,B,MEMPHIS,SHELBY,53655,51.675061795454134,City of Memphis,city_residual,city: no state-route overlap,PARK AVE,False,False,False,City of Memphis
301089766,2026-07-03,2026-07-03 21:30:00,2026,7,Friday,21,35.104225,-89.88371,Possible Injury,Pedestrian,Not Intersection-On Roadway Crosswalk not Available,Non-Junction,Dark-Lighted,Not Collision with Motor Vehicle in Transport,Pedestrian,1,True,,,,,,,335.5680277801108,ESTATE DR,54.992369566584095,30.0,5,B,MEMPHIS,SHELBY,34382,54.992369566584095,City of Memphis,city_residual,city: no state-route overlap,ESTATE DR,False,False,False,City of Memphis
301091044,2026-07-11,2026-07-11 21:16:00,2026,7,Saturday,21,35.060165,-89.84378,Possible Injury,Pedestrian,Intersection-In Crosswalk,Intersection,Dark-Lighted,Not Collision with Motor Vehicle in Transport,Pedestrian,1,True,,,,,,,560.8842743372786,KNIGHT ARNOLD RD,0.0132610498694047,40.0,7,B,MEMPHIS,SHELBY,76434,0.013261049919325685,City of Memphis,city_residual,city: no state-route overlap,KNIGHT ARNOLD RD,False,False,False,City of Memphis
301088653,2026-06-26,2026-06-26 21:50:00,2026,6,Friday,21,35.157948,-89.976006,Suspected Minor Injury,Pedestrian,Intersection-Unknown,Intersection,Dawn,Not Collision with Motor Vehicle in Transport,Pedestrian,1,True,JACKSON AVE,Principal Arterial,40.0,5.0,14,7.0,4.681920593647033,N HOLLYWOOD ST,0.0158747741983569,35.0,2,B,MEMPHIS,SHELBY,81769,0.015874774198356954,City of Memphis,city_residual,city: no state-route overlap,N HOLLYWOOD ST,False,False,True,City of Memphis
301092166,2026-07-18,2026-07-18 00:57:00,2026,7,Saturday,0,35.022,-90.00709,Suspected Serious Injury,Pedestrian,Not Intersection-On Roadway Crosswalk not Available,AccelDecelLane,Dark-Not Lighted,Not Collision with Motor Vehicle in Transport,Pedestrian,1,True,,,,,,,103.50604241350304,PINEBROOK DR,35.40322383151977,30.0,2,B,MEMPHIS,SHELBY,32256,35.40322383048062,City of Memphis,city_residual,city: no state-route overlap,PINEBROOK DR,False,False,False,City of Memphis
301086906,2026-06-16,2026-06-16 14:37:00,2026,6,Tuesday,14,35.02091,-90.08123,Possible Injury,Pedestrian,Not Intersection-On Roadway Not In Crosswalk,Non-Junction,Daylight,Not Collision with Motor Vehicle in Transport,Pedestrian,1,True,W SHELBY DR,Minor Arterial,45.0,5.0,175,6.0,4.504456857177193,FORD RD,0.0541116098077463,35.0,2,B,MEMPHIS,SHELBY,76919,0.05411160980774638,City of Memphis,city_residual,city: no state-route overlap,FORD RD,False,False,False,City of Memphis
301087214,2026-06-18,2026-06-18 05:09:00,2026,6,Thursday,5,35.064842,-89.92936,Suspected Serious Injury,Pedestrian,Intersection-Not on Roadway,Intersection,Dawn,Not Collision with Motor Vehicle in Transport,Pedestrian,1,True,,,,,,,270.2562425761548,KNIGHT ARNOLD RD,3.1969742058633672,40.0,5,B,MEMPHIS,SHELBY,49341,3.1969742059255988,City of Memphis,city_residual,city: no state-route overlap,KNIGHT ARNOLD RD,False,False,False,City of Memphis
301088677,2026-06-27,2026-06-27 01:00:00,2026,6,Saturday,1,35.081566,-89.98546,Possible Injury,Pedestrian,Intersection-On Roadway Crosswalk Not Available,Intersection,Dark-Lighted,Not Collision with Motor Vehicle in Transport,Pedestrian,1,True,,,,,,,2013.6647312650305,AIRWAYS BLVD,4.873711507519892,40.0,7,B,MEMPHIS,SHELBY,51005,4.873711507172503,City of Memphis,city_residual,city: no state-route overlap,AIRWAYS BLVD,False,False,False,City of Memphis
300990919,2024-12-12,2024-12-12 18:50:00,2024,12,Thursday,18,35.061245,-89.866714,Fatal,Pedestrian,Not Intersection-On Roadway Not In Crosswalk,Non-Junction,Dark-Not Lighted,Not Collision with Motor Vehicle in Transport,Pedestrian,1,True,,,,,,,1491.196015308847,KNIGHT ARNOLD RD,54.566535164710594,40.0,4,B,MEMPHIS,SHELBY,49451,54.56653516416399,City of Memphis,city_residual,city: no state-route overlap,KNIGHT ARNOLD RD,False,False,False,City of Memphis
301092622,2026-07-20,2026-07-20 16:03:00,2026,7,Monday,16,35.14036,-90.05172,Possible Injury,Pedestrian,Intersection-In Crosswalk,Intersection,Daylight,Not Collision with Motor Vehicle in Transport,Pedestrian,2,True,S THIRD ST,Minor Arterial,35.0,3.0,14,6.0,1.1968502510781276,PEABODY PL,0.091473883480341,30.0,4,B,MEMPHIS,SHELBY,55058,0.09147388348034102,City of Memphis,city_residual,city: no state-route overlap,PEABODY PL,False,False,True,City of Memphis
301087581,2026-06-21,2026-06-21 20:18:00,2026,6,Sunday,20,35.11612,-89.90669,Suspected Minor Injury,Pedestrian,Intersection-On Roadway Crosswalk availability Unknown,Intersection,Dark-Lighted,Not Collision with Motor Vehicle in Transport,Pedestrian,1,True,POPLAR AVE,Principal Arterial,40.0,7.0,57,5.0,3.7837593574200863,S PERKINS RD,0.0656597885747341,35.0,2,B,MEMPHIS,SHELBY,77119,0.06565978906781854,City of Memphis,city_residual,city: no state-route overlap,S PERKINS RD,False,False,True,City of Memphis