MstrRecNbrTxt,CollisionDate,CollisionDteTime,YearNmb,Month,DayOfWeek,Hour,Latitude,Longitude,InjuryClass,PersonType,NonMotoristLocation,RelationToJunction,LightCondition,MannerOfCollision,FirstHarmfulEvent,VictimsInCrash,InMemphis,StateRoute_NAME,StateRoute_F_System,StateRoute_SPDLIMIT,StateRoute_LANES,StateRoute_ALTNAME_1,StateRoute_Council_District,DistToStateRoute_m,Street_Name,DistToStreet_m,Street_SPDLIMIT,Street_LANES,Street_ONEWAY,Street_CITY_L,Street_COUNTY_L,Seg_OBJECTID,DistToSeg_m,Ownership,Rule_Fired,Classification_Basis,Matched_Street,is_limited_access,is_override,is_corner_case,Jurisdiction_prev
301091563,2026-07-14,2026-07-14 18:22:00,2026,7,Tuesday,18,35.146473,-90.03697,Possible Injury,Pedestrian,Intersection-On Roadway not in Crosswalk,Intersection,Daylight,Not Collision with Motor Vehicle in Transport,Pedestrian,1,True,,,,,,,625.904139219938,POPLAR AVE,0.0622480771732971,40.0,6,B,MEMPHIS,SHELBY,50341,0.06224807717329711,City of Memphis,city_residual,city: no state-route overlap,POPLAR AVE,False,False,False,City of Memphis
301045948,2025-10-20,2025-10-20 11:15:00,2025,10,Monday,11,35.137028,-89.973434,Fatal,Pedestrian,Not Intersection-On Roadway Not In Crosswalk,Non-Junction,Daylight,"Sideswipe, Same Direction",Other,1,True,POPLAR AVE,Principal Arterial,40.0,7.0,57,5.0,4.272525740041603,POPLAR AVE,0.059930164782053,40.0,7,B,MEMPHIS,SHELBY,48600,0.059930164782053034,TDOT state route,state_route_overlap,"state route: 100% overlap, name=POPLAR",POPLAR AVE,False,False,False,TDOT state route
301096611,2026-08-13,2026-08-13 00:30:00,2026,8,Thursday,0,35.176876,-89.83668,Possible Injury,Pedestrian,Intersection-On Roadway not in Crosswalk,Entrance/Exit Ramp Related,Dark-Lighted,Not Collision with Motor Vehicle in Transport,Pedestrian,1,True,,,,,,,1877.5237401833583,WHITTEN RD TO 40W,0.252022568683407,45.0,1,FT,MEMPHIS,SHELBY,36262,0.2520225691075565,Interstate ramp (TDOT),interstate_ramp,interstate ramp: MTFCC S1630,WHITTEN RD TO 40W,True,False,False,Interstate ramp
301083723,2026-05-30,2026-05-30 00:50:00,2026,5,Saturday,0,35.109856,-89.88973,Fatal,Pedestrian,Not Intersection-On Roadway Crosswalk not Available,Intersection-Related,Dark-Lighted,Not Collision with Motor Vehicle in Transport,Pedestrian,1,True,POPLAR AVE,Principal Arterial,40.0,7.0,57,5.0,3.779460038369111,POPLAR AVE,0.0580801557896255,40.0,7,B,MEMPHIS,SHELBY,47136,0.05808015785806189,TDOT state route,state_route_overlap,"state route: 100% overlap, name=POPLAR",POPLAR AVE,False,False,False,TDOT state route
301093390,2026-07-24,2026-07-24 22:10:00,2026,7,Friday,22,35.135464,-90.002884,Fatal,Pedestrian,Not Intersection-On Roadway Crosswalk not Available,Intersection-Related,Dark-Lighted,Not Collision with Motor Vehicle in Transport,Pedestrian,1,True,UNION AVE,Principal Arterial,35.0,6.0,23,5.0,6.948871931964814,UNION AVE,2.361385745851184,35.0,6,B,MEMPHIS,SHELBY,48114,2.361385746717113,TDOT state route,state_route_overlap,"state route: 100% overlap, name=UNION",UNION AVE,False,False,False,TDOT state route
301095885,2026-08-06,2026-08-06 13:33:00,2026,8,Thursday,13,35.11604,-90.055214,Possible Injury,Pedestrian,Intersection-On Roadway Crosswalk availability Unknown,Intersection,Daylight,Not Collision with Motor Vehicle in Transport,Pedestrian,1,True,S THIRD ST,Principal Arterial,40.0,5.0,14,6.0,0.5214254683854173,E MCLEMORE AVE,0.0097156395650323,35.0,2,B,MEMPHIS,SHELBY,53309,0.009715639562837794,City of Memphis,city_residual,city: no state-route overlap,E MCLEMORE AVE,False,False,True,City of Memphis
301094710,2026-08-01,2026-08-01 22:12:00,2026,8,Saturday,22,35.181942,-89.97655,Suspected Serious Injury,Pedestrian,Not Intersection-Other Not On Roadway,Through Roadway,Dark-Lighted,Not Collision with Motor Vehicle in Transport,Pedestrian,1,True,,,,,,,2641.218420186578,OAKWOOD ST,16.4567166285866,30.0,2,B,MEMPHIS,SHELBY,81788,16.456716628553306,City of Memphis,city_residual,city: no state-route overlap,OAKWOOD ST,False,False,False,City of Memphis
301095524,2026-08-06,2026-08-06 08:37:00,2026,8,Thursday,8,35.08655,-90.11144,No Injury,Pedestrian,Not Intersection-Outside Traffic,Rail Grade Crossing,Daylight,Not Collision with Motor Vehicle in Transport,Other,2,True,,,,,,,4966.58031228969,CHANNEL AVE,239.71058113963343,40.0,2,B,MEMPHIS,SHELBY,4574,239.71058113963343,City of Memphis,city_residual,city: no state-route overlap,CHANNEL AVE,False,False,False,City of Memphis
301093566,2026-07-25,2026-07-25 05:33:00,2026,7,Saturday,5,35.104927,-89.9826,Fatal,Pedestrian,Intersection-On Roadway not in Crosswalk,Non-Junction,Dark-Lighted,Not Collision with Motor Vehicle in Transport,Pedestrian,1,True,,,,,,,133.5180290511542,DEADRICK AVE,0.0854704714818061,35.0,2,B,MEMPHIS,SHELBY,5295,0.08547046724848943,City of Memphis,city_residual,city: no state-route overlap,DEADRICK AVE,False,False,False,City of Memphis
301095003,2026-08-04,2026-08-04 07:38:00,2026,8,Tuesday,7,35.07458,-89.878075,Possible Injury,Pedestrian,Intersection-On Roadway Crosswalk Not Available,Non-Junction,Daylight,Not Collision with Motor Vehicle in Transport,Pedestrian,1,True,,,,,,,686.5599022860067,MOUNT MORIAH RD,1.0582483769540565,40.0,7,B,MEMPHIS,SHELBY,49426,1.0582483751132807,City of Memphis,city_residual,city: no state-route overlap,MOUNT MORIAH RD,False,False,False,City of Memphis
301094049,2026-07-28,2026-07-28 14:03:00,2026,7,Tuesday,14,35.172173,-89.914246,Suspected Minor Injury,Pedestrian,Not Intersection-On Roadway Not In Crosswalk,Intersection-Related,Daylight,Not Collision with Motor Vehicle in Transport,Pedestrian,1,True,,,,,,,1132.6681045845414,GREY RD,8.44533957583762,30.0,2,B,MEMPHIS,SHELBY,73941,8.445339575732227,City of Memphis,city_residual,city: no state-route overlap,GREY RD,False,False,False,City of Memphis
301095546,2026-08-07,2026-08-07 00:00:00,2026,8,Friday,0,35.171684,-89.975235,Suspected Serious Injury,Pedestrian,Not Intersection-On Roadway Not In Crosswalk,Through Roadway,Dark-Lighted,Not Collision with Motor Vehicle in Transport,Pedestrian,1,True,,,,,,,1518.2301034849618,MATTHEWS AVE,12.37943450515209,30.0,2,B,MEMPHIS,SHELBY,4515,12.3794345048376,City of Memphis,city_residual,city: no state-route overlap,MATTHEWS AVE,False,False,False,City of Memphis
301096399,2026-08-11,2026-08-11 21:17:00,2026,8,Tuesday,21,35.04977,-89.85747,Suspected Serious Injury,Pedestrian,Not Intersection-On Roadway Crosswalk not Available,Non-Junction,Dark-Lighted,Not Collision with Motor Vehicle in Transport,Pedestrian,1,True,,,,,,,2238.953896361769,WINCHESTER RD,0.0811327062429072,45.0,7,B,MEMPHIS,SHELBY,49467,0.08113270483295018,City of Memphis,city_residual,city: no state-route overlap,WINCHESTER RD,False,False,False,City of Memphis
301096452,2026-08-12,2026-08-12 06:50:00,2026,8,Wednesday,6,35.2124,-89.9238,Possible Injury,Pedestrian,Not Intersection-On Roadway Not In Crosswalk,Non-Junction,Daylight,Not Collision with Motor Vehicle in Transport,Pedestrian,1,True,,,,,,,419.96836250985166,RALEIGH MILLINGTON RD,0.0402288729613298,40.0,4,B,MEMPHIS,SHELBY,47209,0.04022887172313949,City of Memphis,city_residual,city: no state-route overlap,RALEIGH MILLINGTON RD,False,False,False,City of Memphis
301093813,2026-07-27,2026-07-27 22:05:00,2026,7,Monday,22,35.195087,-89.89963,Suspected Serious Injury,Pedestrian,Not Intersection-On Roadway Not In Crosswalk,Intersection,Dark-Not Lighted,Not Collision with Motor Vehicle in Transport,Pedestrian,1,True,,,,,,,379.0994590317419,RALEIGH LAGRANGE RD,0.3558859740585422,45.0,7,B,MEMPHIS,SHELBY,51944,0.3558859740585422,City of Memphis,city_residual,city: no state-route overlap,RALEIGH LAGRANGE RD,False,False,False,City of Memphis
301094602,2026-08-02,2026-08-02 02:40:00,2026,8,Sunday,2,35.213657,-89.9166,Possible Injury,Pedestrian,Intersection-On Roadway not in Crosswalk,Intersection,Dark-Lighted,Not Collision with Motor Vehicle in Transport,Pedestrian,1,True,AUSTIN PEAY HWY,Principal Arterial,45.0,7.0,14,1.0,3.351465337200392,AUSTIN PEAY HWY,0.1507721730012708,45.0,7,B,MEMPHIS,SHELBY,48086,0.1507721730012708,TDOT state route,state_route_overlap,"state route: 100% overlap, name=AUSTIN PEAY",AUSTIN PEAY HWY,False,False,False,TDOT state route
301094136,2026-07-29,2026-07-29 22:03:00,2026,7,Wednesday,22,35.169,-89.865364,Suspected Serious Injury,Pedestrian,Not Intersection-On Roadway Not In Crosswalk,Non-Junction,Dark-Not Lighted,Not Collision with Motor Vehicle in Transport,Pedestrian,1,True,,,,,,,431.4935552697937,SYCAMORE VIEW RD,6.000045535677847,45.0,7,B,MEMPHIS,SHELBY,50094,6.000045535312161,City of Memphis,city_residual,city: no state-route overlap,SYCAMORE VIEW RD,False,False,False,City of Memphis
301094433,2026-07-31,2026-07-31 21:38:00,2026,7,Friday,21,35.053303,-89.99127,Possible Injury,Pedestrian,Not Intersection-On Roadway Not In Crosswalk,Non-Junction,Dark-Lighted,Not Collision with Motor Vehicle in Transport,Pedestrian,1,True,,,,,,,3069.9405766705345,WINCHESTER RD,0.1192487783900673,40.0,6,B,MEMPHIS,SHELBY,49833,0.11924877839613117,City of Memphis,city_residual,city: no state-route overlap,WINCHESTER RD,False,False,False,City of Memphis
301096502,2026-08-12,2026-08-12 07:50:00,2026,8,Wednesday,7,35.177887,-89.974976,Possible Injury,Pedestrian,Intersection-On Roadway Crosswalk Not Available,Intersection,Daylight,Not Collision with Motor Vehicle in Transport,Pedestrian,1,True,,,,,,,2201.5890682157224,N HOLLYWOOD ST,27.88742953286913,40.0,4,B,MEMPHIS,SHELBY,50755,27.887429532831188,City of Memphis,city_residual,city: no state-route overlap,N HOLLYWOOD ST,False,False,False,City of Memphis
301097192,2026-08-16,2026-08-16 03:40:00,2026,8,Sunday,3,35.065907,-89.942213,Fatal,Pedestrian,Not Intersection-On Roadway Crosswalk not Available,Non-Junction,Dark-Not Lighted,Not Collision with Motor Vehicle in Transport,Pedestrian,1,True,LAMAR AVE,Principal Arterial,40.0,7.0,4,4.0,5.609381735040643,LAMAR AVE,3.2233549832007165,40.0,7,B,MEMPHIS,SHELBY,46408,3.2233549826940773,TDOT state route,state_route_overlap,"state route: 100% overlap, name=LAMAR",LAMAR AVE,False,False,False,TDOT state route
301094615,2026-08-01,2026-08-01 19:37:00,2026,8,Saturday,19,35.06163,-90.02371,Suspected Serious Injury,Pedestrian,Intersection-In Crosswalk,"Driveway, Alley Access, etc",Daylight,Not Collision with Motor Vehicle in Transport,Pedestrian,1,True,ELVIS PRESLEY BLVD,Principal Arterial,40.0,6.0,3,6.0,11.840609877551683,E BROOKS RD,8.687367592865133,45.0,5,B,MEMPHIS,SHELBY,49725,8.687367594174608,City of Memphis,city_residual,city: no state-route overlap,E BROOKS RD,False,False,False,City of Memphis
301096784,2026-08-13,2026-08-13 17:30:00,2026,8,Thursday,17,35.21042,-90.04211,Possible Injury,Pedestrian,Intersection-On Roadway Crosswalk availability Unknown,Through Roadway,Daylight,Not Collision with Motor Vehicle in Transport,Pedestrian,1,True,,,,,,,860.6438736288111,SINCLAIR ST,4.873434892625304,30.0,2,B,MEMPHIS,SHELBY,79750,4.873434892625304,City of Memphis,city_residual,city: no state-route overlap,SINCLAIR ST,False,False,False,City of Memphis
301071209,2026-03-23,2026-03-23 03:18:00,2026,3,Monday,3,35.183582,-89.87671,Fatal,Pedestrian,Not Intersection-On Roadway Not In Crosswalk,Non-Junction,Dark-Lighted,Not Collision with Motor Vehicle in Transport,Pedestrian,1,True,,,,,,,1399.298722893618,RALEIGH LAGRANGE RD,2.0183185849537955,45.0,6,B,MEMPHIS,SHELBY,51825,2.018318584144135,City of Memphis,city_residual,city: no state-route overlap,RALEIGH LAGRANGE RD,False,False,False,City of Memphis
301094646,2026-08-02,2026-08-02 05:10:00,2026,8,Sunday,5,35.020283,-89.955055,Possible Injury,Pedestrian,Intersection-Unknown,Intersection-Related,Dawn,Not Collision with Motor Vehicle in Transport,Pedestrian,1,True,,,,,,,57.2999889173319,TCHULAHOMA RD,45.32153255351846,35.0,2,B,MEMPHIS,SHELBY,49314,45.32153255349718,City of Memphis,city_residual,city: no state-route overlap,TCHULAHOMA RD,False,False,False,City of Memphis
301097684,2026-08-19,2026-08-19 02:40:00,2026,8,Wednesday,2,35.044685,-90.056244,No Injury,Other Non-Motorist,Unknown,Unknown,Dark-Lighted,Not Collision with Motor Vehicle in Transport,Other,1,True,,,,,,,685.6871182383939,NEELY RD,0.0752783405803731,35.0,2,B,MEMPHIS,SHELBY,49665,0.07527834061502375,City of Memphis,city_residual,city: no state-route overlap,NEELY RD,False,False,False,City of Memphis
301093089,2026-07-23,2026-07-23 05:15:00,2026,7,Thursday,5,35.24324,-89.931481,Fatal,Pedestrian,Not Intersection-On Roadway Crosswalk not Available,Non-Junction,Dark-Lighted,Not Collision with Motor Vehicle in Transport,Pedestrian,1,True,,,,,,,3120.1503631795144,EGYPT CENTRAL RD,3.637061461866584,40.0,5,B,MEMPHIS,SHELBY,52380,3.6370614615416583,City of Memphis,city_residual,city: no state-route overlap,EGYPT CENTRAL RD,False,False,False,City of Memphis
301069623,2026-03-12,2026-03-12 16:20:00,2026,3,Thursday,16,35.208828,-90.011665,Fatal,Pedestrian,Not Intersection-On Roadway Not In Crosswalk,Intersection-Related,Daylight,Not Collision with Motor Vehicle in Transport,Pedestrian,1,True,,,,,,,1902.3475893685409,WHITNEY AVE,0.1925227349397092,40.0,4,B,MEMPHIS,SHELBY,2742,0.19252273634699613,City of Memphis,city_residual,city: no state-route overlap,WHITNEY AVE,False,False,False,City of Memphis
301071051,2026-03-21,2026-03-21 21:20:00,2026,3,Saturday,21,35.064884,-89.93243,Fatal,Pedestrian,Intersection-Unknown,Intersection,Dark-Lighted,Not Collision with Motor Vehicle in Transport,Pedestrian,1,True,NEW GETWELL RD,Principal Arterial,40.0,2.0,176,3.0,0.3183575722021206,GETWELL RD,0.0186755769238648,40.0,2,FT,MEMPHIS,SHELBY,47309,0.01867557692386486,TDOT state route,state_route_overlap,"state route: 100% overlap, name=GETWELL",GETWELL RD,False,False,False,TDOT state route
301093148,2026-07-22,2026-07-22 21:09:00,2026,7,Wednesday,21,35.02085,-89.96364,Suspected Serious Injury,Other Non-Motorist,Not Intersection-On Roadway Not In Crosswalk,Non-Junction,Dark-Lighted,Front to Rear,Other,1,True,E SHELBY DR,Principal Arterial,45.0,6.0,175,3.0,4.939292727594661,E SHELBY DR,0.2546311738656366,45.0,6,B,TENNESSEE AIR NATIONAL GUARD,SHELBY,47833,0.2546311767027763,TDOT state route,state_route_overlap,"state route: 100% overlap, name=E SHELBY",E SHELBY DR,False,False,False,TDOT state route
301095135,2026-08-05,2026-08-05 03:10:00,2026,8,Wednesday,3,35.174644,-89.97543,Suspected Serious Injury,Pedestrian,Intersection-In Crosswalk,Intersection,Dark-Lighted,Not Collision with Motor Vehicle in Transport,Pedestrian,1,True,,,,,,,1846.8770546868925,CHELSEA AVE,0.162213842592708,40.0,4,B,MEMPHIS,SHELBY,50750,0.1622138425931861,City of Memphis,city_residual,city: no state-route overlap,CHELSEA AVE,False,False,False,City of Memphis
301095121,2026-08-04,2026-08-04 23:00:00,2026,8,Tuesday,23,35.148716,-89.93196,Suspected Minor Injury,Pedestrian,Not Intersection-On Roadway Not In Crosswalk,OtherLocation,Dark-Lighted,Not Collision with Motor Vehicle in Transport,Pedestrian,1,True,,,,,,,58.200697554837205,SUMMER AVE,53.54577260506491,40.0,7,B,MEMPHIS,SHELBY,47085,53.54577260532034,TDOT state route,state_route_overlap,"state route: 100% overlap, name=SUMMER",SUMMER AVE,False,False,False,TDOT state route
301096076,2026-08-10,2026-08-10 09:00:00,2026,8,Monday,9,35.191555,-89.975784,No Injury,Pedestrian,Not Intersection-Unknown,Non-Junction,Daylight,Not Collision with Motor Vehicle in Transport,Pedestrian,1,True,,,,,,,3583.249500734013,INTERSTATE 40 E,0.1269906983531337,65.0,3,TF,MEMPHIS,SHELBY,39528,0.126990696952914,Interstate (TDOT),interstate_mainline,interstate: MTFCC S1100,INTERSTATE 40 E,True,False,False,Interstate (TDOT)
301093377,2026-07-24,2026-07-24 21:05:00,2026,7,Friday,21,35.23125,-89.96506,Possible Injury,Pedestrian,Intersection-On Roadway Crosswalk Not Available,Through Roadway,Dusk,Not Collision with Motor Vehicle in Transport,Pedestrian,1,True,,,,,,,3973.531780406475,GRUBER DR,25.265438447279564,30.0,2,B,MEMPHIS,SHELBY,27997,25.265438445849433,City of Memphis,city_residual,city: no state-route overlap,GRUBER DR,False,False,False,City of Memphis
301096365,2026-08-11,2026-08-11 16:50:00,2026,8,Tuesday,16,35.053303,-89.99127,Possible Injury,Pedestrian,Not Intersection-On Roadway Not In Crosswalk,AccelDecelLane,Daylight,Not Collision with Motor Vehicle in Transport,Pedestrian,1,True,,,,,,,3069.9405766705345,WINCHESTER RD,0.1192487783900673,40.0,6,B,MEMPHIS,SHELBY,49833,0.11924877839613117,City of Memphis,city_residual,city: no state-route overlap,WINCHESTER RD,False,False,False,City of Memphis
301101289,2026-09-07,2026-09-07 11:21:00,2026,9,Monday,11,35.143955,-90.01564,Possible Injury,Pedestrian,Intersection-In Crosswalk,Intersection,Daylight,Not Collision with Motor Vehicle in Transport,Pedestrian,1,True,,,,,,,789.8753669485542,POPLAR AVE,0.1332189960499262,40.0,7,B,MEMPHIS,SHELBY,50416,0.1332189988694748,City of Memphis,city_residual,city: no state-route overlap,POPLAR AVE,False,False,False,City of Memphis
301098725,2026-08-24,2026-08-24 12:38:00,2026,8,Monday,12,35.132137,-89.856064,Fatal,Pedestrian,Not Intersection-In Crosswalk,Non-Junction,Daylight,Not Collision with Motor Vehicle in Transport,Pedestrian,1,True,,,,,,,1072.966421462778,WALNUT GROVE RD,2.5295402042886845,45.0,3,FT,MEMPHIS,SHELBY,48569,2.5295402036032844,City of Memphis,city_residual,city: no state-route overlap,WALNUT GROVE RD,False,False,False,City of Memphis
301102689,2026-09-14,2026-09-14 14:40:00,2026,9,Monday,14,35.136646,-90.01465,Suspected Minor Injury,Pedestrian,Intersection-On Roadway not in Crosswalk,Intersection,Daylight,Not Collision with Motor Vehicle in Transport,Pedestrian,1,True,UNION AVE,Principal Arterial,35.0,6.0,23,7.0,4.570733433076683,UNION AVE,0.0092517492389433,35.0,6,B,MEMPHIS,SHELBY,47870,0.00925174783811321,TDOT state route,state_route_overlap,"state route: 100% overlap, name=UNION",UNION AVE,False,False,False,TDOT state route
301102431,2026-09-13,2026-09-13 23:17:00,2026,9,Sunday,23,35.076416,-89.931526,Suspected Serious Injury,Pedestrian,Not Intersection-On Roadway Not In Crosswalk,Non-Junction,Dark-Lighted,Not Collision with Motor Vehicle in Transport,Pedestrian,1,True,GETWELL RD,Principal Arterial,40.0,7.0,176,4.0,0.1746264389950035,AMERICAN WAY,0.0120421730620728,45.0,6,B,MEMPHIS,SHELBY,49340,0.012042171656259967,City of Memphis,city_residual,city: no state-route overlap,AMERICAN WAY,False,False,False,City of Memphis
301099680,2026-08-29,2026-08-29 18:15:00,2026,8,Saturday,18,35.20178,-89.807045,Possible Injury,Pedestrian,Intersection-On Roadway Crosswalk Not Available,Through Roadway,Daylight,Not Collision with Motor Vehicle in Transport,Pedestrian,1,True,,,,,,,319.60518652493494,DEER TRAIL LN,18.47941094266657,30.0,2,B,MEMPHIS,SHELBY,42494,18.479410944521106,City of Memphis,city_residual,city: no state-route overlap,DEER TRAIL LN,False,False,False,City of Memphis
301098264,2026-08-22,2026-08-22 03:20:00,2026,8,Saturday,3,35.16826,-89.86452,Suspected Serious Injury,Pedestrian,Not Intersection-On Roadway Not In Crosswalk,Intersection-Related,Dark-Lighted,Not Collision with Motor Vehicle in Transport,Pedestrian,1,True,,,,,,,543.1408144178649,SHELBY OAKS DR,0.3160451960325066,40.0,4,B,MEMPHIS,SHELBY,35005,0.31604519711368095,City of Memphis,city_residual,city: no state-route overlap,SHELBY OAKS DR,False,False,False,City of Memphis
301100754,2026-09-02,2026-09-02 17:34:00,2026,9,Wednesday,17,35.135254,-90.05002,Suspected Serious Injury,Pedestrian,Intersection-In Crosswalk,Intersection,Daylight,Not Collision with Motor Vehicle in Transport,Other,1,True,,,,,,,228.5408393174983,S FOURTH ST,0.4415131142193359,30.0,3,B,MEMPHIS,SHELBY,80530,0.4415131143839661,City of Memphis,city_residual,city: no state-route overlap,S FOURTH ST,False,False,False,City of Memphis
301025660,2025-06-28,2025-06-28 04:39:00,2025,6,Saturday,4,35.167934,-90.00019,Fatal,Pedestrian,Intersection-On Roadway Crosswalk Not Available,Intersection,Dark-Unknown Lighting,Not Collision with Motor Vehicle in Transport,Pedestrian,1,True,,,,,,,773.3552146475448,N EVERGREEN ST,13.491939131752298,35.0,3,B,MEMPHIS,SHELBY,81441,13.49193913165061,City of Memphis,city_residual,city: no state-route overlap,N EVERGREEN ST,False,False,False,City of Memphis
301101816,2026-09-08,2026-09-08 13:00:00,2026,9,Tuesday,13,35.105324,-89.98564,Fatal,Pedestrian,Not Intersection-In Crosswalk,Intersection,Daylight,Not Collision with Motor Vehicle in Transport,Pedestrian,1,True,LAMAR AVE,Principal Arterial,40.0,5.0,4,4.0,3.344926198094228,AIRWAYS BLVD,0.118502627105938,35.0,5,B,MEMPHIS,SHELBY,47984,0.11850262855888714,TDOT state route,state_route_overlap,"state route: 100% overlap, name=AIRWAYS",AIRWAYS BLVD,False,False,False,TDOT state route
301018340,2025-05-15,2025-05-15 22:10:00,2025,5,Thursday,22,35.142204,-90.03157,Fatal,Pedestrian,Not Intersection-On Roadway Not In Crosswalk,Non-Junction,Dark-Lighted,Not Collision with Motor Vehicle in Transport,Pedestrian,1,True,,,,,,,420.5362771524241,JEFFERSON AVE,47.13312526057278,40.0,4,B,MEMPHIS,SHELBY,7296,47.13312525950835,City of Memphis,city_residual,city: no state-route overlap,JEFFERSON AVE,False,False,False,City of Memphis
301068787,2026-03-07,2026-03-07 21:25:00,2026,3,Saturday,21,35.107857,-89.962135,Suspected Serious Injury,Pedestrian,Not Intersection-On Roadway Not In Crosswalk,Non-Junction,Dark-Unknown Lighting,Not Collision with Motor Vehicle in Transport,Pedestrian,1,True,,,,,,,1471.3173364099243,PARK AVE,0.3117722781590764,35.0,4,B,MEMPHIS,SHELBY,51103,0.3117722759945038,City of Memphis,city_residual,city: no state-route overlap,PARK AVE,False,False,False,City of Memphis
301099501,2026-08-28,2026-08-28 15:43:00,2026,8,Friday,15,35.066723,-89.843605,Possible Injury,Pedestrian,Not Intersection-Adjacent to Roadway,Non-Junction,Daylight,Angle,Other,1,True,STATE ROUTE 385,Freeway and Expressway,65.0,3.0,NONCONNAH PKWY,2.0,3.991584068948181,STATE ROUTE 385 E,0.024449502916851,65.0,3,FT,MEMPHIS,SHELBY,47693,0.02444950291685103,TDOT state route,state_route_overlap,"state route: 100% overlap, name=STATE ROUTE 385",STATE ROUTE 385 E,False,False,False,TDOT state route
301100184,2026-09-01,2026-09-01 08:30:00,2026,9,Tuesday,8,35.034378,-90.05157,Possible Injury,Pedestrian,Not Intersection-Bike Path,"Driveway, Alley Access, etc",Daylight,Not Collision with Motor Vehicle in Transport,Other,1,True,,,,,,,1497.7964755213527,WINDWARD DR,26.743841270106422,30.0,2,B,MEMPHIS,SHELBY,27193,26.743841270146408,City of Memphis,city_residual,city: no state-route overlap,WINDWARD DR,False,False,False,City of Memphis
301084184,2026-06-01,2026-06-01 22:30:00,2026,6,Monday,22,35.085995,-89.962364,Fatal,Pedestrian,Not Intersection-On Roadway Not In Crosswalk,Non-Junction,Dark-Lighted,Not Collision with Motor Vehicle in Transport,Pedestrian,1,True,LAMAR AVE,Principal Arterial,40.0,5.0,4,4.0,2.890305868855618,LAMAR AVE,0.1049243643498677,40.0,5,B,MEMPHIS,SHELBY,47003,0.10492436434986777,TDOT state route,state_route_overlap,"state route: 100% overlap, name=LAMAR",LAMAR AVE,False,False,False,TDOT state route
301098780,2026-08-24,2026-08-24 07:15:00,2026,8,Monday,7,35.173267,-90.00771,Possible Injury,Pedestrian,Intersection-On Roadway Crosswalk Not Available,Non-Junction,Daylight,Not Collision with Motor Vehicle in Transport,Pedestrian,1,True,,,,,,,1489.938689531524,N MCNEIL ST,15.724100177298869,30.0,2,B,MEMPHIS,SHELBY,81271,15.724100177298867,City of Memphis,city_residual,city: no state-route overlap,N MCNEIL ST,False,False,False,City of Memphis
301099008,2026-08-25,2026-08-25 22:35:00,2026,8,Tuesday,22,35.06311,-90.0592,Suspected Serious Injury,Pedestrian,Intersection-On Roadway not in Crosswalk,Intersection,Dark-Lighted,Not Collision with Motor Vehicle in Transport,Pedestrian,1,True,S THIRD ST,Principal Arterial,45.0,7.0,14,6.0,0.4896950332508072,E BROOKS RD,0.017395256609359,35.0,3,B,MEMPHIS,SHELBY,52491,0.01739525660816247,City of Memphis,city_residual,city: no state-route overlap,E BROOKS RD,False,False,True,City of Memphis
301101141,2026-09-06,2026-09-06 01:48:00,2026,9,Sunday,1,35.19512,-89.79238,Possible Injury,Pedestrian,Not Intersection-Unknown,Non-Junction,Dark-Lighted,Not Collision with Motor Vehicle in Transport,Pedestrian,1,True,N GERMANTOWN PKWY,Principal Arterial,45.0,7.0,177,1.0,0.3999424724383709,N GERMANTOWN PKWY,0.0306330730583858,45.0,7,B,MEMPHIS,SHELBY,47654,0.030633072959361282,TDOT state route,state_route_overlap,"state route: 100% overlap, name=N GERMANTOWN",N GERMANTOWN PKWY,False,False,False,TDOT state route
301100538,2026-09-02,2026-09-02 20:33:00,2026,9,Wednesday,20,35.221336,-89.894196,Possible Injury,Pedestrian,Intersection-On Roadway not in Crosswalk,Through Roadway,Dark-Lighted,Not Collision with Motor Vehicle in Transport,Pedestrian,1,True,COVINGTON PIKE,,40.0,5.0,204,1.0,0.0358320659752946,YALE RD,0.0937831801408735,40.0,4,B,MEMPHIS,SHELBY,50036,0.09378318016738588,City of Memphis,city_residual,city: no state-route overlap,YALE RD,False,False,True,City of Memphis
301100540,2026-08-31,2026-08-31 21:12:00,2026,8,Monday,21,35.15837,-90.01507,Suspected Serious Injury,Pedestrian,Not Intersection-On Roadway Not In Crosswalk,Non-Junction,Dark-Lighted,Not Collision with Motor Vehicle in Transport,Pedestrian,1,True,JACKSON AVE,Principal Arterial,35.0,4.0,14,7.0,4.809251655002903,JACKSON AVE,0.2090482799710761,35.0,4,B,MEMPHIS,SHELBY,46781,0.20904828278360787,TDOT state route,state_route_overlap,"state route: 100% overlap, name=JACKSON",JACKSON AVE,False,False,False,TDOT state route