MstrRecNbrTxt,CollisionDate,CollisionDteTime,YearNmb,Month,DayOfWeek,Hour,Latitude,Longitude,InjuryClass,PersonType,NonMotoristLocation,RelationToJunction,LightCondition,MannerOfCollision,FirstHarmfulEvent,VictimsInCrash,InMemphis,StateRoute_NAME,StateRoute_F_System,StateRoute_SPDLIMIT,StateRoute_LANES,StateRoute_ALTNAME_1,StateRoute_Council_District,DistToStateRoute_m,Street_Name,DistToStreet_m,Street_SPDLIMIT,Street_LANES,Street_ONEWAY,Street_CITY_L,Street_COUNTY_L,Seg_OBJECTID,DistToSeg_m,Ownership,Rule_Fired,Classification_Basis,Matched_Street,is_limited_access,is_override,is_corner_case,Jurisdiction_prev
301099899,2026-08-31,2026-08-31 08:07:00,2026,8,Monday,8,35.015633,-90.02658,Suspected Minor Injury,Pedestrian,Not Intersection-On Roadway Not In Crosswalk,Through Roadway,Daylight,Not Collision with Motor Vehicle in Transport,Pedestrian,1,True,,,,,,,123.26723657204596,MCCLURE RD,116.24648805749564,35.0,2,B,MEMPHIS,SHELBY,72290,116.2464880580066,City of Memphis,city_residual,city: no state-route overlap,MCCLURE RD,False,False,False,City of Memphis
301102771,2026-09-14,2026-09-14 20:36:00,2026,9,Monday,20,35.101883,-89.87028,Fatal,Pedestrian,Not Intersection-Outside Traffic,Non-Junction,Dark-Lighted,Not Collision with Motor Vehicle in Transport,Pedestrian,1,True,POPLAR AVE,Principal Arterial,40.0,3.0,57,5.0,4.382984339568191,POPLAR AVE,0.0757495367295001,40.0,2,FT,MEMPHIS,SHELBY,6941,0.07574953416005303,TDOT state route,state_route_overlap,"state route: 100% overlap, name=POPLAR",POPLAR AVE,False,False,False,TDOT state route
301102325,2026-09-13,2026-09-13 00:00:00,2026,9,Sunday,0,35.17911,-89.861206,Suspected Minor Injury,Pedestrian,Not Intersection-Adjacent to Roadway,Intersection,Dark-Not Lighted,Not Collision with Motor Vehicle in Transport,Pedestrian,1,True,SUMMER AVE,Principal Arterial,45.0,4.0,1,1.0,3.3097291966119182,E GLENHOME DR,0.1545715647676634,30.0,2,B,MEMPHIS,SHELBY,34917,0.15457156476766348,City of Memphis,city_residual,city: no state-route overlap,E GLENHOME DR,False,False,False,City of Memphis
301100278,2026-09-01,2026-09-01 20:00:00,2026,9,Tuesday,20,35.16857,-89.86386,Possible Injury,Pedestrian,Intersection-On Roadway Crosswalk availability Unknown,Non-Junction,Dawn,Not Collision with Motor Vehicle in Transport,Pedestrian,1,True,,,,,,,567.2245773346496,SHELBY OAKS DR,4.073699828360989,35.0,4,B,MEMPHIS,SHELBY,52778,4.073699825904731,City of Memphis,city_residual,city: no state-route overlap,SHELBY OAKS DR,False,False,False,City of Memphis
301101652,2026-09-09,2026-09-09 08:07:00,2026,9,Wednesday,8,35.128716,-90.02107,Possible Injury,Pedestrian,Intersection-In Crosswalk,Intersection,Daylight,Not Collision with Motor Vehicle in Transport,Pedestrian,1,True,S BELLEVUE BLVD,Minor Arterial,35.0,4.0,3,6.0,0.7494499111183989,LAMAR AVE,0.1448637063314194,40.0,6,B,MEMPHIS,SHELBY,46751,0.14486370516103783,TDOT state route,state_route_overlap,"state route: 100% overlap, name=LAMAR",LAMAR AVE,False,False,False,TDOT state route
301066701,2026-02-23,2026-02-23 22:18:00,2026,2,Monday,22,35.19489,-89.79239,Fatal,Pedestrian,Not Intersection-On Roadway Crosswalk not Available,Non-Junction,Dark-Not Lighted,Not Collision with Motor Vehicle in Transport,Pedestrian,1,True,N GERMANTOWN PKWY,Principal Arterial,45.0,7.0,177,1.0,0.4098703647731037,N GERMANTOWN PKWY,0.0677186861744766,45.0,7,B,MEMPHIS,SHELBY,47654,0.06771868607545198,TDOT state route,state_route_overlap,"state route: 100% overlap, name=N GERMANTOWN",N GERMANTOWN PKWY,False,False,False,TDOT state route
301101676,2026-09-09,2026-09-09 07:45:00,2026,9,Wednesday,7,35.099407,-89.93087,Possible Injury,Pedestrian,Intersection-In Crosswalk,Intersection,Daylight,Not Collision with Motor Vehicle in Transport,Pedestrian,2,True,,,,,,,2100.043579057684,RHODES AVE,0.2033120863815145,35.0,4,B,MEMPHIS,SHELBY,51318,0.2033120864500252,City of Memphis,city_residual,city: no state-route overlap,RHODES AVE,False,False,False,City of Memphis
301098364,2026-08-22,2026-08-22 19:15:00,2026,8,Saturday,19,35.155006,-89.886444,Possible Injury,Pedestrian,Intersection-On Roadway not in Crosswalk,Intersection-Related,Daylight,Not Collision with Motor Vehicle in Transport,Pedestrian,1,True,SUMMER AVE,Principal Arterial,40.0,5.0,1,5.0,5.554843224408257,SUMMER AVE,2.27241892811092,40.0,5,B,MEMPHIS,SHELBY,48494,2.2724189281109193,TDOT state route,state_route_overlap,"state route: 100% overlap, name=SUMMER",SUMMER AVE,False,False,False,TDOT state route
301085015,2026-06-07,2026-06-07 01:05:00,2026,6,Sunday,1,35.06263,-89.91606,Fatal,Pedestrian,Intersection-On Roadway Crosswalk Not Available,Intersection,Dark-Lighted,Not Collision with Motor Vehicle in Transport,Pedestrian,1,True,,,,,,,1370.2440760912411,KNIGHT ARNOLD RD,0.0619803492012746,40.0,5,B,MEMPHIS,SHELBY,53716,0.06198034923843039,City of Memphis,city_residual,city: no state-route overlap,KNIGHT ARNOLD RD,False,False,False,City of Memphis
301102189,2026-09-11,2026-09-11 23:40:00,2026,9,Friday,23,35.178204,-89.837234,No Injury,Other Non-Motorist,Unknown,Intersection,Dark-Lighted,Not Collision with Motor Vehicle in Transport,Other,1,True,,,,,,,1744.0065261452824,RALEIGH LAGRANGE RD,34.48453540389828,45.0,5,B,MEMPHIS,SHELBY,53643,34.48453540265277,City of Memphis,city_residual,city: no state-route overlap,RALEIGH LAGRANGE RD,False,False,False,City of Memphis
301098884,2026-08-24,2026-08-24 05:42:00,2026,8,Monday,5,35.006416,-90.06072,Possible Injury,Pedestrian,Not Intersection-Adjacent to Roadway,AccelDecelLane,Dark-Not Lighted,Not Collision with Motor Vehicle in Transport,Pedestrian,2,True,,,,,,,1616.7245248068025,HILLBROOK RD,0.0234367984220493,30.0,2,B,MEMPHIS,SHELBY,72054,0.023436798348184802,City of Memphis,city_residual,city: no state-route overlap,HILLBROOK RD,False,False,False,City of Memphis
301102643,2026-09-13,2026-09-13 22:50:00,2026,9,Sunday,22,35.135544,-90.00078,Possible Injury,Pedestrian,Intersection-Unknown,Intersection,Dark-Lighted,Not Collision with Motor Vehicle in Transport,Pedestrian,1,True,UNION AVE,Principal Arterial,35.0,6.0,23,5.0,27.117338093801006,UNION AVE,31.708857835660364,35.0,6,B,MEMPHIS,SHELBY,46816,31.708857835660364,TDOT state route,state_route_overlap,"state route: 100% overlap, name=UNION",UNION AVE,False,False,False,TDOT state route
301102647,2026-09-14,2026-09-14 15:35:00,2026,9,Monday,15,35.178997,-89.849144,Possible Injury,Pedestrian,Not Intersection-Outside Traffic,Non-Junction,Daylight,Not Collision with Motor Vehicle in Transport,Pedestrian,1,True,,,,,,,855.0239248116595,SHELBY VIEW DR,4.697223773959618,30.0,2,B,MEMPHIS,SHELBY,30255,4.6972237744348675,City of Memphis,city_residual,city: no state-route overlap,SHELBY VIEW DR,False,False,False,City of Memphis
301101982,2026-09-10,2026-09-10 21:14:00,2026,9,Thursday,21,35.129837,-89.797615,Suspected Serious Injury,Pedestrian,Intersection-On Roadway not in Crosswalk,Non-Junction,Dark-Not Lighted,Not Collision with Motor Vehicle in Transport,Pedestrian,1,True,S GERMANTOWN PKWY,Principal Arterial,50.0,6.0,177,2.0,1.6830061939331695,S GERMANTOWN PKWY,2.728714237500156,50.0,6,B,MEMPHIS,SHELBY,47237,2.7287142369604247,TDOT state route,state_route_overlap,"state route: 100% overlap, name=S GERMANTOWN",S GERMANTOWN PKWY,False,False,False,TDOT state route
301099614,2026-08-27,2026-08-27 17:06:00,2026,8,Thursday,17,35.1519,-90.01281,Possible Injury,Pedestrian,Not Intersection-Bike Path,AccelDecelLane,Daylight,Not Collision with Motor Vehicle in Transport,Pedestrian,1,True,,,,,,,104.88426356361282,N WATKINS ST,0.2675114070602106,35.0,4,B,MEMPHIS,SHELBY,53423,0.2675114073538563,City of Memphis,city_residual,city: no state-route overlap,N WATKINS ST,False,False,False,City of Memphis
301101750,2026-09-09,2026-09-09 14:58:00,2026,9,Wednesday,14,35.136547,-90.02067,Possible Injury,Pedestrian,Intersection-On Roadway Crosswalk availability Unknown,Through Roadway,Daylight,Not Collision with Motor Vehicle in Transport,Pedestrian,1,True,S BELLEVUE BLVD,Major Collector,35.0,4.0,3,6.0,2.490350726459009,S BELLEVUE BLVD,2.1736161148887825,35.0,4,B,MEMPHIS,SHELBY,46769,2.173616114895213,TDOT state route,state_route_overlap,"state route: 100% overlap, name=S BELLEVUE",S BELLEVUE BLVD,False,False,False,TDOT state route
301096413,2026-08-12,2026-08-12 03:58:00,2026,8,Wednesday,3,35.046463,-90.025276,Suspected Minor Injury,Pedestrian,Not Intersection-On Roadway Not In Crosswalk,Non-Junction,Dark-Lighted,Not Collision with Motor Vehicle in Transport,Other,1,True,ELVIS PRESLEY BLVD,Principal Arterial,40.0,6.0,3,6.0,15.102614750423026,ELVIS PRESLEY BLVD,15.324155030726782,40.0,6,B,MEMPHIS,SHELBY,47269,15.324155030701895,TDOT state route,state_route_overlap,"state route: 100% overlap, name=ELVIS PRESLEY",ELVIS PRESLEY BLVD,False,False,False,TDOT state route
301101756,2026-09-09,2026-09-09 21:34:00,2026,9,Wednesday,21,35.068775,-89.95419,Possible Injury,Pedestrian,Intersection-On Roadway not in Crosswalk,Non-Junction,Dark-Not Lighted,Not Collision with Motor Vehicle in Transport,Pedestrian,1,True,,,,,,,762.4719513324417,DEMOCRAT RD,0.2482756554183244,40.0,5,B,MEMPHIS,SHELBY,52300,0.2482756554140353,City of Memphis,city_residual,city: no state-route overlap,DEMOCRAT RD,False,False,False,City of Memphis
301101129,2026-09-05,2026-09-05 23:10:00,2026,9,Saturday,23,35.008266,-89.949776,Possible Injury,Pedestrian,Not Intersection-Outside Traffic,Through Roadway,Dark-Lighted,Angle,Other,1,True,,,,,,,1181.2190026336907,E HOLMES RD,230.62614091701303,45.0,7,B,MEMPHIS,SHELBY,77025,230.62614091701306,City of Memphis,city_residual,city: no state-route overlap,E HOLMES RD,False,False,False,City of Memphis
301014726,2025-04-28,2025-04-28 01:39:00,2025,4,Monday,1,35.108875,-89.98901,Fatal,Pedestrian,Not Intersection-Unknown,Non-Junction,Dark-Lighted,Not Collision with Motor Vehicle in Transport,Pedestrian,1,True,LAMAR AVE,Principal Arterial,40.0,7.0,4,4.0,2.4945988786715474,LAMAR AVE,6.05985898713311,40.0,7,B,MEMPHIS,SHELBY,48603,6.059858989142067,TDOT state route,state_route_overlap,"state route: 100% overlap, name=LAMAR",LAMAR AVE,False,False,False,TDOT state route
301086179,2026-06-12,2026-06-12 15:28:00,2026,6,Friday,15,35.034172,-90.02463,Fatal,Pedestrian,Not Intersection-Outside Traffic,Non-Junction,Daylight,Not Collision with Motor Vehicle in Transport,Pedestrian,1,True,,,,,,,49.36508803877312,MARLIN RD,22.628547005013512,35.0,2,B,MEMPHIS,SHELBY,76924,22.628547005013512,City of Memphis,city_residual,city: no state-route overlap,MARLIN RD,False,False,False,City of Memphis
301099692,2026-08-29,2026-08-29 20:00:00,2026,8,Saturday,20,35.16043,-89.79444,Possible Injury,Pedestrian,Intersection-On Roadway not in Crosswalk,Non-Junction,Dark-Lighted,Not Collision with Motor Vehicle in Transport,Pedestrian,1,True,,,,,,,60.75632820503464,COUNTRY VILLAGE DR,43.29125049086762,30.0,2,B,MEMPHIS,SHELBY,25091,43.29125048834697,City of Memphis,city_residual,city: no state-route overlap,COUNTRY VILLAGE DR,False,False,False,City of Memphis
301102875,2026-09-16,2026-09-16 07:19:00,2026,9,Wednesday,7,35.21584,-89.9931,Suspected Minor Injury,Pedestrian,Not Intersection-On Roadway Not In Crosswalk,Unknown,Daylight,Not Collision with Motor Vehicle in Transport,Pedestrian,1,True,,,,,,,2860.973027404461,WOODROW ST,67.85452590795357,30.0,2,B,MEMPHIS,SHELBY,84351,67.85452590806038,City of Memphis,city_residual,city: no state-route overlap,WOODROW ST,False,False,False,City of Memphis
301073827,2026-04-06,2026-04-06 23:34:00,2026,4,Monday,23,35.215113,-90.003464,Fatal,Pedestrian,Not Intersection-On Roadway Crosswalk not Available,Intersection,Dark-Lighted,Not Collision with Motor Vehicle in Transport,Pedestrian,1,True,,,,,,,2132.310257983269,N WATKINS ST,3.98232400839206,40.0,5,B,MEMPHIS,SHELBY,49877,3.982324007336629,City of Memphis,city_residual,city: no state-route overlap,N WATKINS ST,False,False,False,City of Memphis
301007975,2025-03-23,2025-03-23 14:00:00,2025,3,Sunday,14,35.19155,-89.97579,Fatal,Pedestrian,Not Intersection-On Roadway Not In Crosswalk,Non-Junction,Daylight,Not Collision with Motor Vehicle in Transport,Pedestrian,1,True,,,,,,,3583.217511224382,N HOLLYWOOD ST,0.3436253221397045,40.0,6,B,MEMPHIS,SHELBY,52587,0.3436253220541066,City of Memphis,city_residual,city: no state-route overlap,N HOLLYWOOD ST,False,False,False,City of Memphis
301099828,2026-08-30,2026-08-30 19:21:00,2026,8,Sunday,19,35.10439,-89.87651,Possible Injury,Pedestrian,Not Intersection-In Parking Lane,Intersection,Daylight,Not Collision with Motor Vehicle in Transport,Pedestrian,1,True,,,,,,,126.8299170751082,OAKHAVEN RD,25.955883860777103,30.0,2,B,MEMPHIS,SHELBY,74490,25.955883860825175,City of Memphis,city_residual,city: no state-route overlap,OAKHAVEN RD,False,False,False,City of Memphis
301081667,2026-05-18,2026-05-18 12:54:00,2026,5,Monday,12,35.07929,-89.98485,Fatal,Pedestrian,Intersection-On Roadway not in Crosswalk,Non-Junction,Daylight,Not Collision with Motor Vehicle in Transport,Pedestrian,1,True,,,,,,,2111.968854138745,AIRWAYS BLVD,0.0125660271172345,40.0,7,B,MEMPHIS,SHELBY,52437,0.012566027090463557,City of Memphis,city_residual,city: no state-route overlap,AIRWAYS BLVD,False,False,False,City of Memphis
301088693,2026-06-27,2026-06-27 22:30:00,2026,6,Saturday,22,35.162476,-89.9559,Fatal,Pedestrian,Intersection-On Roadway not in Crosswalk,Intersection,Dark-Lighted,Not Collision with Motor Vehicle in Transport,Pedestrian,1,True,,,,,,,33.10705011883469,HUDSON ST,13.465442755867452,30.0,2,B,MEMPHIS,SHELBY,84144,13.46544275650021,City of Memphis,city_residual,city: no state-route overlap,HUDSON ST,False,False,False,City of Memphis
301032288,2025-08-06,2025-08-06 03:55:00,2025,8,Wednesday,3,35.105316,-89.87507,Fatal,Pedestrian,Not Intersection-On Roadway Crosswalk not Available,Non-Junction,Dark-Not Lighted,Not Collision with Motor Vehicle in Transport,Pedestrian,1,True,POPLAR AVE,Principal Arterial,40.0,6.0,57,5.0,10.031471654374682,POPLAR AVE,14.447559973344704,40.0,6,B,MEMPHIS,SHELBY,47151,14.447559975837471,TDOT state route,state_route_overlap,"state route: 100% overlap, name=POPLAR",POPLAR AVE,False,False,False,TDOT state route
301104603,2026-09-25,2026-09-25 08:50:00,2026,9,Friday,8,35.053364,-89.8783,Possible Injury,Pedestrian,Intersection-In Crosswalk,AccelDecelLane,Daylight,Not Collision with Motor Vehicle in Transport,Pedestrian,1,True,,,,,,,2820.048683410718,NEWBERRY AVE,7.303071794319232,30.0,2,B,MEMPHIS,SHELBY,2271,7.303071790865033,City of Memphis,city_residual,city: no state-route overlap,NEWBERRY AVE,False,False,False,City of Memphis
301103222,2026-09-17,2026-09-17 19:45:00,2026,9,Thursday,19,35.217407,-89.90965,Possible Injury,Pedestrian,Intersection-On Roadway Crosswalk Not Available,Through Roadway,Dark-Not Lighted,Not Collision with Motor Vehicle in Transport,Pedestrian,1,True,,,,,,,231.78322581514493,RALEIGH SPRINGS MALL,80.54150277050167,0.0,2,N,MEMPHIS,SHELBY,48708,80.54150277050167,City of Memphis,city_residual,city: no state-route overlap,RALEIGH SPRINGS MALL,False,False,False,City of Memphis
301103904,2026-09-21,2026-09-21 21:00:00,2026,9,Monday,21,35.2248,-90.001884,Possible Injury,Pedestrian,Not Intersection-On Roadway Crosswalk Availability Unknown,Non-Junction,Dark-Lighted,Not Collision with Motor Vehicle in Transport,Pedestrian,1,True,,,,,,,1635.3853965576425,KENSETT DR,21.12011453628935,30.0,2,B,MEMPHIS,SHELBY,27805,21.120114536515946,City of Memphis,city_residual,city: no state-route overlap,KENSETT DR,False,False,False,City of Memphis
301103015,2026-09-16,2026-09-16 15:58:00,2026,9,Wednesday,15,35.218304,-89.92738,Possible Injury,Pedestrian,Not Intersection-On Roadway Crosswalk not Available,Intersection-Related,Daylight,Not Collision with Motor Vehicle in Transport,Pedestrian,1,True,,,,,,,1082.1425927109992,RAMILL RD,0.4463778947537468,40.0,4,B,MEMPHIS,SHELBY,51804,0.44637789479161005,City of Memphis,city_residual,city: no state-route overlap,RAMILL RD,False,False,False,City of Memphis
301103685,2026-09-20,2026-09-20 15:11:00,2026,9,Sunday,15,35.18658,-89.88646,Possible Injury,Pedestrian,Intersection-In Crosswalk,Non-Junction,Daylight,Not Collision with Motor Vehicle in Transport,Pedestrian,1,True,,,,,,,888.0143361899954,RALEIGH LAGRANGE RD,0.1081155000251174,45.0,7,B,MEMPHIS,SHELBY,50051,0.10811549895339388,City of Memphis,city_residual,city: no state-route overlap,RALEIGH LAGRANGE RD,False,False,False,City of Memphis
301103698,2026-09-20,2026-09-20 19:30:00,2026,9,Sunday,19,35.240242,-89.93011,Possible Injury,Pedestrian,Not Intersection-On Roadway Not In Crosswalk,Through Roadway,Dark-Lighted,Not Collision with Motor Vehicle in Transport,Pedestrian,1,True,,,,,,,2813.246910608344,PRIVATE DR,61.38812822788911,25.0,2,B,MEMPHIS,SHELBY,34742,61.38812822816101,City of Memphis,city_residual,city: no state-route overlap,PRIVATE DR,False,False,False,City of Memphis
301104288,2026-09-23,2026-09-23 05:50:00,2026,9,Wednesday,5,35.057175,-89.922295,Suspected Serious Injury,Pedestrian,Not Intersection-Other Not On Roadway,OtherLocation,Dark-Lighted,Not Collision with Motor Vehicle in Transport,Other,2,True,,,,,,,675.5596261294867,GOODLETT RD,0.1671561365429106,35.0,2,B,MEMPHIS,SHELBY,49353,0.16715613637626478,City of Memphis,city_residual,city: no state-route overlap,GOODLETT RD,False,False,False,City of Memphis
301077651,2026-04-28,2026-04-28 00:25:00,2026,4,Tuesday,0,35.06306,-89.905334,Fatal,Pedestrian,Not Intersection-On Roadway Crosswalk Availability Unknown,OtherLocation,Dark-Lighted,Not Collision with Motor Vehicle in Transport,Pedestrian,1,True,,,,,,,2215.0091110341923,S PERKINS RD,37.44222671905717,40.0,7,B,MEMPHIS,SHELBY,49377,37.4422267193752,City of Memphis,city_residual,city: no state-route overlap,S PERKINS RD,False,False,False,City of Memphis
301104308,2026-09-22,2026-09-22 14:32:00,2026,9,Tuesday,14,35.13117,-89.986176,Possible Injury,Pedestrian,Intersection-On Roadway Crosswalk Not Available,AccelDecelLane,Daylight,Not Collision with Motor Vehicle in Transport,Pedestrian,1,True,,,,,,,196.8402316109089,TUNIS CV,19.768456636879417,25.0,2,B,MEMPHIS,SHELBY,17243,19.768456636879417,City of Memphis,city_residual,city: no state-route overlap,TUNIS CV,False,False,False,City of Memphis
301104528,2026-09-24,2026-09-24 23:27:00,2026,9,Thursday,23,35.178772,-89.926865,Suspected Serious Injury,Pedestrian,Intersection-Unknown,Intersection,Dark-Lighted,Not Collision with Motor Vehicle in Transport,Pedestrian,1,True,,,,,,,720.7171946941971,N GRAHAM ST,10.81209513217842,35.0,2,B,MEMPHIS,SHELBY,51409,10.812095132793992,City of Memphis,city_residual,city: no state-route overlap,N GRAHAM ST,False,False,False,City of Memphis
301103729,2026-09-21,2026-09-21 01:15:00,2026,9,Monday,1,35.181332,-89.933793,Fatal,Pedestrian,Not Intersection-On Roadway Crosswalk not Available,Non-Junction,Dark-Lighted,Not Collision with Motor Vehicle in Transport,Pedestrian,1,True,,,,,,,38.68884748818828,JACKSON AVE,35.89006863290912,40.0,7,B,MEMPHIS,SHELBY,48212,35.890068634385855,TDOT state route,state_route_overlap,"state route: 100% overlap, name=JACKSON",JACKSON AVE,False,False,False,TDOT state route
300939947,2024-02-07,2024-02-07 15:30:00,2024,2,Wednesday,15,35.14416,-90.01663,Possible Injury,Pedestrian,Not Intersection-Outside Traffic,"Driveway, Alley Access, etc",Daylight,Not Collision with Motor Vehicle in Transport,Pedestrian,1,True,,,,,,,801.5166506668162,POPLAR AVE,13.02203676776044,40.0,7,B,MEMPHIS,SHELBY,50416,13.022036766876392,City of Memphis,city_residual,city: no state-route overlap,POPLAR AVE,False,False,False,City of Memphis
300942228,2024-02-20,2024-02-20 21:52:00,2024,2,Tuesday,21,35.2166,-90.02861,Possible Injury,Pedestrian,Not Intersection-Outside Traffic,Unknown,Dark-Not Lighted,Not Collision with Motor Vehicle in Transport,Pedestrian,1,True,,,,,,,148.17791577082238,MILLINGTON ST,0.1139599958900322,40.0,2,B,MEMPHIS,SHELBY,79776,0.11395999585009518,City of Memphis,city_residual,city: no state-route overlap,MILLINGTON ST,False,False,False,City of Memphis
300941389,2024-02-16,2024-02-16 08:28:00,2024,2,Friday,8,35.03523,-90.00727,Possible Injury,Pedestrian,Intersection-In Crosswalk,Intersection-Related,Daylight,Not Collision with Motor Vehicle in Transport,Pedestrian,1,True,,,,,,,1571.3070559529365,MILLBRANCH RD,22.11634693310004,40.0,4,B,MEMPHIS,SHELBY,49779,22.116346933108048,City of Memphis,city_residual,city: no state-route overlap,MILLBRANCH RD,False,False,False,City of Memphis
300939738,2024-02-07,2024-02-07 14:47:00,2024,2,Wednesday,14,35.116596,-89.90878,Possible Injury,Pedestrian,Intersection-Unknown,AccelDecelLane,Daylight,Not Collision with Motor Vehicle in Transport,Pedestrian,1,True,,,,,,,43.71230622000314,PERKINS ROAD EXT,33.58815286605281,35.0,5,B,MEMPHIS,SHELBY,53658,33.58815286615924,City of Memphis,city_residual,city: no state-route overlap,PERKINS ROAD EXT,False,False,False,City of Memphis
300939951,2024-02-04,2024-02-04 11:00:00,2024,2,Sunday,11,35.23399,-89.89301,Suspected Serious Injury,Pedestrian,Not Intersection-Unknown,Unknown,Daylight,Not Collision with Motor Vehicle in Transport,Pedestrian,1,True,,,,,,,62.9896923887765,NEW COVINGTON PIKE,65.9515079247413,45.0,5,B,MEMPHIS,SHELBY,48076,65.95150792571387,TDOT state route,state_route_overlap,"state route: 100% overlap, name=NEW COVINGTON",NEW COVINGTON PIKE,False,False,False,TDOT state route
300941629,2024-02-13,2024-02-13 20:59:00,2024,2,Tuesday,20,35.11744,-89.94505,Possible Injury,Pedestrian,Intersection-In Crosswalk,Intersection,Dark-Not Lighted,Not Collision with Motor Vehicle in Transport,Pedestrian,1,True,,,,,,,1112.6974062375075,MYNDERS AVE,39.4486263930694,30.0,2,B,MEMPHIS,SHELBY,5747,39.44862639206149,City of Memphis,city_residual,city: no state-route overlap,MYNDERS AVE,False,False,False,City of Memphis
300937885,2024-01-28,2024-01-28 12:25:00,2024,1,Sunday,12,35.088028,-89.89613,Suspected Minor Injury,Pedestrian,Intersection-On Roadway Crosswalk Not Available,Intersection,Daylight,Not Collision with Motor Vehicle in Transport,Pedestrian,1,True,,,,,,,1925.1118547602373,HELENE RD,0.0917333096757983,30.0,2,B,MEMPHIS,SHELBY,74294,0.0917333096688327,City of Memphis,city_residual,city: no state-route overlap,HELENE RD,False,False,False,City of Memphis
300939243,2024-02-03,2024-02-03 19:00:00,2024,2,Saturday,19,35.156513,-90.035866,Possible Injury,Pedestrian,Intersection-Not on Roadway,OtherLocation,Dark-Lighted,Not Collision with Motor Vehicle in Transport,Pedestrian,1,True,JACKSON AVE,Principal Arterial,35.0,4.0,14,7.0,4.662758873197413,JACKSON AVE,0.0311428968180989,35.0,4,B,MEMPHIS,SHELBY,47863,0.03114289439617881,TDOT state route,state_route_overlap,"state route: 100% overlap, name=JACKSON",JACKSON AVE,False,False,False,TDOT state route
300942024,2024-02-20,2024-02-20 09:45:00,2024,2,Tuesday,9,35.04483,-90.05732,Suspected Serious Injury,Pedestrian,Intersection-On Roadway Crosswalk Not Available,Intersection-Related,Daylight,Not Collision with Motor Vehicle in Transport,Pedestrian,1,True,,,,,,,589.6804020129028,E FAIRWAY AVE,6.492848384522747,30.0,2,B,MEMPHIS,SHELBY,6990,6.492848385165111,City of Memphis,city_residual,city: no state-route overlap,E FAIRWAY AVE,False,False,False,City of Memphis
300938415,2024-01-30,2024-01-30 21:27:00,2024,1,Tuesday,21,35.00638,-90.02528,Possible Injury,Pedestrian,Not Intersection-On Roadway Not In Crosswalk,AccelDecelLane,Dark-Not Lighted,Other,Other,1,True,ELVIS PRESLEY BLVD,Principal Arterial,40.0,5.0,3,3.0,0.0377175879489809,E HOLMES RD,0.0789820616879858,40.0,4,B,MEMPHIS,SHELBY,53039,0.07898206169416201,City of Memphis,city_residual,city: no state-route overlap,E HOLMES RD,False,False,False,City of Memphis
300939087,2024-01-29,2024-01-29 00:00:00,2024,1,Monday,0,35.145138,-90.031746,Possible Injury,Pedestrian,Intersection-On Roadway not in Crosswalk,Intersection,Dark-Not Lighted,Not Collision with Motor Vehicle in Transport,Pedestrian,1,True,,,,,,,740.9813598882411,POPLAR AVE,34.890435608728744,40.0,7,B,MEMPHIS,SHELBY,50350,34.890435608334094,City of Memphis,city_residual,city: no state-route overlap,POPLAR AVE,False,False,False,City of Memphis
300937709,2024-01-26,2024-01-26 21:58:00,2024,1,Friday,21,35.107098,-89.98816,Possible Injury,Pedestrian,Intersection-On Roadway not in Crosswalk,OtherLocation,Dark-Lighted,Not Collision with Motor Vehicle in Transport,Pedestrian,1,True,,,,,,,63.96653404672249,LAMAR AVE,61.907417370474576,40.0,5,B,MEMPHIS,SHELBY,46915,61.907417370474576,TDOT state route,state_route_overlap,"state route: 100% overlap, name=LAMAR",LAMAR AVE,False,False,False,TDOT state route
300941663,2024-02-17,2024-02-17 00:00:00,2024,2,Saturday,99,35.177235,-89.78453,No Injury,Other Non-Motorist,Unknown,Non-Junction,Unknown,Rear to Side,Other,1,True,,,,,,,767.935055905888,KINGS TRAIL CV,26.68037302632055,25.0,2,B,MEMPHIS,SHELBY,13897,26.68037302632055,City of Memphis,city_residual,city: no state-route overlap,KINGS TRAIL CV,False,False,False,City of Memphis
300941851,2024-02-19,2024-02-19 09:30:00,2024,2,Monday,9,35.150013,-89.965576,Possible Injury,Pedestrian,Not Intersection-Outside Traffic,Non-Junction,Daylight,Not Collision with Motor Vehicle in Transport,Pedestrian,1,True,,,,,,,44.04257464565355,LESTER ST,36.969242608308015,30.0,2,B,MEMPHIS,SHELBY,82771,36.96924260837026,City of Memphis,city_residual,city: no state-route overlap,LESTER ST,False,False,False,City of Memphis
300938173,2024-01-30,2024-01-30 03:43:00,2024,1,Tuesday,3,35.16954,-89.986885,Possible Injury,Pedestrian,Intersection-Unknown,Unknown,Dark-Lighted,Not Collision with Motor Vehicle in Transport,Pedestrian,1,True,,,,,,,1114.039631411758,HUNTER AVE,0.2594299480253762,30.0,2,B,MEMPHIS,SHELBY,6469,0.2594299480253762,City of Memphis,city_residual,city: no state-route overlap,HUNTER AVE,False,False,False,City of Memphis