MstrRecNbrTxt,CollisionDate,CollisionDteTime,YearNmb,Month,DayOfWeek,Hour,Latitude,Longitude,InjuryClass,PersonType,NonMotoristLocation,RelationToJunction,LightCondition,MannerOfCollision,FirstHarmfulEvent,VictimsInCrash,InMemphis,StateRoute_NAME,StateRoute_F_System,StateRoute_SPDLIMIT,StateRoute_LANES,StateRoute_ALTNAME_1,StateRoute_Council_District,DistToStateRoute_m,Street_Name,DistToStreet_m,Street_SPDLIMIT,Street_LANES,Street_ONEWAY,Street_CITY_L,Street_COUNTY_L,Seg_OBJECTID,DistToSeg_m,Ownership,Rule_Fired,Classification_Basis,Matched_Street,is_limited_access,is_override,is_corner_case,Jurisdiction_prev
300870580,2023-03-02,2023-03-02 20:15:00,2023,3,Thursday,20,35.137314,-89.994194,Suspected Serious Injury,Pedestrian,Intersection-In Crosswalk,Intersection,Dark-Lighted,Not Collision with Motor Vehicle in Transport,Pedestrian,1,True,,,,,,,297.3456598905418,N MORRISON ST,23.372840139878672,30.0,2,B,MEMPHIS,SHELBY,81577,23.372840139861648,City of Memphis,city_residual,city: no state-route overlap,N MORRISON ST,False,False,False,City of Memphis
300868788,2023-02-23,2023-02-23 03:15:00,2023,2,Thursday,3,35.226337,-90.02248,Possible Injury,Pedestrian,Not Intersection-On Roadway Not In Crosswalk,Non-Junction,Dark-Lighted,Not Collision with Motor Vehicle in Transport,Pedestrian,1,True,THOMAS ST,,40.0,2.0,3,7.0,2.07890929853068,CRESTON AVE,0.2854966907670861,30.0,2,B,MEMPHIS,SHELBY,2698,0.2854966893577004,City of Memphis,city_residual,city: no state-route overlap,CRESTON AVE,False,False,False,City of Memphis
300868671,2023-02-20,2023-02-20 20:00:00,2023,2,Monday,20,35.142185,-89.913795,Possible Injury,Pedestrian,Not Intersection-Adjacent to Roadway,"Driveway, Alley Access, etc",Dark-Unknown Lighting,Other,Other,1,True,,,,,,,742.3751022892592,SEQUOIA AVE,29.389989298360373,30.0,2,B,MEMPHIS,SHELBY,6110,29.389989299654374,City of Memphis,city_residual,city: no state-route overlap,SEQUOIA AVE,False,False,False,City of Memphis
300873572,2023-03-16,2023-03-16 21:09:00,2023,3,Thursday,21,35.067947,-89.84247,Suspected Serious Injury,Pedestrian,Not Intersection-On Roadway Not In Crosswalk,Non-Junction,Daylight,Not Collision with Motor Vehicle in Transport,Pedestrian,1,True,,,,,,,147.77291105618804,QUINCE RD,40.194638557957205,45.0,4,B,MEMPHIS,SHELBY,52744,40.19463855798544,City of Memphis,city_residual,city: no state-route overlap,QUINCE RD,False,False,False,City of Memphis
300869980,2023-02-28,2023-02-28 07:30:00,2023,2,Tuesday,7,35.09506,-90.07175,Suspected Serious Injury,Pedestrian,Intersection-In Crosswalk,Non-Junction,Daylight,Not Collision with Motor Vehicle in Transport,Pedestrian,1,True,,,,,,,1440.6327302365282,JOUBERT AVE,50.13762149723461,30.0,2,B,MEMPHIS,SHELBY,4596,50.137621498489345,City of Memphis,city_residual,city: no state-route overlap,JOUBERT AVE,False,False,False,City of Memphis
300869437,2023-02-25,2023-02-25 21:29:00,2023,2,Saturday,21,35.053326,-90.02045,Possible Injury,Pedestrian,Intersection-On Roadway not in Crosswalk,Intersection,Dark-Lighted,Not Collision with Motor Vehicle in Transport,Pedestrian,1,True,,,,,,,418.37472352027993,ROYAL OAKS CV,62.58265034706266,35.0,2,B,MEMPHIS,SHELBY,15075,62.582650347507204,City of Memphis,city_residual,city: no state-route overlap,ROYAL OAKS CV,False,False,False,City of Memphis
300869117,2023-02-20,2023-02-20 18:30:00,2023,2,Monday,18,35.06238,-89.90577,Possible Injury,Pedestrian,Intersection-On Roadway not in Crosswalk,Intersection,Dawn,Not Collision with Motor Vehicle in Transport,Pedestrian,1,True,,,,,,,2133.1923531889306,S PERKINS RD,0.2129291738938984,40.0,2,FT,MEMPHIS,SHELBY,49376,0.21292917301749392,City of Memphis,city_residual,city: no state-route overlap,S PERKINS RD,False,False,False,City of Memphis
300871759,2023-03-08,2023-03-08 00:15:00,2023,3,Wednesday,0,35.127785,-89.94525,Suspected Serious Injury,Pedestrian,Intersection-In Crosswalk,Intersection,Dark-Lighted,Not Collision with Motor Vehicle in Transport,Pedestrian,1,True,POPLAR AVE,Principal Arterial,40.0,7.0,57,5.0,4.8265396384912655,POPLAR AVE,0.3687807402887316,40.0,7,B,MEMPHIS,SHELBY,48496,0.3687807403754469,TDOT state route,state_route_overlap,"state route: 100% overlap, name=POPLAR",POPLAR AVE,False,False,False,TDOT state route
300873088,2023-03-14,2023-03-14 06:02:00,2023,3,Tuesday,6,35.216984,-89.90984,Possible Injury,Pedestrian,Not Intersection-Outside Traffic,Intersection,Dark-Lighted,Not Collision with Motor Vehicle in Transport,Pedestrian,1,True,,,,,,,248.13680391952343,PLATO AVE,100.87993894050962,30.0,2,B,MEMPHIS,SHELBY,3107,100.87993894231853,City of Memphis,city_residual,city: no state-route overlap,PLATO AVE,False,False,False,City of Memphis
300869176,2023-02-20,2023-02-20 20:51:00,2023,2,Monday,20,35.23399,-89.89301,Possible Injury,Pedestrian,Intersection-Unknown,AccelDecelLane,Dawn,Not Collision with Motor Vehicle in Transport,Pedestrian,1,True,,,,,,,62.9896923887765,NEW COVINGTON PIKE,65.9515079247413,45.0,5,B,MEMPHIS,SHELBY,48076,65.95150792571387,TDOT state route,state_route_overlap,"state route: 100% overlap, name=NEW COVINGTON",NEW COVINGTON PIKE,False,False,False,TDOT state route
300868831,2023-02-17,2023-02-17 20:00:00,2023,2,Friday,20,35.14714,-90.050514,Possible Injury,Pedestrian,Intersection-On Roadway Crosswalk availability Unknown,Non-Junction,Dark-Lighted,Not Collision with Motor Vehicle in Transport,Pedestrian,1,True,N SECOND ST,Minor Arterial,35.0,3.0,3,6.0,12.139923353682878,N SECOND ST,10.458325464266128,35.0,3,TF,MEMPHIS,SHELBY,50292,10.458325464386062,TDOT state route,state_route_overlap,"state route: 100% overlap, name=N SECOND",N SECOND ST,False,False,False,TDOT state route
300868833,2023-02-23,2023-02-23 08:00:00,2023,2,Thursday,8,35.07851,-89.85198,Possible Injury,Pedestrian,Intersection-In Crosswalk,Intersection,Daylight,Not Collision with Motor Vehicle in Transport,Pedestrian,1,True,,,,,,,828.846204649922,QUINCE RD,83.07281604125146,40.0,5,B,MEMPHIS,SHELBY,52876,83.07281604092029,City of Memphis,city_residual,city: no state-route overlap,QUINCE RD,False,False,False,City of Memphis
300870934,2023-03-03,2023-03-03 13:29:00,2023,3,Friday,13,35.061687,-90.02356,No Injury,Pedestrian,Intersection-In Crosswalk,Intersection,Daylight,Not Collision with Motor Vehicle in Transport,Pedestrian,1,True,ELVIS PRESLEY BLVD,Principal Arterial,40.0,6.0,3,6.0,0.3988418671522159,E BROOKS RD,0.337237215664418,45.0,5,B,MEMPHIS,SHELBY,49725,0.3372372157346045,City of Memphis,city_residual,city: no state-route overlap,E BROOKS RD,False,False,True,City of Memphis
300872885,2023-03-13,2023-03-13 09:05:00,2023,3,Monday,9,35.11621,-89.94114,Possible Injury,Pedestrian,Intersection-On Roadway Crosswalk availability Unknown,Unknown,Daylight,Not Collision with Motor Vehicle in Transport,Pedestrian,1,True,,,,,,,1156.135705316395,PATTERSON ST,6.055403031686756,30.0,2,B,MEMPHIS,SHELBY,84853,6.055403031674783,City of Memphis,city_residual,city: no state-route overlap,PATTERSON ST,False,False,False,City of Memphis
300872411,2023-03-09,2023-03-09 20:00:00,2023,3,Thursday,20,35.138493,-90.04675,Possible Injury,Pedestrian,Intersection-Unknown,OtherLocation,Dark-Lighted,Not Collision with Motor Vehicle in Transport,Pedestrian,1,True,,,,,,,81.02270173520364,BEALE ST,60.42436680958916,35.0,2,B,MEMPHIS,SHELBY,84354,60.42436681008121,City of Memphis,city_residual,city: no state-route overlap,BEALE ST,False,False,False,City of Memphis
300873132,2023-03-14,2023-03-14 16:25:00,2023,3,Tuesday,16,35.145554,-90.0541,Possible Injury,Pedestrian,Intersection-In Crosswalk,Intersection,Daylight,Not Collision with Motor Vehicle in Transport,Pedestrian,1,True,,,,,,,244.60647152698743,S FRONT ST,0.0807195508923664,30.0,5,B,MEMPHIS,SHELBY,80516,0.08071955089420518,City of Memphis,city_residual,city: no state-route overlap,S FRONT ST,False,False,False,City of Memphis
300874120,2023-03-19,2023-03-19 20:00:00,2023,3,Sunday,20,35.05527,-90.06011,Possible Injury,Pedestrian,Intersection-On Roadway Crosswalk Not Available,Intersection,Dark-Lighted,Not Collision with Motor Vehicle in Transport,Pedestrian,1,True,S THIRD ST,Principal Arterial,45.0,7.0,14,6.0,0.6584498041918765,E MITCHELL RD,0.2642259429324237,45.0,7,B,MEMPHIS,SHELBY,49641,0.26422593868863764,City of Memphis,city_residual,city: no state-route overlap,E MITCHELL RD,False,False,True,City of Memphis
300870394,2023-03-01,2023-03-01 19:51:00,2023,3,Wednesday,19,35.161568,-89.911835,Suspected Serious Injury,Pedestrian,Not Intersection-On Roadway Crosswalk not Available,Non-Junction,Dark-Lighted,Not Collision with Motor Vehicle in Transport,Pedestrian,1,True,,,,,,,1209.6563479836586,MACON RD,39.859701284880266,40.0,4,B,MEMPHIS,SHELBY,51426,39.85970128284309,City of Memphis,city_residual,city: no state-route overlap,MACON RD,False,False,False,City of Memphis
300871258,2023-03-05,2023-03-05 15:30:00,2023,3,Sunday,15,35.217564,-90.00319,Possible Injury,Pedestrian,Intersection-Not on Roadway,Unknown,Daylight,Not Collision with Motor Vehicle in Transport,Pedestrian,1,True,,,,,,,2000.122896875299,FRAYSER BLVD,2.32846196544491,40.0,5,B,MEMPHIS,SHELBY,49878,2.3284619668612097,City of Memphis,city_residual,city: no state-route overlap,FRAYSER BLVD,False,False,False,City of Memphis
300869750,2023-02-27,2023-02-27 12:49:00,2023,2,Monday,12,35.079403,-89.98616,Possible Injury,Pedestrian,Intersection-In Crosswalk,Intersection,Daylight,Not Collision with Motor Vehicle in Transport,Pedestrian,1,True,,,,,,,2205.6649140461814,KETCHUM RD,39.616737592099,40.0,4,B,MEMPHIS,SHELBY,51003,39.616737591086995,City of Memphis,city_residual,city: no state-route overlap,KETCHUM RD,False,False,False,City of Memphis
300869268,2023-02-25,2023-02-25 03:00:00,2023,2,Saturday,3,35.14938,-89.95565,Suspected Serious Injury,Pedestrian,Not Intersection-On Roadway Not In Crosswalk,Non-Junction,Dark-Lighted,Not Collision with Motor Vehicle in Transport,Pedestrian,1,True,SUMMER AVE,Principal Arterial,35.0,5.0,1,5.0,4.891167395213143,SUMMER AVE,0.2370091643193906,35.0,5,B,MEMPHIS,SHELBY,47032,0.2370091643193906,TDOT state route,state_route_overlap,"state route: 100% overlap, name=SUMMER",SUMMER AVE,False,False,False,TDOT state route
300868932,2023-02-23,2023-02-23 16:20:00,2023,2,Thursday,16,35.11564,-90.054596,Suspected Minor Injury,Pedestrian,Intersection-On Roadway not in Crosswalk,Intersection,Daylight,Not Collision with Motor Vehicle in Transport,Pedestrian,1,True,,,,,,,57.15375680002511,E MCLEMORE AVE,43.36710712343107,35.0,2,B,MEMPHIS,SHELBY,53309,43.367107124027214,City of Memphis,city_residual,city: no state-route overlap,E MCLEMORE AVE,False,False,False,City of Memphis
300880468,2023-04-17,2023-04-17 02:14:00,2023,4,Monday,2,35.174213,-89.9309,No Injury,Pedestrian,Not Intersection-Outside Traffic,Non-Junction,Dark-Lighted,Not Collision with Motor Vehicle in Transport,Other,1,True,,,,,,,723.4522179328081,TENNYSON RD,0.1813840820708152,30.0,2,B,MEMPHIS,SHELBY,76968,0.1813840812096569,City of Memphis,city_residual,city: no state-route overlap,TENNYSON RD,False,False,False,City of Memphis
300876479,2023-03-30,2023-03-30 00:00:00,2023,3,Thursday,99,35.14544,-89.97798,Possible Injury,Pedestrian,Intersection-On Roadway not in Crosswalk,Intersection,Unknown,Not Collision with Motor Vehicle in Transport,Pedestrian,1,True,,,,,,,378.9935011078309,N HOLLYWOOD ST,0.002229432195207,35.0,2,B,MEMPHIS,SHELBY,84634,0.002229432013294949,City of Memphis,city_residual,city: no state-route overlap,N HOLLYWOOD ST,False,False,False,City of Memphis
300878793,2023-04-02,2023-04-02 21:10:00,2023,4,Sunday,21,35.182835,-89.87134,Suspected Serious Injury,Pedestrian,Not Intersection-On Roadway Crosswalk not Available,AccelDecelLane,Dark-Lighted,Not Collision with Motor Vehicle in Transport,Pedestrian,1,True,,,,,,,970.4658877226198,RALEIGH LAGRANGE RD,0.2150422711989839,45.0,5,B,MEMPHIS,SHELBY,52275,0.21504227244789229,City of Memphis,city_residual,city: no state-route overlap,RALEIGH LAGRANGE RD,False,False,False,City of Memphis
300879049,2023-04-10,2023-04-10 17:00:00,2023,4,Monday,17,35.211857,-90.03223,Possible Injury,Pedestrian,Intersection-On Roadway not in Crosswalk,Unknown,Daylight,Not Collision with Motor Vehicle in Transport,Pedestrian,1,True,THOMAS ST,,40.0,2.0,3,7.0,0.1308764148219398,MARSH AVE,0.0138907516441958,30.0,2,B,MEMPHIS,SHELBY,2674,0.013890748822228472,City of Memphis,city_residual,city: no state-route overlap,MARSH AVE,False,False,True,City of Memphis
300875404,2023-03-25,2023-03-25 05:47:00,2023,3,Saturday,5,35.064396,-90.05854,Possible Injury,Pedestrian,Intersection-Unknown,Unknown,Dark-Lighted,Not Collision with Motor Vehicle in Transport,Pedestrian,1,True,,,,,,,48.61238176517109,EASTMAN RD,39.34380139640311,30.0,2,B,MEMPHIS,SHELBY,72109,39.343801394153935,City of Memphis,city_residual,city: no state-route overlap,EASTMAN RD,False,False,False,City of Memphis
300874593,2023-03-21,2023-03-21 19:58:00,2023,3,Tuesday,19,35.1364,-90.0123,Possible Injury,Pedestrian,Not Intersection-On Roadway Not In Crosswalk,Non-Junction,Dark-Not Lighted,Not Collision with Motor Vehicle in Transport,Pedestrian,1,True,UNION AVE,Principal Arterial,35.0,6.0,23,5.0,4.789465351720647,UNION AVE,0.2050990084569544,35.0,6,B,MEMPHIS,SHELBY,46785,0.20509900845695447,TDOT state route,state_route_overlap,"state route: 100% overlap, name=UNION",UNION AVE,False,False,False,TDOT state route
300875439,2023-03-21,2023-03-21 19:51:00,2023,3,Tuesday,19,35.136389,-90.012102,Fatal,Pedestrian,Intersection-On Roadway not in Crosswalk,Non-Junction,Dark-Not Lighted,Not Collision with Motor Vehicle in Transport,Pedestrian,1,True,UNION AVE,Principal Arterial,35.0,6.0,23,5.0,3.893781361960777,UNION AVE,0.697002401984803,35.0,6,B,MEMPHIS,SHELBY,46786,0.6970024022087988,TDOT state route,state_route_overlap,"state route: 100% overlap, name=UNION",UNION AVE,False,False,False,TDOT state route
300880044,2023-04-13,2023-04-13 18:15:00,2023,4,Thursday,18,35.21955,-90.019714,Suspected Serious Injury,Pedestrian,Not Intersection-On Roadway Not In Crosswalk,Non-Junction,Daylight,Not Collision with Motor Vehicle in Transport,Pedestrian,2,True,,,,,,,633.6922081122914,MADEWELL DR,9.49776854998523,30.0,2,B,MEMPHIS,SHELBY,27726,9.497768548619419,City of Memphis,city_residual,city: no state-route overlap,MADEWELL DR,False,False,False,City of Memphis
300879716,2023-04-12,2023-04-12 19:20:00,2023,4,Wednesday,19,35.233414,-89.96662,Suspected Serious Injury,Pedestrian,Not Intersection-On Roadway Not In Crosswalk,Non-Junction,Dark-Lighted,Not Collision with Motor Vehicle in Transport,Pedestrian,1,True,,,,,,,3719.372030467208,SAINT ELMO AVE,0.1922765538474777,35.0,2,B,MEMPHIS,SHELBY,3006,0.19227655519117254,City of Memphis,city_residual,city: no state-route overlap,SAINT ELMO AVE,False,False,False,City of Memphis
300875686,2023-03-26,2023-03-26 16:55:00,2023,3,Sunday,16,35.216885,-90.03026,Suspected Serious Injury,Pedestrian,Not Intersection-On Roadway Not In Crosswalk,Intersection-Related,Daylight,Not Collision with Motor Vehicle in Transport,Pedestrian,1,True,THOMAS ST,,40.0,2.0,3,7.0,1.8470710670347965,FRAYSER BLVD,0.4952404768637196,35.0,2,B,MEMPHIS,SHELBY,8086,0.49524047682146893,City of Memphis,city_residual,city: no state-route overlap,FRAYSER BLVD,False,False,False,City of Memphis
300875440,2023-03-24,2023-03-24 19:05:00,2023,3,Friday,19,35.06031,-90.059875,Suspected Serious Injury,Pedestrian,Not Intersection-On Roadway Not In Crosswalk,Non-Junction,Dark-Lighted,Not Collision with Motor Vehicle in Transport,Pedestrian,1,True,,,,,,,34.935709416551944,E ROLLINS RD,30.340131593298672,30.0,2,B,MEMPHIS,SHELBY,72080,30.340131593298672,City of Memphis,city_residual,city: no state-route overlap,E ROLLINS RD,False,False,False,City of Memphis
300875441,2023-03-24,2023-03-24 19:06:00,2023,3,Friday,19,35.06031,-90.059875,Suspected Serious Injury,Pedestrian,Not Intersection-On Roadway Not In Crosswalk,Non-Junction,Dark-Lighted,Not Collision with Motor Vehicle in Transport,Pedestrian,1,True,,,,,,,34.935709416551944,E ROLLINS RD,30.340131593298672,30.0,2,B,MEMPHIS,SHELBY,72080,30.340131593298672,City of Memphis,city_residual,city: no state-route overlap,E ROLLINS RD,False,False,False,City of Memphis
300876593,2023-03-30,2023-03-30 16:50:00,2023,3,Thursday,16,35.22097,-89.909355,No Injury,Pedestrian,Intersection-On Roadway Crosswalk availability Unknown,Intersection-Related,Daylight,Not Collision with Motor Vehicle in Transport,Pedestrian,1,True,AUSTIN PEAY HWY,Principal Arterial,45.0,7.0,14,1.0,2.825632746179556,AUSTIN PEAY HWY,0.3169482305871651,45.0,7,B,MEMPHIS,SHELBY,48661,0.31694822969306197,TDOT state route,state_route_overlap,"state route: 100% overlap, name=AUSTIN PEAY",AUSTIN PEAY HWY,False,False,False,TDOT state route
300880304,2023-04-15,2023-04-15 11:20:00,2023,4,Saturday,11,35.133396,-89.98055,Suspected Serious Injury,Pedestrian,Not Intersection-Outside Traffic,Intersection,Daylight,Not Collision with Motor Vehicle in Transport,Pedestrian,1,True,UNION AVE,Principal Arterial,35.0,7.0,23,5.0,5.056229106128405,SAINT AGNES DR,0.2514138911867998,30.0,2,B,MEMPHIS,SHELBY,29407,0.251413891121978,City of Memphis,city_residual,city: no state-route overlap,SAINT AGNES DR,False,False,False,City of Memphis
300878657,2023-04-08,2023-04-08 15:00:00,2023,4,Saturday,15,35.093174,-89.977615,Suspected Minor Injury,Pedestrian,Not Intersection-On Roadway Not In Crosswalk,Non-Junction,Daylight,Not Collision with Motor Vehicle in Transport,Pedestrian,1,True,,,,,,,674.0651701802766,HUGENOT ST,9.100686682996985,35.0,2,B,MEMPHIS,SHELBY,82548,9.10068668299417,City of Memphis,city_residual,city: no state-route overlap,HUGENOT ST,False,False,False,City of Memphis
300876625,2023-03-29,2023-03-29 22:05:00,2023,3,Wednesday,22,35.078083,-90.0195,Possible Injury,Pedestrian,Not Intersection-On Roadway Not In Crosswalk,Non-Junction,Dark-Lighted,Not Collision with Motor Vehicle in Transport,Pedestrian,1,True,ELVIS PRESLEY BLVD,Minor Arterial,40.0,4.0,3,6.0,0.7868663802562404,E ALCY RD,0.2660507945210927,35.0,2,B,MEMPHIS,SHELBY,75728,0.2660507931108725,City of Memphis,city_residual,city: no state-route overlap,E ALCY RD,False,False,False,City of Memphis
300877778,2023-04-04,2023-04-04 20:20:00,2023,4,Tuesday,20,35.17464,-89.97544,Suspected Serious Injury,Pedestrian,Not Intersection-Unknown,SharedUsePathOrTrail,Dark-Lighted,Not Collision with Motor Vehicle in Transport,Pedestrian,1,True,,,,,,,1846.448552370146,CHELSEA AVE,0.3182920174418681,40.0,4,B,MEMPHIS,SHELBY,50733,0.3182920174418681,City of Memphis,city_residual,city: no state-route overlap,CHELSEA AVE,False,False,False,City of Memphis
300875712,2023-03-25,2023-03-25 22:30:00,2023,3,Saturday,22,35.138195,-90.05444,Possible Injury,Pedestrian,Intersection-In Crosswalk,Intersection,Dark-Lighted,Not Collision with Motor Vehicle in Transport,Pedestrian,1,True,S SECOND ST,Minor Arterial,35.0,2.0,14,6.0,2.9458362255467905,DR MARTIN LUTHER KING JR AVE,0.2390395793437804,35.0,3,B,MEMPHIS,SHELBY,3325,0.23903957686115365,TDOT state route,state_route_overlap,"state route: 100% overlap, name=DR MARTIN LUTHER KING JR",DR MARTIN LUTHER KING JR AVE,False,False,False,TDOT state route
300873798,2023-03-17,2023-03-17 21:00:00,2023,3,Friday,21,35.110672,-90.0162,No Injury,Pedestrian,Not Intersection-Other Not On Roadway,Non-Junction,Dark-Lighted,Angle,Other,1,True,,,,,,,506.7414760568316,GLEASON AVE,15.989706951967758,30.0,2,B,MEMPHIS,SHELBY,5160,15.989706951967758,City of Memphis,city_residual,city: no state-route overlap,GLEASON AVE,False,False,False,City of Memphis
300880079,2023-04-14,2023-04-14 19:20:00,2023,4,Friday,19,35.14448,-90.021805,Suspected Minor Injury,Pedestrian,Intersection-On Roadway Crosswalk Not Available,AccelDecelLane,Daylight,Not Collision with Motor Vehicle in Transport,Pedestrian,1,True,,,,,,,780.1294485706305,POPLAR AVE,4.113093806496379,40.0,7,B,MEMPHIS,SHELBY,50390,4.113093805362419,City of Memphis,city_residual,city: no state-route overlap,POPLAR AVE,False,False,False,City of Memphis
300877478,2023-04-02,2023-04-02 14:06:00,2023,4,Sunday,14,35.189644,-89.92747,Suspected Serious Injury,Pedestrian,Not Intersection-Adjacent to Roadway,Non-Junction,Daylight,Angle,Other,1,True,JACKSON AVE,Principal Arterial,40.0,7.0,14,7.0,2.2347912199413007,JACKSON AVE,0.5802347316651127,40.0,7,B,MEMPHIS,SHELBY,46538,0.58023472925432,TDOT state route,state_route_overlap,"state route: 100% overlap, name=JACKSON",JACKSON AVE,False,False,False,TDOT state route
300874898,2023-03-22,2023-03-22 12:45:00,2023,3,Wednesday,12,35.20386,-89.82105,Suspected Serious Injury,Pedestrian,Intersection-On Roadway Crosswalk Not Available,Intersection-Related,Daylight,Not Collision with Motor Vehicle in Transport,Pedestrian,1,True,US HIGHWAY 64,Principal Arterial,45.0,6.0,15,1.0,4.986674638979345,US HIGHWAY 64,0.3216169279476005,45.0,6,B,BARTLETT,SHELBY,47486,0.321616927668599,TDOT state route,state_route_overlap,"state route: 100% overlap, name=US HIGHWAY 64",US HIGHWAY 64,False,False,False,TDOT state route
300878097,2023-04-06,2023-04-06 06:27:00,2023,4,Thursday,6,35.085983,-89.85877,Possible Injury,Pedestrian,Intersection-In Crosswalk,Intersection,Dawn,Not Collision with Motor Vehicle in Transport,Pedestrian,1,True,,,,,,,1182.873864420354,RIDGEWAY RD,0.1919258855344501,40.0,7,B,MEMPHIS,SHELBY,48870,0.19192588547968523,City of Memphis,city_residual,city: no state-route overlap,RIDGEWAY RD,False,False,False,City of Memphis
300875739,2023-03-26,2023-03-26 21:50:00,2023,3,Sunday,21,35.09989,-90.00228,Suspected Minor Injury,Pedestrian,Intersection-On Roadway Crosswalk Not Available,Non-Junction,Dark-Lighted,Not Collision with Motor Vehicle in Transport,Pedestrian,1,True,,,,,,,1447.3328053001694,E PERSON AVE,23.04782382179048,35.0,2,B,MEMPHIS,SHELBY,50494,23.047823821790477,City of Memphis,city_residual,city: no state-route overlap,E PERSON AVE,False,False,False,City of Memphis
300875746,2023-03-25,2023-03-25 16:55:00,2023,3,Saturday,16,35.092495,-90.05615,Possible Injury,Pedestrian,Intersection-Not on Roadway,Intersection,Daylight,Not Collision with Motor Vehicle in Transport,Pedestrian,2,True,S THIRD ST,Principal Arterial,40.0,7.0,14,6.0,0.7180355902229851,S THIRD ST,0.0649882386240082,40.0,7,B,MEMPHIS,SHELBY,48136,0.06498823844782295,TDOT state route,state_route_overlap,"state route: 100% overlap, name=S THIRD",S THIRD ST,False,False,False,TDOT state route
300876380,2023-03-29,2023-03-29 17:00:00,2023,3,Wednesday,17,35.05001,-89.90168,Possible Injury,Pedestrian,Not Intersection-On Roadway Not In Crosswalk,Non-Junction,Daylight,Not Collision with Motor Vehicle in Transport,Pedestrian,1,True,,,,,,,1738.4646345833935,OUTLAND RD,5.802731499647157,40.0,5,B,MEMPHIS,SHELBY,51864,5.802731499647157,City of Memphis,city_residual,city: no state-route overlap,OUTLAND RD,False,False,False,City of Memphis
300879505,2023-04-12,2023-04-12 18:30:00,2023,4,Wednesday,18,35.142204,-90.03157,Possible Injury,Pedestrian,Not Intersection-Outside Traffic,OtherLocation,Daylight,Not Collision with Motor Vehicle in Transport,Pedestrian,1,True,,,,,,,420.5362771524241,JEFFERSON AVE,47.13312526057278,40.0,4,B,MEMPHIS,SHELBY,7296,47.13312525950835,City of Memphis,city_residual,city: no state-route overlap,JEFFERSON AVE,False,False,False,City of Memphis
300876395,2023-03-29,2023-03-29 19:48:00,2023,3,Wednesday,19,35.175457,-89.96243,Possible Injury,Pedestrian,Intersection-On Roadway not in Crosswalk,Intersection,Dark-Lighted,Not Collision with Motor Vehicle in Transport,Pedestrian,1,True,,,,,,,1459.0911604216426,WARFORD ST,24.997210524189683,45.0,5,B,MEMPHIS,SHELBY,51142,24.99721052499841,City of Memphis,city_residual,city: no state-route overlap,WARFORD ST,False,False,False,City of Memphis
300879516,2023-04-12,2023-04-12 18:00:00,2023,4,Wednesday,18,35.168312,-89.93514,Possible Injury,Pedestrian,Intersection-On Roadway not in Crosswalk,Intersection,Daylight,Not Collision with Motor Vehicle in Transport,Pedestrian,1,True,,,,,,,824.7379924141774,FLOWERS ST,20.81446783738688,30.0,2,B,MEMPHIS,SHELBY,84652,20.81446783738688,City of Memphis,city_residual,city: no state-route overlap,FLOWERS ST,False,False,False,City of Memphis
300880995,2023-04-19,2023-04-19 05:15:00,2023,4,Wednesday,5,35.051125,-89.907745,Suspected Serious Injury,Pedestrian,Not Intersection-Adjacent to Roadway,Intersection-Related,Dark-Lighted,Not Collision with Motor Vehicle in Transport,Pedestrian,1,True,,,,,,,1254.8226421798602,WINCHESTER RD,0.2567894594073934,45.0,7,B,MEMPHIS,SHELBY,53023,0.2567894566598561,City of Memphis,city_residual,city: no state-route overlap,WINCHESTER RD,False,False,False,City of Memphis
300878161,2023-04-06,2023-04-06 11:00:00,2023,4,Thursday,11,35.150368,-90.05196,Possible Injury,Pedestrian,Intersection-In Crosswalk,Intersection,Daylight,Not Collision with Motor Vehicle in Transport,Pedestrian,1,True,,,,,,,223.0766186049701,POPLAR AVE,12.781977373100004,35.0,4,B,MEMPHIS,SHELBY,7473,12.781977372031541,City of Memphis,city_residual,city: no state-route overlap,POPLAR AVE,False,False,False,City of Memphis
300878467,2023-04-07,2023-04-07 15:38:00,2023,4,Friday,15,35.236225,-89.98338,Possible Injury,Pedestrian,Not Intersection-On Roadway Not In Crosswalk,Non-Junction,Daylight,Not Collision with Motor Vehicle in Transport,Pedestrian,1,True,,,,,,,2291.6043612513336,MOUNTAIN TERRACE ST,25.51544517655557,30.0,2,B,MEMPHIS,SHELBY,80086,25.515445176545025,City of Memphis,city_residual,city: no state-route overlap,MOUNTAIN TERRACE ST,False,False,False,City of Memphis