MstrRecNbrTxt,CollisionDate,CollisionDteTime,YearNmb,Month,DayOfWeek,Hour,Latitude,Longitude,InjuryClass,PersonType,NonMotoristLocation,RelationToJunction,LightCondition,MannerOfCollision,FirstHarmfulEvent,VictimsInCrash,InMemphis,StateRoute_NAME,StateRoute_F_System,StateRoute_SPDLIMIT,StateRoute_LANES,StateRoute_ALTNAME_1,StateRoute_Council_District,DistToStateRoute_m,Street_Name,DistToStreet_m,Street_SPDLIMIT,Street_LANES,Street_ONEWAY,Street_CITY_L,Street_COUNTY_L,Seg_OBJECTID,DistToSeg_m,Ownership,Rule_Fired,Classification_Basis,Matched_Street,is_limited_access,is_override,is_corner_case,Jurisdiction_prev
300864587,2023-01-27,2023-01-27 16:30:00,2023,1,Friday,16,35.232872,-89.99795,Possible Injury,Pedestrian,Not Intersection-Unknown,Intersection,Daylight,Not Collision with Motor Vehicle in Transport,Pedestrian,1,True,,,,,,,1412.9423465348325,LEWEIR ST,70.83938732004664,30.0,2,B,MEMPHIS,SHELBY,79949,70.83938732004664,City of Memphis,city_residual,city: no state-route overlap,LEWEIR ST,False,False,False,City of Memphis
300866127,2023-02-09,2023-02-09 17:07:00,2023,2,Thursday,17,35.123005,-89.939285,Suspected Serious Injury,Pedestrian,Not Intersection-On Roadway Crosswalk Availability Unknown,AccelDecelLane,Daylight,Not Collision with Motor Vehicle in Transport,Pedestrian,1,True,,,,,,,383.81044463995215,INNOVATION DR,0.0638323800189023,30.0,2,B,MEMPHIS,SHELBY,29515,0.06383238021677332,City of Memphis,city_residual,city: no state-route overlap,INNOVATION DR,False,False,False,City of Memphis
300880191,2023-04-10,2023-04-10 16:00:00,2023,4,Monday,16,35.05204,-89.922226,Suspected Serious Injury,Pedestrian,Intersection-On Roadway Crosswalk availability Unknown,Intersection-Related,Daylight,Not Collision with Motor Vehicle in Transport,Pedestrian,1,True,,,,,,,273.6434637772095,GOODLETT RD,25.91084641923736,35.0,2,B,MEMPHIS,SHELBY,52800,25.910846419200816,City of Memphis,city_residual,city: no state-route overlap,GOODLETT RD,False,False,False,City of Memphis
300876719,2023-03-31,2023-03-31 07:00:00,2023,3,Friday,7,35.21745,-89.99367,Possible Injury,Pedestrian,Intersection-On Roadway not in Crosswalk,Intersection,Dawn,Not Collision with Motor Vehicle in Transport,Pedestrian,1,True,,,,,,,2715.563832111741,OVERTON CROSSING ST,21.04510503770793,40.0,5,B,MEMPHIS,SHELBY,79965,21.045105038449602,City of Memphis,city_residual,city: no state-route overlap,OVERTON CROSSING ST,False,False,False,City of Memphis
300877888,2023-04-01,2023-04-01 19:06:00,2023,4,Saturday,19,35.108456,-89.98326,Suspected Serious Injury,Pedestrian,Intersection-On Roadway not in Crosswalk,Intersection,Dawn,Not Collision with Motor Vehicle in Transport,Pedestrian,2,True,,,,,,,149.98880460599625,PARK AVE,0.1461006470338209,35.0,4,B,MEMPHIS,SHELBY,51017,0.14610064704879389,City of Memphis,city_residual,city: no state-route overlap,PARK AVE,False,False,False,City of Memphis
300883690,2023-04-30,2023-04-30 21:30:00,2023,4,Sunday,21,35.020493,-89.93138,Suspected Serious Injury,Pedestrian,Not Intersection-On Roadway Not In Crosswalk,Intersection,Dark-Lighted,Not Collision with Motor Vehicle in Transport,Pedestrian,1,True,E SHELBY DR,Principal Arterial,45.0,7.0,175,3.0,17.808493459967785,E SHELBY DR,13.125180792028068,45.0,7,B,MEMPHIS,SHELBY,46410,13.125180788619167,TDOT state route,state_route_overlap,"state route: 100% overlap, name=E SHELBY",E SHELBY DR,False,False,False,TDOT state route
300887182,2023-05-16,2023-05-16 11:30:00,2023,5,Tuesday,11,35.16737,-89.93907,No Injury,Pedestrian,Not Intersection-Other Not On Roadway,Non-Junction,Daylight,Not Collision with Motor Vehicle in Transport,Other,2,True,,,,,,,636.7884202915016,HOMER ST,24.3835719201171,30.0,2,B,MEMPHIS,SHELBY,83238,24.383571920070427,City of Memphis,city_residual,city: no state-route overlap,HOMER ST,False,False,False,City of Memphis
300883187,2023-04-28,2023-04-28 14:00:00,2023,4,Friday,14,35.133823,-90.019356,Possible Injury,Pedestrian,Intersection-On Roadway not in Crosswalk,AccelDecelLane,Daylight,Not Collision with Motor Vehicle in Transport,Pedestrian,1,True,,,,,,,131.11641483180767,ALLEY,65.63471832246435,25.0,2,B,MEMPHIS,SHELBY,240,65.63471832354242,City of Memphis,city_residual,city: no state-route overlap,ALLEY,False,False,False,City of Memphis
300881771,2023-04-21,2023-04-21 18:49:00,2023,4,Friday,18,35.083454,-90.02569,Suspected Serious Injury,Pedestrian,Intersection-On Roadway not in Crosswalk,Non-Junction,Daylight,Not Collision with Motor Vehicle in Transport,Pedestrian,1,True,,,,,,,649.8630810089344,NORRIS RD,0.2932612253291314,40.0,5,B,MEMPHIS,SHELBY,50953,0.2932612266820145,City of Memphis,city_residual,city: no state-route overlap,NORRIS RD,False,False,False,City of Memphis
300886095,2023-05-04,2023-05-04 15:30:00,2023,5,Thursday,15,35.14951,-89.961494,Possible Injury,Pedestrian,Intersection-On Roadway not in Crosswalk,Intersection,Daylight,Not Collision with Motor Vehicle in Transport,Pedestrian,1,True,SUMMER AVE,Principal Arterial,35.0,5.0,1,5.0,4.379760083222899,TILLMAN ST,0.0948639028601961,30.0,2,B,MEMPHIS,SHELBY,82831,0.09486390285947623,City of Memphis,city_residual,city: no state-route overlap,TILLMAN ST,False,False,True,City of Memphis
300886894,2023-05-15,2023-05-15 09:33:00,2023,5,Monday,9,35.045006,-89.86637,Possible Injury,Pedestrian,Not Intersection-Adjacent to Roadway,AccelDecelLane,Daylight,Not Collision with Motor Vehicle in Transport,Pedestrian,2,True,,,,,,,2730.077532146185,MYERS RD,0.2722784570517453,30.0,2,B,MEMPHIS,SHELBY,76554,0.27227845704805226,City of Memphis,city_residual,city: no state-route overlap,MYERS RD,False,False,False,City of Memphis
300882927,2023-04-26,2023-04-26 20:32:00,2023,4,Wednesday,20,35.02035,-90.11504,Fatal,Pedestrian,Not Intersection-On Roadway Not In Crosswalk,SharedUsePathOrTrail,Dark-Not Lighted,Not Collision with Motor Vehicle in Transport,Pedestrian,1,True,,,,,,,1831.7998956271344,W SHELBY DR,19.54318625919867,35.0,2,B,MEMPHIS,SHELBY,26950,19.54318625814482,City of Memphis,city_residual,city: no state-route overlap,W SHELBY DR,False,False,False,City of Memphis
300885805,2023-05-04,2023-05-04 17:06:00,2023,5,Thursday,17,35.070385,-89.84312,No Injury,Other Non-Motorist,Not Intersection-Unknown,Intersection,Dawn,Angle,Other,1,True,,,,,,,364.3680266616457,PRIVATE DR,41.52490193036893,25.0,2,B,MEMPHIS,SHELBY,35102,41.52490193104962,City of Memphis,city_residual,city: no state-route overlap,PRIVATE DR,False,False,False,City of Memphis
300886915,2023-05-15,2023-05-15 08:05:00,2023,5,Monday,8,35.173313,-89.79301,Suspected Minor Injury,Pedestrian,Intersection-In Crosswalk,Intersection,Daylight,Not Collision with Motor Vehicle in Transport,Pedestrian,1,True,N GERMANTOWN PKWY,Principal Arterial,50.0,6.0,177,1.0,0.6877599334041639,DEXTER RD,0.4442400477296758,35.0,4,B,MEMPHIS,SHELBY,49128,0.4442400449468233,City of Memphis,city_residual,city: no state-route overlap,DEXTER RD,False,False,True,City of Memphis
300883776,2023-04-30,2023-04-30 10:20:00,2023,4,Sunday,10,35.083588,-89.88082,No Injury,Other Non-Motorist,Not Intersection-Adjacent to Roadway,Non-Junction,Daylight,Front to Rear,Other,1,True,,,,,,,451.7764123559363,240 E TO 385 E,1.00956408039387,45.0,2,FT,MEMPHIS,SHELBY,47710,1.0095640796508234,Interstate ramp (TDOT),interstate_ramp,interstate ramp: MTFCC S1630,240 E TO 385 E,True,False,False,Interstate ramp
300883794,2023-05-01,2023-05-01 13:02:00,2023,5,Monday,13,35.11925,-90.03312,Possible Injury,Pedestrian,Intersection-In Crosswalk,AccelDecelLane,Daylight,Not Collision with Motor Vehicle in Transport,Pedestrian,1,True,,,,,,,834.1197290314699,WALKER AVE,9.15402461884946,35.0,2,B,MEMPHIS,SHELBY,5067,9.154024618129576,City of Memphis,city_residual,city: no state-route overlap,WALKER AVE,False,False,False,City of Memphis
300885832,2023-05-10,2023-05-10 02:00:00,2023,5,Wednesday,2,35.145138,-90.031746,Possible Injury,Pedestrian,Not Intersection-Unknown,Non-Junction,Dark-Unknown Lighting,Not Collision with Motor Vehicle in Transport,Pedestrian,1,True,,,,,,,740.9813598882411,POPLAR AVE,34.890435608728744,40.0,7,B,MEMPHIS,SHELBY,50350,34.890435608334094,City of Memphis,city_residual,city: no state-route overlap,POPLAR AVE,False,False,False,City of Memphis
300882979,2023-04-27,2023-04-27 17:55:00,2023,4,Thursday,17,35.14949,-89.96524,Suspected Serious Injury,Pedestrian,Not Intersection-On Roadway Not In Crosswalk,Non-Junction,Daylight,Not Collision with Motor Vehicle in Transport,Pedestrian,1,True,SUMMER AVE,Principal Arterial,35.0,5.0,1,5.0,13.063300450973047,LESTER ST,4.449412205411543,30.0,2,B,MEMPHIS,SHELBY,82768,4.44941220549505,City of Memphis,city_residual,city: no state-route overlap,LESTER ST,False,False,False,City of Memphis
300882415,2023-04-25,2023-04-25 05:23:00,2023,4,Tuesday,5,35.02104,-89.98982,Possible Injury,Pedestrian,Intersection-On Roadway not in Crosswalk,AccelDecelLane,Dark-Not Lighted,Not Collision with Motor Vehicle in Transport,Pedestrian,1,True,E SHELBY DR,Principal Arterial,40.0,7.0,175,3.0,5.227872065290232,AIRWAYS BLVD,0.3459765279712413,45.0,7,B,MEMPHIS,SHELBY,53447,0.3459765279704946,City of Memphis,city_residual,city: no state-route overlap,AIRWAYS BLVD,False,False,False,City of Memphis
300883849,2023-05-01,2023-05-01 17:42:00,2023,5,Monday,17,35.115032,-90.02167,Possible Injury,Pedestrian,Not Intersection-In Parking Lane,Intersection,Daylight,Not Collision with Motor Vehicle in Transport,Pedestrian,1,True,S BELLEVUE BLVD,Minor Arterial,35.0,5.0,3,4.0,0.2592798869869621,S BELLEVUE BLVD,0.6733476929207506,35.0,5,B,MEMPHIS,SHELBY,46965,0.6733476930183874,TDOT state route,state_route_overlap,"state route: 100% overlap, name=S BELLEVUE",S BELLEVUE BLVD,False,False,False,TDOT state route
300882747,2023-04-26,2023-04-26 17:37:00,2023,4,Wednesday,17,35.135654,-89.96237,Possible Injury,Pedestrian,Intersection-On Roadway not in Crosswalk,Intersection-Related,Dawn,Not Collision with Motor Vehicle in Transport,Pedestrian,1,True,WALNUT GROVE RD,Minor Arterial,35.0,5.0,23,5.0,4.942329606597582,TILLMAN ST,0.3566738060974942,35.0,4,B,MEMPHIS,SHELBY,51109,0.3566738060974942,City of Memphis,city_residual,city: no state-route overlap,TILLMAN ST,False,False,True,City of Memphis
300886211,2023-05-12,2023-05-12 02:00:00,2023,5,Friday,2,35.061047,-90.03236,Possible Injury,Pedestrian,Not Intersection-On Roadway Not In Crosswalk,Non-Junction,Dark-Lighted,Not Collision with Motor Vehicle in Transport,Pedestrian,1,True,,,,,,,774.4398231757965,DOGWOOD LN,62.69375377334878,30.0,2,B,MEMPHIS,SHELBY,42201,62.69375377436665,City of Memphis,city_residual,city: no state-route overlap,DOGWOOD LN,False,False,False,City of Memphis
300886213,2023-05-12,2023-05-12 03:03:00,2023,5,Friday,3,35.123184,-89.945435,Possible Injury,Pedestrian,Not Intersection-Unknown,Non-Junction,Dark-Lighted,Not Collision with Motor Vehicle in Transport,Pedestrian,1,True,,,,,,,503.8738062172139,S HIGHLAND ST,0.1497153507671754,35.0,5,B,MEMPHIS,SHELBY,51227,0.14971535076696416,City of Memphis,city_residual,city: no state-route overlap,S HIGHLAND ST,False,False,False,City of Memphis
300882167,2023-04-24,2023-04-24 08:10:00,2023,4,Monday,8,35.097244,-89.93988,No Injury,Pedestrian,Not Intersection-Unknown,Unknown,Daylight,HeadOn,Other,1,True,,,,,,,2017.459557894182,BARRON AVE,0.2304172263670851,30.0,2,B,MEMPHIS,SHELBY,5794,0.23041722636708517,City of Memphis,city_residual,city: no state-route overlap,BARRON AVE,False,False,False,City of Memphis
300884189,2023-04-30,2023-04-30 01:00:00,2023,4,Sunday,1,35.084129,-89.889633,Possible Injury,Pedestrian,Intersection-Not on Roadway,Non-Junction,Dark-Lighted,Not Collision with Motor Vehicle in Transport,Pedestrian,1,True,,,,,,,1226.0700920209035,INTERSTATE 240 W,1.8438147863837315,65.0,3,TF,MEMPHIS,SHELBY,39793,1.8438147870155248,Interstate (TDOT),interstate_mainline,interstate: MTFCC S1100,INTERSTATE 240 W,True,False,False,Interstate (TDOT)
300884824,2023-05-05,2023-05-05 21:00:00,2023,5,Friday,21,35.128174,-90.02656,Possible Injury,Pedestrian,Not Intersection-On Roadway Not In Crosswalk,AccelDecelLane,Dark-Lighted,Not Collision with Motor Vehicle in Transport,Pedestrian,1,True,,,,,,,339.20356708600536,PRIVATE DR,14.062815578659574,30.0,2,B,MEMPHIS,SHELBY,35410,14.062815578569316,City of Memphis,city_residual,city: no state-route overlap,PRIVATE DR,False,False,False,City of Memphis
300883632,2023-04-30,2023-04-30 16:49:00,2023,4,Sunday,16,35.036205,-90.1047,Fatal,Pedestrian,Intersection-On Roadway Crosswalk Not Available,Intersection,Daylight,Not Collision with Motor Vehicle in Transport,Pedestrian,1,True,,,,,,,2271.6741023848263,TAHOE RD,22.44672738980538,30.0,2,B,MEMPHIS,SHELBY,76916,22.44672739251719,City of Memphis,city_residual,city: no state-route overlap,TAHOE RD,False,False,False,City of Memphis
300883634,2023-04-30,2023-04-30 13:30:00,2023,4,Sunday,13,35.184483,-89.9309,Possible Injury,Pedestrian,Not Intersection-On Roadway Not In Crosswalk,Intersection-Related,Daylight,Not Collision with Motor Vehicle in Transport,Pedestrian,1,True,,,,,,,62.02245407450655,JACKSON AVE,59.23539798426891,40.0,7,B,MEMPHIS,SHELBY,48212,59.23539798431529,TDOT state route,state_route_overlap,"state route: 100% overlap, name=JACKSON",JACKSON AVE,False,False,False,TDOT state route
300885689,2023-05-09,2023-05-09 17:19:00,2023,5,Tuesday,17,35.211357,-89.918915,Suspected Minor Injury,Pedestrian,Not Intersection-Adjacent to Roadway,OtherLocation,Daylight,Angle,Other,1,True,AUSTIN PEAY HWY,,50.0,3.0,14,1.0,0.5969438634319845,AUSTIN PEAY HWY,0.0038971965457001,50.0,3,TF,MEMPHIS,SHELBY,47642,0.003897196921229775,City of Memphis,city_residual,city: no state-route overlap,AUSTIN PEAY HWY,False,False,False,City of Memphis
300873442,2023-03-16,2023-03-16 04:59:00,2023,3,Thursday,4,35.068768,-89.96913,Fatal,Pedestrian,Intersection-On Roadway Crosswalk availability Unknown,Intersection,Dark-Lighted,Not Collision with Motor Vehicle in Transport,Pedestrian,1,True,,,,,,,1779.4498281343597,DEMOCRAT RD,36.40056010930375,45.0,5,B,MEMPHIS,SHELBY,53687,36.40056011213965,City of Memphis,city_residual,city: no state-route overlap,DEMOCRAT RD,False,False,False,City of Memphis
300883914,2023-05-01,2023-05-01 22:40:00,2023,5,Monday,22,35.128716,-90.02108,Suspected Minor Injury,Pedestrian,Intersection-On Roadway not in Crosswalk,Intersection,Dark-Lighted,Not Collision with Motor Vehicle in Transport,Pedestrian,1,True,S BELLEVUE BLVD,Minor Arterial,35.0,4.0,3,6.0,0.1613578382113724,LAMAR AVE,0.364993029068438,40.0,7,B,MEMPHIS,SHELBY,47391,0.3649930302199551,TDOT state route,state_route_overlap,"state route: 100% overlap, name=LAMAR",LAMAR AVE,False,False,False,TDOT state route
300881360,2023-04-20,2023-04-20 15:45:00,2023,4,Thursday,15,35.15624,-90.02306,Possible Injury,Pedestrian,Intersection-In Crosswalk,Intersection,Daylight,Not Collision with Motor Vehicle in Transport,Pedestrian,1,True,,,,,,,140.6321142621142,GREENLAW AVE,22.222246280486708,30.0,2,B,MEMPHIS,SHELBY,3737,22.222246280486708,City of Memphis,city_residual,city: no state-route overlap,GREENLAW AVE,False,False,False,City of Memphis
300885717,2023-05-09,2023-05-09 15:30:00,2023,5,Tuesday,15,35.15953,-90.026505,Possible Injury,Pedestrian,Not Intersection-On Roadway Not In Crosswalk,Non-Junction,Daylight,"Sideswipe, Opposite Direction",Other,1,True,,,,,,,258.677216884228,HASTINGS ST,0.3903067029957662,30.0,2,B,MEMPHIS,SHELBY,80889,0.3903067033040474,City of Memphis,city_residual,city: no state-route overlap,HASTINGS ST,False,False,False,City of Memphis
300885125,2023-05-06,2023-05-06 14:55:00,2023,5,Saturday,14,35.104343,-90.009415,Possible Injury,Pedestrian,Intersection-On Roadway not in Crosswalk,Intersection,Daylight,Not Collision with Motor Vehicle in Transport,Pedestrian,1,True,,,,,,,947.1017940908438,CANE MEADOW CIR,15.928819808829076,30.0,2,B,MEMPHIS,SHELBY,9888,15.928819808829077,City of Memphis,city_residual,city: no state-route overlap,CANE MEADOW CIR,False,False,False,City of Memphis
300881376,2023-04-19,2023-04-19 21:15:00,2023,4,Wednesday,21,35.138245,-90.00941,Possible Injury,Pedestrian,Not Intersection-On Roadway Not In Crosswalk,Non-Junction,Dark-Lighted,Not Collision with Motor Vehicle in Transport,Pedestrian,1,True,,,,,,,229.2227628318616,MADISON AVE,0.0171067331268222,35.0,3,B,MEMPHIS,SHELBY,50443,0.01710673312682221,City of Memphis,city_residual,city: no state-route overlap,MADISON AVE,False,False,False,City of Memphis
300881379,2023-04-20,2023-04-20 15:21:00,2023,4,Thursday,15,35.100845,-90.016815,Suspected Minor Injury,Pedestrian,Intersection-On Roadway Crosswalk Not Available,Intersection,Daylight,Not Collision with Motor Vehicle in Transport,Pedestrian,1,True,,,,,,,177.98696988015993,E PERSON AVE,0.1134886087346628,35.0,4,B,MEMPHIS,SHELBY,50983,0.11348860818914683,City of Memphis,city_residual,city: no state-route overlap,E PERSON AVE,False,False,False,City of Memphis
300887796,2023-05-18,2023-05-18 19:01:00,2023,5,Thursday,19,35.001698,-89.9577,Possible Injury,Pedestrian,Not Intersection-On Roadway Not In Crosswalk,Non-Junction,Dawn,Not Collision with Motor Vehicle in Transport,Pedestrian,1,True,,,,,,,1907.9727581209672,SPUTNIK DR,26.46825140944148,30.0,2,B,MEMPHIS,SHELBY,25935,26.468251408586088,City of Memphis,city_residual,city: no state-route overlap,SPUTNIK DR,False,False,False,City of Memphis
300889442,2023-05-26,2023-05-26 01:16:00,2023,5,Friday,1,35.11612,-89.969864,Suspected Serious Injury,Pedestrian,Not Intersection-On Roadway Not In Crosswalk,Unknown,Dark-Lighted,Not Collision with Motor Vehicle in Transport,Pedestrian,1,True,,,,,,,1331.4333182837845,JOSEPHINE ST,23.86565925293956,35.0,2,B,MEMPHIS,SHELBY,82714,23.86565925297449,City of Memphis,city_residual,city: no state-route overlap,JOSEPHINE ST,False,False,False,City of Memphis
300889892,2023-05-24,2023-05-24 00:00:00,2023,5,Wednesday,99,35.167114,-89.9454,Possible Injury,Pedestrian,Not Intersection-Other Not On Roadway,Intersection,Dawn,"Sideswipe, Opposite Direction",Other,1,True,,,,,,,281.7541181001424,VERNON AVE,0.4031298883600003,30.0,2,B,MEMPHIS,SHELBY,5776,0.403129888322384,City of Memphis,city_residual,city: no state-route overlap,VERNON AVE,False,False,False,City of Memphis
300890107,2023-05-31,2023-05-31 04:02:00,2023,5,Wednesday,4,35.062046,-89.91006,Possible Injury,Pedestrian,Intersection-On Roadway Crosswalk availability Unknown,Intersection,Dark-Lighted,Not Collision with Motor Vehicle in Transport,Pedestrian,1,True,,,,,,,1843.2127154282348,KNIGHT RD,35.35441284579829,35.0,2,B,MEMPHIS,SHELBY,71207,35.35441284591943,City of Memphis,city_residual,city: no state-route overlap,KNIGHT RD,False,False,False,City of Memphis
300865709,2023-02-07,2023-02-07 19:46:00,2023,2,Tuesday,19,35.13095,-89.86776,Fatal,Pedestrian,Not Intersection-On Roadway Crosswalk not Available,Non-Junction,Dark-Lighted,Not Collision with Motor Vehicle in Transport,Pedestrian,1,True,WALNUT GROVE RD,Minor Arterial,40.0,6.0,23,5.0,4.897919657560549,WALNUT GROVE RD,0.2402138884598577,40.0,6,B,MEMPHIS,SHELBY,47708,0.24021388845985778,TDOT state route,state_route_overlap,"state route: 100% overlap, name=WALNUT GROVE",WALNUT GROVE RD,False,False,False,TDOT state route
300861906,2023-01-19,2023-01-19 18:26:00,2023,1,Thursday,18,35.04917,-89.83001,Suspected Serious Injury,Pedestrian,Not Intersection-On Roadway Not In Crosswalk,Non-Junction,Dark-Unknown Lighting,Not Collision with Motor Vehicle in Transport,Pedestrian,1,True,,,,,,,536.2340062107872,RIVERDALE RD,0.4472952746157089,45.0,6,B,MEMPHIS,SHELBY,51968,0.4472952746161206,City of Memphis,city_residual,city: no state-route overlap,RIVERDALE RD,False,False,False,City of Memphis
300888463,2023-05-21,2023-05-21 10:00:00,2023,5,Sunday,10,35.087784,-89.96907,Suspected Serious Injury,Pedestrian,Intersection-On Roadway not in Crosswalk,Non-Junction,Daylight,Not Collision with Motor Vehicle in Transport,Pedestrian,1,True,,,,,,,391.9249514401141,MONTAGUE AVE,21.562794200870613,30.0,2,B,MEMPHIS,SHELBY,5387,21.562794200870613,City of Memphis,city_residual,city: no state-route overlap,MONTAGUE AVE,False,False,False,City of Memphis
300889493,2023-05-25,2023-05-25 22:15:00,2023,5,Thursday,22,35.134224,-89.98875,Possible Injury,Pedestrian,Intersection-In Crosswalk,Intersection,Dark-Lighted,Not Collision with Motor Vehicle in Transport,Pedestrian,1,True,UNION AVE,Principal Arterial,35.0,6.0,23,5.0,19.99073857537406,UNION AVE,24.598125880879987,35.0,6,B,MEMPHIS,SHELBY,46845,24.598125881546736,TDOT state route,state_route_overlap,"state route: 100% overlap, name=UNION",UNION AVE,False,False,False,TDOT state route
300889027,2023-05-24,2023-05-24 16:00:00,2023,5,Wednesday,16,35.074326,-89.871605,Possible Injury,Pedestrian,Intersection-On Roadway Crosswalk Not Available,Intersection-Related,Daylight,Not Collision with Motor Vehicle in Transport,Pedestrian,2,True,,,,,,,432.0611283342378,MOUNT MORIAH ROAD EXT,0.2450475520792341,40.0,7,B,MEMPHIS,SHELBY,49433,0.24504755351082227,City of Memphis,city_residual,city: no state-route overlap,MOUNT MORIAH ROAD EXT,False,False,False,City of Memphis
300889749,2023-05-28,2023-05-28 20:00:00,2023,5,Sunday,20,35.108067,-89.969696,Suspected Minor Injury,Pedestrian,Not Intersection-On Roadway Not In Crosswalk,Non-Junction,Dark-Lighted,Not Collision with Motor Vehicle in Transport,Pedestrian,1,True,,,,,,,1090.5999809914656,PARK AVE,0.3804193903314367,35.0,4,B,MEMPHIS,SHELBY,51049,0.3804193903181437,City of Memphis,city_residual,city: no state-route overlap,PARK AVE,False,False,False,City of Memphis
300889043,2023-05-24,2023-05-24 16:19:00,2023,5,Wednesday,16,35.131836,-90.0311,Suspected Serious Injury,Pedestrian,Not Intersection-On Roadway Not In Crosswalk,AccelDecelLane,Daylight,Not Collision with Motor Vehicle in Transport,Pedestrian,1,True,E E H CRUMP BLVD,Principal Arterial,40.0,6.0,4,6.0,4.72711541312517,E E H CRUMP BLVD,0.0808809500155531,40.0,6,B,MEMPHIS,SHELBY,48111,0.08088095001555318,TDOT state route,state_route_overlap,"state route: 100% overlap, name=E E H CRUMP",E E H CRUMP BLVD,False,False,False,TDOT state route
300889533,2023-05-26,2023-05-26 21:15:00,2023,5,Friday,21,35.085995,-89.96237,Possible Injury,Pedestrian,Intersection-On Roadway Crosswalk availability Unknown,Intersection-Related,Dark-Not Lighted,Not Collision with Motor Vehicle in Transport,Pedestrian,1,True,LAMAR AVE,Principal Arterial,40.0,5.0,4,4.0,3.2955919255992128,SEMMES ST,0.2076480411248226,30.0,5,B,MEMPHIS,SHELBY,82735,0.20764804113211893,City of Memphis,city_residual,city: no state-route overlap,SEMMES ST,False,False,True,City of Memphis
300869204,2023-02-24,2023-02-24 16:38:00,2023,2,Friday,16,35.081142,-89.99122,Possible Injury,Pedestrian,Not Intersection-Other Not On Roadway,Intersection,Daylight,Not Collision with Motor Vehicle in Transport,Other,1,True,,,,,,,2465.122345344643,BALL RD,0.7192496717713114,40.0,4,B,MEMPHIS,SHELBY,52311,0.7192496717560503,City of Memphis,city_residual,city: no state-route overlap,BALL RD,False,False,False,City of Memphis
300890961,2023-06-04,2023-06-04 02:20:00,2023,6,Sunday,2,35.141262,-90.055725,Possible Injury,Pedestrian,Intersection-In Crosswalk,Intersection,Dark-Lighted,Not Collision with Motor Vehicle in Transport,Pedestrian,1,True,,,,,,,235.7354679663576,PEABODY PL,0.922697921809676,30.0,2,B,MEMPHIS,SHELBY,55577,0.9226979221669391,City of Memphis,city_residual,city: no state-route overlap,PEABODY PL,False,False,False,City of Memphis
300894274,2023-06-20,2023-06-20 22:54:00,2023,6,Tuesday,22,35.118996,-89.89572,No Injury,Pedestrian,Not Intersection-Other Not On Roadway,OtherLocation,Dark-Lighted,Not Collision with Motor Vehicle in Transport,Other,1,True,,,,,,,627.3172950480547,DEVONSHIRE AVE,28.71679596169409,30.0,2,B,MEMPHIS,SHELBY,6337,28.716795965821383,City of Memphis,city_residual,city: no state-route overlap,DEVONSHIRE AVE,False,False,False,City of Memphis
300893034,2023-06-14,2023-06-14 14:19:00,2023,6,Wednesday,14,35.128716,-90.02108,Possible Injury,Pedestrian,Not Intersection-On Roadway Not In Crosswalk,AccelDecelLane,Daylight,Not Collision with Motor Vehicle in Transport,Pedestrian,1,True,S BELLEVUE BLVD,Minor Arterial,35.0,4.0,3,6.0,0.1613578382113724,LAMAR AVE,0.364993029068438,40.0,7,B,MEMPHIS,SHELBY,47391,0.3649930302199551,TDOT state route,state_route_overlap,"state route: 100% overlap, name=LAMAR",LAMAR AVE,False,False,False,TDOT state route
300892265,2023-06-11,2023-06-11 00:00:00,2023,6,Sunday,99,35.16209,-89.91707,Possible Injury,Pedestrian,Not Intersection-Outside Traffic,Intersection,Unknown,Unknown,Other,1,True,,,,,,,1457.6639980715925,MACON RD,8.38873260251977,40.0,4,B,MEMPHIS,SHELBY,51423,8.388732602910618,City of Memphis,city_residual,city: no state-route overlap,MACON RD,False,False,False,City of Memphis
300892030,2023-06-06,2023-06-06 19:11:00,2023,6,Tuesday,19,35.20584,-89.913925,Possible Injury,Pedestrian,Intersection-On Roadway not in Crosswalk,Intersection,Daylight,Not Collision with Motor Vehicle in Transport,Pedestrian,1,True,STAGE RD,Principal Arterial,45.0,6.0,15,1.0,5.017184342605892,STAGE RD,0.3881955683301575,45.0,6,B,MEMPHIS,SHELBY,46562,0.3881955698066095,TDOT state route,state_route_overlap,"state route: 100% overlap, name=STAGE",STAGE RD,False,False,False,TDOT state route
300872217,2023-03-09,2023-03-09 18:57:00,2023,3,Thursday,18,35.013317,-89.84866,Suspected Serious Injury,Pedestrian,Not Intersection-On Roadway Not In Crosswalk,Non-Junction,Dark-Lighted,Not Collision with Motor Vehicle in Transport,Pedestrian,1,True,,,,,,,790.4155858757538,CRUMPLER RD,0.8845405138185862,45.0,2,B,MEMPHIS,SHELBY,51909,0.8845405138203385,City of Memphis,city_residual,city: no state-route overlap,CRUMPLER RD,False,False,False,City of Memphis