MstrRecNbrTxt,CollisionDate,CollisionDteTime,YearNmb,Month,DayOfWeek,Hour,Latitude,Longitude,InjuryClass,PersonType,NonMotoristLocation,RelationToJunction,LightCondition,MannerOfCollision,FirstHarmfulEvent,VictimsInCrash,InMemphis,StateRoute_NAME,StateRoute_F_System,StateRoute_SPDLIMIT,StateRoute_LANES,StateRoute_ALTNAME_1,StateRoute_Council_District,DistToStateRoute_m,Street_Name,DistToStreet_m,Street_SPDLIMIT,Street_LANES,Street_ONEWAY,Street_CITY_L,Street_COUNTY_L,Seg_OBJECTID,DistToSeg_m,Ownership,Rule_Fired,Classification_Basis,Matched_Street,is_limited_access,is_override,is_corner_case,Jurisdiction_prev
300891777,2023-06-07,2023-06-07 21:20:00,2023,6,Wednesday,21,35.076996,-89.98512,Unknown,Pedestrian,Not Intersection-On Roadway Not In Crosswalk,Non-Junction,Dark-Lighted,Not Collision with Motor Vehicle in Transport,Pedestrian,1,True,,,,,,,2269.2405556273225,INTERSTATE 240 W,1.3464633417283998,65.0,4,TF,MEMPHIS,SHELBY,39479,1.3464633417283998,Interstate (TDOT),interstate_mainline,interstate: MTFCC S1100,INTERSTATE 240 W,True,False,False,Interstate (TDOT)
300876543,2023-03-29,2023-03-29 19:43:00,2023,3,Wednesday,19,35.10074,-89.96993,Suspected Serious Injury,Pedestrian,Intersection-On Roadway Crosswalk Not Available,Intersection-Related,Dark-Lighted,Not Collision with Motor Vehicle in Transport,Pedestrian,1,True,,,,,,,409.0653610414674,PENDLETON ST,0.0287790261856118,40.0,4,B,MEMPHIS,SHELBY,82650,0.02877902616126677,City of Memphis,city_residual,city: no state-route overlap,PENDLETON ST,False,False,False,City of Memphis
300863821,2023-01-29,2023-01-29 17:40:00,2023,1,Sunday,17,35.05482,-89.92932,Fatal,Pedestrian,Not Intersection-On Roadway Not In Crosswalk,Non-Junction,Dark-Lighted,Not Collision with Motor Vehicle in Transport,Pedestrian,1,True,,,,,,,30.121890042861253,LAMAR AVE,33.24881500423025,40.0,4,B,MEMPHIS,SHELBY,46420,33.24881500508124,TDOT state route,state_route_overlap,"state route: 100% overlap, name=LAMAR",LAMAR AVE,False,False,False,TDOT state route
300893336,2023-06-15,2023-06-15 08:24:00,2023,6,Thursday,8,35.21066,-90.025536,Possible Injury,Pedestrian,Intersection-On Roadway Crosswalk Not Available,Intersection,Daylight,Not Collision with Motor Vehicle in Transport,Pedestrian,1,True,,,,,,,623.071079886447,MADEWELL DR,6.064448464136092,30.0,2,B,MEMPHIS,SHELBY,32350,6.064448464162098,City of Memphis,city_residual,city: no state-route overlap,MADEWELL DR,False,False,False,City of Memphis
300892821,2023-06-09,2023-06-09 21:15:00,2023,6,Friday,21,35.09124,-89.899216,Possible Injury,Pedestrian,Intersection-Unknown,Intersection,Dark-Lighted,Not Collision with Motor Vehicle in Transport,Pedestrian,1,True,,,,,,,2213.79705149534,QUINCE RD,0.0786856899893289,40.0,4,B,MEMPHIS,SHELBY,51540,0.07868568998552385,City of Memphis,city_residual,city: no state-route overlap,QUINCE RD,False,False,False,City of Memphis
300890314,2023-05-31,2023-05-31 22:29:00,2023,5,Wednesday,22,35.1069,-90.02119,Possible Injury,Pedestrian,Intersection-On Roadway Crosswalk availability Unknown,Intersection,Dark-Lighted,Not Collision with Motor Vehicle in Transport,Pedestrian,1,True,ELVIS PRESLEY BLVD,Minor Arterial,40.0,4.0,3,4.0,1.141694593306949,KERR AVE,0.0553073224531724,35.0,3,B,MEMPHIS,SHELBY,5121,0.05530732245293784,City of Memphis,city_residual,city: no state-route overlap,KERR AVE,False,False,True,City of Memphis
300893873,2023-06-18,2023-06-18 21:10:00,2023,6,Sunday,21,35.1949,-89.83339,Suspected Minor Injury,Pedestrian,Not Intersection-On Roadway Not In Crosswalk,Non-Junction,Dark-Lighted,Not Collision with Motor Vehicle in Transport,Pedestrian,1,True,,,,,,,1145.459808526624,COUNTRY HAVEN DR,26.53530376897768,30.0,2,B,MEMPHIS,SHELBY,32477,26.535303767944757,City of Memphis,city_residual,city: no state-route overlap,COUNTRY HAVEN DR,False,False,False,City of Memphis
300893100,2023-06-15,2023-06-15 02:00:00,2023,6,Thursday,2,35.156994,-90.03326,Possible Injury,Pedestrian,Intersection-On Roadway not in Crosswalk,AccelDecelLane,Dark-Lighted,Not Collision with Motor Vehicle in Transport,Pedestrian,1,True,JACKSON AVE,Principal Arterial,35.0,4.0,14,7.0,4.730803507420464,JACKSON AVE,0.1172341736130259,35.0,4,B,MEMPHIS,SHELBY,46706,0.11723417361302599,TDOT state route,state_route_overlap,"state route: 100% overlap, name=JACKSON",JACKSON AVE,False,False,False,TDOT state route
300891062,2023-06-05,2023-06-05 00:15:00,2023,6,Monday,0,35.040165,-90.03468,Suspected Serious Injury,Pedestrian,Not Intersection-On Roadway Not In Crosswalk,Non-Junction,Dark-Lighted,Not Collision with Motor Vehicle in Transport,Pedestrian,1,True,,,,,,,870.2246233825533,AUBURN RD,26.37339804995673,35.0,2,B,MEMPHIS,SHELBY,72310,26.37339804995673,City of Memphis,city_residual,city: no state-route overlap,AUBURN RD,False,False,False,City of Memphis
300893127,2023-06-14,2023-06-14 10:35:00,2023,6,Wednesday,10,35.15142,-89.910805,Possible Injury,Pedestrian,Intersection-Unknown,Non-Junction,Daylight,Not Collision with Motor Vehicle in Transport,Pedestrian,1,True,,,,,,,288.5149398560277,TUTWILER AVE,23.175534317863388,35.0,2,B,MEMPHIS,SHELBY,6140,23.17553431803583,City of Memphis,city_residual,city: no state-route overlap,TUTWILER AVE,False,False,False,City of Memphis
300894406,2023-06-21,2023-06-21 17:47:00,2023,6,Wednesday,17,35.057674,-89.933235,Possible Injury,Pedestrian,Not Intersection-On Roadway Not In Crosswalk,AccelDecelLane,Daylight,Not Collision with Motor Vehicle in Transport,Pedestrian,1,True,LAMAR AVE,Principal Arterial,40.0,6.0,4,4.0,11.73702303300814,LAMAR AVE,8.6476813227474,40.0,6,B,MEMPHIS,SHELBY,46416,8.647681323672089,TDOT state route,state_route_overlap,"state route: 100% overlap, name=LAMAR",LAMAR AVE,False,False,False,TDOT state route
300891647,2023-06-07,2023-06-07 20:40:00,2023,6,Wednesday,20,35.14941,-89.94455,Possible Injury,Pedestrian,Not Intersection-On Roadway Not In Crosswalk,Intersection-Related,Dark-Lighted,Not Collision with Motor Vehicle in Transport,Pedestrian,1,True,SUMMER AVE,Principal Arterial,35.0,5.0,1,5.0,10.87375083560118,N HIGHLAND ST,2.600271624909963,40.0,5,B,MEMPHIS,SHELBY,52440,2.6002716249093227,City of Memphis,city_residual,city: no state-route overlap,N HIGHLAND ST,False,False,False,City of Memphis
300893681,2023-06-18,2023-06-18 00:30:00,2023,6,Sunday,0,35.139973,-90.05351,Possible Injury,Pedestrian,Intersection-In Crosswalk,Intersection,Dark-Lighted,Not Collision with Motor Vehicle in Transport,Pedestrian,1,True,S SECOND ST,Minor Arterial,35.0,3.0,14,6.0,1.2449446033147828,BEALE ST,0.1066992231248587,30.0,2,B,MEMPHIS,SHELBY,80512,0.10669922042839015,City of Memphis,city_residual,city: no state-route overlap,BEALE ST,False,False,True,City of Memphis
300892397,2023-06-11,2023-06-11 03:00:00,2023,6,Sunday,3,35.167816,-89.864105,Suspected Minor Injury,Pedestrian,Intersection-On Roadway not in Crosswalk,Intersection-Related,Dark-Lighted,Not Collision with Motor Vehicle in Transport,Pedestrian,1,True,,,,,,,603.7465470044197,SYCAMORE VIEW RD,3.0256732071196084,45.0,7,B,MEMPHIS,SHELBY,51746,3.0256732059043667,City of Memphis,city_residual,city: no state-route overlap,SYCAMORE VIEW RD,False,False,False,City of Memphis
300899036,2023-07-15,2023-07-15 11:39:00,2023,7,Saturday,11,35.124573,-90.054924,Suspected Serious Injury,Pedestrian,Intersection-On Roadway not in Crosswalk,Non-Junction,Daylight,Not Collision with Motor Vehicle in Transport,Pedestrian,1,True,S THIRD ST,Principal Arterial,35.0,5.0,14,6.0,0.316198072977221,E E H CRUMP BLVD,0.1444990044937707,40.0,6,B,MEMPHIS,SHELBY,46937,0.14449900304891042,TDOT state route,state_route_overlap,"state route: 100% overlap, name=E E H CRUMP",E E H CRUMP BLVD,False,False,False,TDOT state route
300897159,2023-07-06,2023-07-06 08:15:00,2023,7,Thursday,8,35.083622,-89.85254,Possible Injury,Pedestrian,Not Intersection-Adjacent to Roadway,OtherLocation,Daylight,Not Collision with Motor Vehicle in Transport,Pedestrian,1,True,,,,,,,1242.842127301409,HADDINGTON DR,0.1245712263830309,35.0,2,B,MEMPHIS,SHELBY,48883,0.12457122490991306,City of Memphis,city_residual,city: no state-route overlap,HADDINGTON DR,False,False,False,City of Memphis
300895751,2023-06-18,2023-06-18 22:10:00,2023,6,Sunday,22,35.056656,-89.906395,Possible Injury,Pedestrian,Intersection-On Roadway not in Crosswalk,AccelDecelLane,Dark-Lighted,Not Collision with Motor Vehicle in Transport,Pedestrian,1,True,,,,,,,1669.5297232580108,CHUCK AVE,0.2778994925583722,30.0,2,B,MEMPHIS,SHELBY,2147,0.2778994953598108,City of Memphis,city_residual,city: no state-route overlap,CHUCK AVE,False,False,False,City of Memphis
300896267,2023-06-29,2023-06-29 05:00:00,2023,6,Thursday,5,35.16288,-89.94855,Suspected Serious Injury,Pedestrian,Not Intersection-In Parking Lane,AccelDecelLane,Dawn,Not Collision with Motor Vehicle in Transport,Pedestrian,1,True,,,,,,,421.67074675470775,MACON RD,22.975516930456088,35.0,3,B,MEMPHIS,SHELBY,51204,22.975516930456088,City of Memphis,city_residual,city: no state-route overlap,MACON RD,False,False,False,City of Memphis
300896546,2023-07-02,2023-07-02 18:11:00,2023,7,Sunday,18,35.109516,-90.03287,No Injury,Pedestrian,Not Intersection-Other Not On Roadway,Non-Junction,Daylight,Not Collision with Motor Vehicle in Transport,Other,1,True,,,,,,,1012.2905505027456,RIDGEWAY ST,29.24535491231469,30.0,2,B,MEMPHIS,SHELBY,82307,29.245354912321954,City of Memphis,city_residual,city: no state-route overlap,RIDGEWAY ST,False,False,False,City of Memphis
300899096,2023-07-16,2023-07-16 21:01:00,2023,7,Sunday,21,35.074577,-89.93171,Possible Injury,Pedestrian,Not Intersection-On Roadway Not In Crosswalk,Non-Junction,Dark-Lighted,Not Collision with Motor Vehicle in Transport,Pedestrian,1,True,GETWELL RD,Principal Arterial,40.0,7.0,176,4.0,0.6852322040569195,ALLENBROOKE CV,0.1770125777818375,25.0,2,B,MEMPHIS,SHELBY,14428,0.1770125805944964,City of Memphis,city_residual,city: no state-route overlap,ALLENBROOKE CV,False,False,False,City of Memphis
300899106,2023-07-16,2023-07-16 19:32:00,2023,7,Sunday,19,35.05417,-90.00857,Possible Injury,Pedestrian,Not Intersection-On Roadway Not In Crosswalk,OtherLocation,Daylight,Not Collision with Motor Vehicle in Transport,Pedestrian,1,True,,,,,,,1494.958809320367,WINCHESTER RD,43.44325419391553,40.0,7,B,MEMPHIS,SHELBY,49753,43.44325419394365,City of Memphis,city_residual,city: no state-route overlap,WINCHESTER RD,False,False,False,City of Memphis
300897890,2023-07-08,2023-07-08 10:00:00,2023,7,Saturday,10,35.23399,-89.89301,Possible Injury,Pedestrian,Intersection-On Roadway not in Crosswalk,Non-Junction,Daylight,Not Collision with Motor Vehicle in Transport,Pedestrian,1,True,,,,,,,62.9896923887765,NEW COVINGTON PIKE,65.9515079247413,45.0,5,B,MEMPHIS,SHELBY,48076,65.95150792571387,TDOT state route,state_route_overlap,"state route: 100% overlap, name=NEW COVINGTON",NEW COVINGTON PIKE,False,False,False,TDOT state route
300895277,2023-06-23,2023-06-23 21:30:00,2023,6,Friday,21,35.034973,-89.85636,Possible Injury,Pedestrian,Intersection-On Roadway not in Crosswalk,AccelDecelLane,Dark-Not Lighted,Not Collision with Motor Vehicle in Transport,Pedestrian,1,True,,,,,,,1616.154540908215,E RAINES RD,0.2666605637555827,40.0,7,B,MEMPHIS,SHELBY,49470,0.2666605623459662,City of Memphis,city_residual,city: no state-route overlap,E RAINES RD,False,False,False,City of Memphis
300898712,2023-07-14,2023-07-14 11:00:00,2023,7,Friday,11,35.14909,-89.88815,Possible Injury,Pedestrian,Intersection-Not on Roadway,Non-Junction,Daylight,Not Collision with Motor Vehicle in Transport,Pedestrian,1,True,,,,,,,339.146147499,N WHITE STATION RD,0.0339673732985285,40.0,5,B,MEMPHIS,SHELBY,52710,0.03396737329755654,City of Memphis,city_residual,city: no state-route overlap,N WHITE STATION RD,False,False,False,City of Memphis
300895064,2023-06-25,2023-06-25 11:40:00,2023,6,Sunday,11,35.104286,-90.0395,Possible Injury,Pedestrian,Not Intersection-Adjacent to Roadway,Non-Junction,Daylight,Not Collision with Motor Vehicle in Transport,Pedestrian,1,True,,,,,,,1453.7694516393424,GABAY ST,17.12453532111698,30.0,2,B,MEMPHIS,SHELBY,82222,17.124535321072855,City of Memphis,city_residual,city: no state-route overlap,GABAY ST,False,False,False,City of Memphis
300895302,2023-06-26,2023-06-26 13:26:00,2023,6,Monday,13,35.144222,-90.03253,Possible Injury,Pedestrian,Intersection-On Roadway Crosswalk availability Unknown,Intersection,Daylight,Not Collision with Motor Vehicle in Transport,Pedestrian,1,True,,,,,,,631.0840408052172,N DUNLAP ST,37.07814265151773,30.0,5,B,MEMPHIS,SHELBY,80760,37.078142651137995,City of Memphis,city_residual,city: no state-route overlap,N DUNLAP ST,False,False,False,City of Memphis
300896830,2023-07-04,2023-07-04 10:29:00,2023,7,Tuesday,10,35.06469,-89.92145,No Injury,Pedestrian,Intersection-Not on Roadway,Non-Junction,Daylight,Not Collision with Motor Vehicle in Transport,Other,1,True,,,,,,,944.3524784389712,KNIGHT ARNOLD RD,0.1474522457141805,40.0,5,B,MEMPHIS,SHELBY,49345,0.1474522443054167,City of Memphis,city_residual,city: no state-route overlap,KNIGHT ARNOLD RD,False,False,False,City of Memphis
300894881,2023-06-23,2023-06-23 20:54:00,2023,6,Friday,20,35.11341,-89.99694,Possible Injury,Pedestrian,Intersection-On Roadway not in Crosswalk,Intersection-Related,Dark-Lighted,Not Collision with Motor Vehicle in Transport,Other,1,True,,,,,,,47.872133448895255,LAPALOMA ST,7.030459496015981,30.0,2,B,MEMPHIS,SHELBY,81377,7.030459496472157,City of Memphis,city_residual,city: no state-route overlap,LAPALOMA ST,False,False,False,City of Memphis
300895017,2023-06-25,2023-06-25 00:53:00,2023,6,Sunday,0,35.10511,-90.055145,Fatal,Pedestrian,Not Intersection-On Roadway Not In Crosswalk,Non-Junction,Dark-Lighted,Not Collision with Motor Vehicle in Transport,Pedestrian,1,True,S THIRD ST,Principal Arterial,40.0,4.0,14,6.0,25.22585543799498,S THIRD ST,24.81239649531621,40.0,4,B,MEMPHIS,SHELBY,46928,24.812396495316218,TDOT state route,state_route_overlap,"state route: 100% overlap, name=S THIRD",S THIRD ST,False,False,False,TDOT state route
300898226,2023-07-12,2023-07-12 02:50:00,2023,7,Wednesday,2,35.07273,-89.94744,Suspected Serious Injury,Pedestrian,Intersection-In Crosswalk,Intersection,Dark-Lighted,Not Collision with Motor Vehicle in Transport,Pedestrian,1,True,LAMAR AVE,Principal Arterial,40.0,7.0,4,4.0,7.865731505848674,LAMAR AVE,5.539191485119941,40.0,7,B,MEMPHIS,SHELBY,47856,5.539191486219165,TDOT state route,state_route_overlap,"state route: 100% overlap, name=LAMAR",LAMAR AVE,False,False,False,TDOT state route
300897793,2023-07-09,2023-07-09 15:30:00,2023,7,Sunday,15,35.054176,-89.85734,Suspected Minor Injury,Pedestrian,Not Intersection-On Roadway Not In Crosswalk,AccelDecelLane,Daylight,Not Collision with Motor Vehicle in Transport,Pedestrian,4,True,,,,,,,1786.8475205282043,RIDGEWAY RD,0.9490865009395127,45.0,5,B,MEMPHIS,SHELBY,71372,0.9490865009651134,City of Memphis,city_residual,city: no state-route overlap,RIDGEWAY RD,False,False,False,City of Memphis
300898803,2023-07-14,2023-07-14 20:50:00,2023,7,Friday,20,35.006474,-89.98989,Suspected Serious Injury,Pedestrian,Not Intersection-On Roadway Not In Crosswalk,AccelDecelLane,Dark-Lighted,Not Collision with Motor Vehicle in Transport,Pedestrian,1,True,,,,,,,1621.0658323129085,E HOLMES RD,0.0737450295771866,40.0,2,B,MEMPHIS,SHELBY,49819,0.07374502820354538,City of Memphis,city_residual,city: no state-route overlap,E HOLMES RD,False,False,False,City of Memphis
300894928,2023-06-23,2023-06-23 21:10:00,2023,6,Friday,21,35.216553,-89.926605,Possible Injury,Pedestrian,Intersection-On Roadway not in Crosswalk,Intersection,Dawn,Not Collision with Motor Vehicle in Transport,Pedestrian,1,True,,,,,,,904.1628869314342,RALEIGH MILLINGTON RD,0.7591516187616528,40.0,4,B,MEMPHIS,SHELBY,46546,0.7591516202307689,City of Memphis,city_residual,city: no state-route overlap,RALEIGH MILLINGTON RD,False,False,False,City of Memphis
300899471,2023-07-18,2023-07-18 18:34:00,2023,7,Tuesday,18,35.19989,-89.95876,Suspected Serious Injury,Pedestrian,Intersection-In Crosswalk,Intersection,Dusk,Not Collision with Motor Vehicle in Transport,Pedestrian,1,True,,,,,,,2997.344609607271,JAMES RD,0.3434693399576911,45.0,4,B,MEMPHIS,SHELBY,53156,0.34346933850889505,City of Memphis,city_residual,city: no state-route overlap,JAMES RD,False,False,False,City of Memphis
300898810,2023-07-14,2023-07-14 00:45:00,2023,7,Friday,0,35.033012,-90.02144,Suspected Serious Injury,Pedestrian,Not Intersection-Unknown,Unknown,Dark-Lighted,Not Collision with Motor Vehicle in Transport,Pedestrian,1,True,,,,,,,340.6193832991055,WESLEY DR,70.68336639177157,30.0,2,B,MEMPHIS,SHELBY,27304,70.68336639177157,City of Memphis,city_residual,city: no state-route overlap,WESLEY DR,False,False,False,City of Memphis
300893801,2023-06-18,2023-06-18 05:56:00,2023,6,Sunday,5,35.137054,-90.0195,Suspected Serious Injury,Pedestrian,Not Intersection-On Roadway Not In Crosswalk,Non-Junction,Dark-Lighted,Not Collision with Motor Vehicle in Transport,Pedestrian,1,True,UNION AVE,Principal Arterial,35.0,6.0,23,6.0,12.52090060583174,UNION AVE,7.939389023018123,35.0,6,B,MEMPHIS,SHELBY,46770,7.9393890236448685,TDOT state route,state_route_overlap,"state route: 100% overlap, name=UNION",UNION AVE,False,False,False,TDOT state route
300894679,2023-06-23,2023-06-23 09:10:00,2023,6,Friday,9,35.109966,-90.023994,No Injury,Other Non-Motorist,Unknown,AccelDecelLane,Daylight,Angle,Other,1,True,,,,,,,201.795313479938,GREENWOOD ST,30.42263830819331,30.0,2,B,MEMPHIS,SHELBY,82356,30.422638308172694,City of Memphis,city_residual,city: no state-route overlap,GREENWOOD ST,False,False,False,City of Memphis
300896897,2023-07-04,2023-07-04 18:42:00,2023,7,Tuesday,18,35.031475,-90.00801,Possible Injury,Pedestrian,Not Intersection-Adjacent to Roadway,AccelDecelLane,Daylight,Not Collision with Motor Vehicle in Transport,Pedestrian,1,True,,,,,,,1155.2620209215163,MILLBRANCH RD,45.02062224568561,40.0,4,B,MEMPHIS,SHELBY,49777,45.02062224568561,City of Memphis,city_residual,city: no state-route overlap,MILLBRANCH RD,False,False,False,City of Memphis
300902780,2023-08-03,2023-08-03 22:05:00,2023,8,Thursday,22,35.108753,-89.98411,Suspected Minor Injury,Pedestrian,Not Intersection-On Roadway Not In Crosswalk,Non-Junction,Dark-Lighted,Not Collision with Motor Vehicle in Transport,Pedestrian,1,True,,,,,,,71.08484541098375,PARK AVE,25.839620496563764,35.0,4,B,MEMPHIS,SHELBY,51017,25.83962049528081,City of Memphis,city_residual,city: no state-route overlap,PARK AVE,False,False,False,City of Memphis
300903844,2023-08-08,2023-08-08 15:52:00,2023,8,Tuesday,15,35.243404,-89.94634,Suspected Serious Injury,Pedestrian,Not Intersection-On Roadway Not In Crosswalk,Intersection,Daylight,Unknown,Other,1,True,,,,,,,4179.311043293563,NEW ALLEN RD,0.0114180144797838,50.0,2,FT,MEMPHIS,SHELBY,53629,0.011418014472037646,City of Memphis,city_residual,city: no state-route overlap,NEW ALLEN RD,False,False,False,City of Memphis
300902017,2023-07-31,2023-07-31 20:20:00,2023,7,Monday,20,35.086636,-90.06302,Unknown,Other Non-Motorist,Unknown,AccelDecelLane,Dark-Lighted,Not Collision with Motor Vehicle in Transport,Other,1,True,,,,,,,567.7375172898078,W MALLORY AVE,0.1580562899836138,40.0,3,B,MEMPHIS,SHELBY,50795,0.15805628856178333,City of Memphis,city_residual,city: no state-route overlap,W MALLORY AVE,False,False,False,City of Memphis
300901100,2023-07-26,2023-07-26 14:06:00,2023,7,Wednesday,14,35.102528,-89.87461,No Injury,Other Non-Motorist,Unknown,OtherLocation,Daylight,Angle,Other,1,True,,,,,,,209.1419240550669,CRESTHAVEN RD,39.377334145123946,30.0,2,B,MEMPHIS,SHELBY,74550,39.37733414526059,City of Memphis,city_residual,city: no state-route overlap,CRESTHAVEN RD,False,False,False,City of Memphis
300900605,2023-07-22,2023-07-22 23:03:00,2023,7,Saturday,23,35.137165,-90.020584,Possible Injury,Pedestrian,Not Intersection-On Roadway Not In Crosswalk,Non-Junction,Dark-Lighted,Not Collision with Motor Vehicle in Transport,Pedestrian,1,True,S BELLEVUE BLVD,Major Collector,35.0,4.0,3,6.0,9.61851568308231,UNION AVE,7.5554339227901774,35.0,6,B,MEMPHIS,SHELBY,46770,7.5554339241207105,TDOT state route,state_route_overlap,"state route: 100% overlap, name=UNION",UNION AVE,False,False,False,TDOT state route
300899839,2023-07-20,2023-07-20 09:44:00,2023,7,Thursday,9,35.140484,-89.98288,Possible Injury,Pedestrian,Intersection-Not on Roadway,AccelDecelLane,Daylight,Angle,Other,1,True,E PARKWAY,Principal Arterial,40.0,3.0,277,5.0,3.423257970760932,E PARKWAY N,0.1030574163535228,40.0,3,TF,MEMPHIS,SHELBY,48117,0.10305741635352289,TDOT state route,state_route_overlap,"state route: 100% overlap, name=E PARKWAY",E PARKWAY N,False,False,False,TDOT state route
300903891,2023-08-09,2023-08-09 19:52:00,2023,8,Wednesday,19,35.123707,-89.92578,Possible Injury,Pedestrian,Intersection-Unknown,Intersection,Daylight,Not Collision with Motor Vehicle in Transport,Pedestrian,1,True,POPLAR AVE,Principal Arterial,40.0,7.0,57,5.0,4.628842547440235,S GOODLETT ST,0.0534431096270088,40.0,5,B,MEMPHIS,SHELBY,51384,0.05344310959253928,City of Memphis,city_residual,city: no state-route overlap,S GOODLETT ST,False,False,True,City of Memphis
300903080,2023-08-06,2023-08-06 00:00:00,2023,8,Sunday,0,35.136135,-90.02826,Suspected Serious Injury,Pedestrian,Not Intersection-Unknown,OtherLocation,Dark-Lighted,Not Collision with Motor Vehicle in Transport,Pedestrian,1,True,,,,,,,138.43271437384115,EASTMORELAND AVE,0.2012331967064091,30.0,2,B,MEMPHIS,SHELBY,3644,0.20123319670640916,City of Memphis,city_residual,city: no state-route overlap,EASTMORELAND AVE,False,False,False,City of Memphis
300900170,2023-07-21,2023-07-21 20:55:00,2023,7,Friday,20,35.06083,-89.99957,Possible Injury,Pedestrian,Intersection-In Crosswalk,Intersection,Dark-Lighted,Not Collision with Motor Vehicle in Transport,Pedestrian,1,True,,,,,,,2163.425239881882,E BROOKS RD,1.0210277977648734,45.0,7,B,MEMPHIS,SHELBY,49813,1.0210277963463277,City of Memphis,city_residual,city: no state-route overlap,E BROOKS RD,False,False,False,City of Memphis
300900619,2023-07-24,2023-07-24 08:10:00,2023,7,Monday,8,35.09933,-89.84551,Possible Injury,Pedestrian,Intersection-In Crosswalk,Intersection-Related,Daylight,Not Collision with Motor Vehicle in Transport,Pedestrian,1,True,POPLAR AVE,Principal Arterial,40.0,7.0,57,2.0,4.6595462356932815,POPLAR AVE,0.1330657777459388,40.0,7,B,MEMPHIS,SHELBY,46253,0.13306577333434924,TDOT state route,state_route_overlap,"state route: 100% overlap, name=POPLAR",POPLAR AVE,False,False,False,TDOT state route
300878831,2023-04-09,2023-04-09 15:31:00,2023,4,Sunday,15,35.11678,-90.00675,Fatal,Pedestrian,Not Intersection-Outside Traffic,Non-Junction,Daylight,Not Collision with Motor Vehicle in Transport,Other,1,True,,,,,,,306.68575222691595,ROZELLE ST,28.694163940743923,30.0,2,B,MEMPHIS,SHELBY,83927,28.694163940793782,City of Memphis,city_residual,city: no state-route overlap,ROZELLE ST,False,False,False,City of Memphis
300903929,2023-08-09,2023-08-09 23:20:00,2023,8,Wednesday,23,35.13909,-90.01824,Suspected Minor Injury,Pedestrian,Intersection-On Roadway not in Crosswalk,Intersection-Related,Dark-Lighted,Not Collision with Motor Vehicle in Transport,Pedestrian,1,True,,,,,,,225.5003509551065,MADISON AVE,0.3718225633447529,35.0,5,B,MEMPHIS,SHELBY,53244,0.37182256475002284,City of Memphis,city_residual,city: no state-route overlap,MADISON AVE,False,False,False,City of Memphis
300900416,2023-07-22,2023-07-22 22:00:00,2023,7,Saturday,22,35.15403,-90.057465,Suspected Minor Injury,Pedestrian,Not Intersection-Adjacent to Roadway,Non-Junction,Dark-Lighted,Not Collision with Motor Vehicle in Transport,Pedestrian,1,True,,,,,,,828.4228737441578,ISLAND DR,15.505564045826436,30.0,2,B,MEMPHIS,SHELBY,32353,15.505564045608935,City of Memphis,city_residual,city: no state-route overlap,ISLAND DR,False,False,False,City of Memphis
300901845,2023-07-30,2023-07-30 20:29:00,2023,7,Sunday,20,35.10118,-90.07481,Possible Injury,Pedestrian,Intersection-On Roadway not in Crosswalk,Intersection,Dark-Not Lighted,Not Collision with Motor Vehicle in Transport,Pedestrian,1,True,,,,,,,1752.952256102444,W DISON AVE,19.719215297395504,30.0,2,B,MEMPHIS,SHELBY,4611,19.719215296311823,City of Memphis,city_residual,city: no state-route overlap,W DISON AVE,False,False,False,City of Memphis
300901156,2023-07-27,2023-07-27 00:50:00,2023,7,Thursday,0,35.07445,-89.90562,Suspected Serious Injury,Pedestrian,Not Intersection-On Roadway Not In Crosswalk,Non-Junction,Dark-Lighted,Not Collision with Motor Vehicle in Transport,Pedestrian,1,True,,,,,,,2372.5169285884454,S PERKINS RD,34.02648666473504,40.0,7,B,MEMPHIS,SHELBY,49381,34.02648666486228,City of Memphis,city_residual,city: no state-route overlap,S PERKINS RD,False,False,False,City of Memphis
300869139,2023-02-23,2023-02-23 06:21:00,2023,2,Thursday,6,35.166588,-89.86284,Fatal,Pedestrian,Not Intersection-On Roadway Not In Crosswalk,Non-Junction,Dawn,Not Collision with Motor Vehicle in Transport,Pedestrian,1,True,,,,,,,779.4884883471512,SYCAMORE VIEW RD,2.266040216294935,45.0,7,B,MEMPHIS,SHELBY,52670,2.2660402144684637,City of Memphis,city_residual,city: no state-route overlap,SYCAMORE VIEW RD,False,False,False,City of Memphis
300904546,2023-08-12,2023-08-12 20:37:00,2023,8,Saturday,20,35.149094,-89.906364,Possible Injury,Pedestrian,Not Intersection-On Roadway Not In Crosswalk,Intersection,Dark-Lighted,Not Collision with Motor Vehicle in Transport,Pedestrian,1,True,,,,,,,41.39618728179007,STRATFORD RD,20.189410905897777,40.0,4,B,MEMPHIS,SHELBY,73969,20.18941090499618,City of Memphis,city_residual,city: no state-route overlap,STRATFORD RD,False,False,False,City of Memphis