MstrRecNbrTxt,CollisionDate,CollisionDteTime,YearNmb,Month,DayOfWeek,Hour,Latitude,Longitude,InjuryClass,PersonType,NonMotoristLocation,RelationToJunction,LightCondition,MannerOfCollision,FirstHarmfulEvent,VictimsInCrash,InMemphis,StateRoute_NAME,StateRoute_F_System,StateRoute_SPDLIMIT,StateRoute_LANES,StateRoute_ALTNAME_1,StateRoute_Council_District,DistToStateRoute_m,Street_Name,DistToStreet_m,Street_SPDLIMIT,Street_LANES,Street_ONEWAY,Street_CITY_L,Street_COUNTY_L,Seg_OBJECTID,DistToSeg_m,Ownership,Rule_Fired,Classification_Basis,Matched_Street,is_limited_access,is_override,is_corner_case,Jurisdiction_prev
300902662,2023-08-03,2023-08-03 21:18:00,2023,8,Thursday,21,35.03486,-89.86643,Possible Injury,Pedestrian,Intersection-On Roadway not in Crosswalk,AccelDecelLane,Dark-Lighted,Not Collision with Motor Vehicle in Transport,Pedestrian,1,True,,,,,,,1604.4206166412694,E RAINES RD,0.1875011714317994,45.0,7,B,MEMPHIS,SHELBY,51726,0.18750116861418203,City of Memphis,city_residual,city: no state-route overlap,E RAINES RD,False,False,False,City of Memphis
300900716,2023-07-23,2023-07-23 22:29:00,2023,7,Sunday,22,35.142204,-90.03157,Suspected Minor Injury,Pedestrian,Not Intersection-Bike Path,Non-Junction,Dark-Not Lighted,Not Collision with Motor Vehicle in Transport,Pedestrian,1,True,,,,,,,420.5362771524241,JEFFERSON AVE,47.13312526057278,40.0,4,B,MEMPHIS,SHELBY,7296,47.13312525950835,City of Memphis,city_residual,city: no state-route overlap,JEFFERSON AVE,False,False,False,City of Memphis
300901885,2023-07-30,2023-07-30 11:00:00,2023,7,Sunday,11,35.046,-89.82275,Suspected Serious Injury,Pedestrian,Intersection-On Roadway Crosswalk Not Available,Intersection,Daylight,Not Collision with Motor Vehicle in Transport,Pedestrian,1,True,,,,,,,710.9074401901344,ISHERWOOD RD,0.2539418828418867,30.0,2,B,MEMPHIS,SHELBY,71531,0.25394187860096756,City of Memphis,city_residual,city: no state-route overlap,ISHERWOOD RD,False,False,False,City of Memphis
300900964,2023-07-25,2023-07-25 22:58:00,2023,7,Tuesday,22,35.053246,-90.00796,Suspected Minor Injury,Pedestrian,Intersection-Unknown,Intersection,Dark-Lighted,Not Collision with Motor Vehicle in Transport,Pedestrian,1,True,,,,,,,1557.6755126300036,MILLBRANCH RD,46.39371838963445,40.0,4,B,MEMPHIS,SHELBY,49793,46.393718389662,City of Memphis,city_residual,city: no state-route overlap,MILLBRANCH RD,False,False,False,City of Memphis
300900967,2023-07-26,2023-07-26 00:48:00,2023,7,Wednesday,0,35.16556,-89.94653,Suspected Serious Injury,Pedestrian,Intersection-On Roadway Crosswalk Not Available,Intersection,Dark-Lighted,Not Collision with Motor Vehicle in Transport,Pedestrian,1,True,,,,,,,342.8975727284737,NATIONAL ST,0.0862205631785025,40.0,4,B,MEMPHIS,SHELBY,51264,0.08622056317850255,City of Memphis,city_residual,city: no state-route overlap,NATIONAL ST,False,False,False,City of Memphis
300899759,2023-07-19,2023-07-19 17:15:00,2023,7,Wednesday,17,35.141266,-90.05578,Possible Injury,Pedestrian,Intersection-On Roadway not in Crosswalk,Intersection,Daylight,Not Collision with Motor Vehicle in Transport,Pedestrian,1,True,,,,,,,240.6167557809009,S FRONT ST,0.7152417307937556,30.0,4,B,MEMPHIS,SHELBY,80495,0.7152417298255325,City of Memphis,city_residual,city: no state-route overlap,S FRONT ST,False,False,False,City of Memphis
300902719,2023-08-03,2023-08-03 12:05:00,2023,8,Thursday,12,35.143955,-90.01564,Possible Injury,Pedestrian,Not Intersection-Bike Path,Intersection-Related,Daylight,Not Collision with Motor Vehicle in Transport,Pedestrian,1,True,,,,,,,789.8753669485542,POPLAR AVE,0.1332189960499262,40.0,7,B,MEMPHIS,SHELBY,50416,0.1332189988694748,City of Memphis,city_residual,city: no state-route overlap,POPLAR AVE,False,False,False,City of Memphis
300900766,2023-07-23,2023-07-23 23:22:00,2023,7,Sunday,23,35.107105,-89.98499,Suspected Serious Injury,Pedestrian,Intersection-On Roadway Crosswalk Not Available,Non-Junction,Dark-Lighted,Not Collision with Motor Vehicle in Transport,Pedestrian,1,True,AIRWAYS BLVD,Principal Arterial,35.0,5.0,277,4.0,0.542604434771916,AIRWAYS BLVD,0.0450092406148481,35.0,5,B,MEMPHIS,SHELBY,46988,0.04500924061484815,TDOT state route,state_route_overlap,"state route: 100% overlap, name=AIRWAYS",AIRWAYS BLVD,False,False,False,TDOT state route
300904394,2023-08-12,2023-08-12 01:40:00,2023,8,Saturday,1,35.17534,-89.83642,No Injury,Other Non-Motorist,Not Intersection-Unknown,Non-Junction,Dark-Lighted,Other,Other,1,True,,,,,,,2005.1337079199047,INTERSTATE 40 W,0.3972598566677165,65.0,4,TF,MEMPHIS,SHELBY,39695,0.3972598553935597,Interstate (TDOT),interstate_mainline,interstate: MTFCC S1100,INTERSTATE 40 W,True,False,False,Interstate (TDOT)
300901974,2023-07-31,2023-07-31 12:00:00,2023,7,Monday,12,35.149644,-90.050468,Possible Injury,Pedestrian,Intersection-In Crosswalk,Intersection-Related,Daylight,Not Collision with Motor Vehicle in Transport,Pedestrian,1,True,,,,,,,69.70275476939106,POPLAR AVE,46.19330463345867,35.0,4,B,MEMPHIS,SHELBY,7132,46.19330463215973,City of Memphis,city_residual,city: no state-route overlap,POPLAR AVE,False,False,False,City of Memphis
300911560,2023-09-17,2023-09-17 11:25:00,2023,9,Sunday,11,35.168365,-90.01061,Possible Injury,Pedestrian,Not Intersection-Outside Traffic,Non-Junction,Daylight,Angle,Other,1,True,,,,,,,1058.374625351162,S LEXINGTON CIR,22.65958584393236,30.0,2,B,MEMPHIS,SHELBY,9269,22.65958584487104,City of Memphis,city_residual,city: no state-route overlap,S LEXINGTON CIR,False,False,False,City of Memphis
300908723,2023-09-02,2023-09-02 16:20:00,2023,9,Saturday,16,35.18472,-89.93168,Suspected Minor Injury,Pedestrian,Not Intersection-Outside Traffic,Unknown,Daylight,Not Collision with Motor Vehicle in Transport,Pedestrian,1,True,JACKSON AVE,Principal Arterial,40.0,7.0,14,7.0,11.724000570136225,JACKSON AVE,14.511041850734763,40.0,7,B,MEMPHIS,SHELBY,48212,14.511041850415218,TDOT state route,state_route_overlap,"state route: 100% overlap, name=JACKSON",JACKSON AVE,False,False,False,TDOT state route
300907385,2023-08-27,2023-08-27 09:00:00,2023,8,Sunday,9,35.02,-90.00509,Possible Injury,Pedestrian,Not Intersection-On Roadway Not In Crosswalk,Intersection,Daylight,Not Collision with Motor Vehicle in Transport,Pedestrian,1,True,,,,,,,118.14347508033327,CHANCERY ST,12.907062126438204,30.0,2,B,MEMPHIS,SHELBY,84062,12.907062126438204,City of Memphis,city_residual,city: no state-route overlap,CHANCERY ST,False,False,False,City of Memphis
300906374,2023-08-22,2023-08-22 09:33:00,2023,8,Tuesday,9,35.115482,-89.946815,Possible Injury,Pedestrian,Not Intersection-In Parking Lane,OtherLocation,Daylight,Not Collision with Motor Vehicle in Transport,Pedestrian,1,True,,,,,,,1362.848329485456,SOUTHERN AVE,30.185794426162342,35.0,4,B,MEMPHIS,SHELBY,51200,30.185794423532645,City of Memphis,city_residual,city: no state-route overlap,SOUTHERN AVE,False,False,False,City of Memphis
300910383,2023-09-11,2023-09-11 20:44:00,2023,9,Monday,20,35.172894,-89.94124,Possible Injury,Pedestrian,Not Intersection-On Roadway Crosswalk not Available,Non-Junction,Dark-Lighted,Not Collision with Motor Vehicle in Transport,Pedestrian,1,True,,,,,,,74.38677491466665,VIVIA AVE,24.41736277025836,30.0,2,B,MEMPHIS,SHELBY,5881,24.417362770410875,City of Memphis,city_residual,city: no state-route overlap,VIVIA AVE,False,False,False,City of Memphis
300910386,2023-09-11,2023-09-11 20:01:00,2023,9,Monday,20,35.08439,-90.01848,Possible Injury,Pedestrian,Intersection-On Roadway not in Crosswalk,Non-Junction,Dark-Lighted,Not Collision with Motor Vehicle in Transport,Pedestrian,1,True,ELVIS PRESLEY BLVD,Minor Arterial,40.0,4.0,3,4.0,0.2160039448821872,ELVIS PRESLEY BLVD,0.6750528761757932,40.0,4,B,MEMPHIS,SHELBY,46956,0.6750528761757932,TDOT state route,state_route_overlap,"state route: 100% overlap, name=ELVIS PRESLEY",ELVIS PRESLEY BLVD,False,False,False,TDOT state route
300911842,2023-09-19,2023-09-19 06:30:00,2023,9,Tuesday,6,35.208244,-90.00381,Possible Injury,Pedestrian,Not Intersection-On Roadway Not In Crosswalk,Non-Junction,Dark-Unknown Lighting,Not Collision with Motor Vehicle in Transport,Pedestrian,1,True,,,,,,,2539.8177096900217,WHITNEY AVE,0.5102784579535494,40.0,2,B,MEMPHIS,SHELBY,2757,0.5102784579500071,City of Memphis,city_residual,city: no state-route overlap,WHITNEY AVE,False,False,False,City of Memphis
300908227,2023-08-31,2023-08-31 06:50:00,2023,8,Thursday,6,35.125126,-89.89474,Possible Injury,Pedestrian,Intersection-In Crosswalk,Intersection,Dawn,Not Collision with Motor Vehicle in Transport,Pedestrian,1,True,,,,,,,611.7008481085666,SHADY GROVE RD,0.0451008140738755,30.0,2,B,MEMPHIS,SHELBY,74349,0.04510081266216899,City of Memphis,city_residual,city: no state-route overlap,SHADY GROVE RD,False,False,False,City of Memphis
300909689,2023-09-07,2023-09-07 23:10:00,2023,9,Thursday,23,35.137257,-90.04971,Suspected Minor Injury,Pedestrian,Intersection-On Roadway not in Crosswalk,Intersection,Dark-Lighted,Not Collision with Motor Vehicle in Transport,Pedestrian,1,True,DR MARTIN LUTHER KING JR AVE,Minor Arterial,35.0,4.0,208,6.0,4.603120449004467,DR MARTIN LUTHER KING JR AVE,0.0388272972784915,35.0,5,B,MEMPHIS,SHELBY,7327,0.03882729308993025,TDOT state route,state_route_overlap,"state route: 100% overlap, name=DR MARTIN LUTHER KING JR",DR MARTIN LUTHER KING JR AVE,False,False,False,TDOT state route
300911415,2023-09-16,2023-09-16 23:20:00,2023,9,Saturday,23,35.074493,-89.884796,Suspected Serious Injury,Pedestrian,Not Intersection-On Roadway Crosswalk not Available,Non-Junction,Dark-Lighted,Not Collision with Motor Vehicle in Transport,Pedestrian,1,True,,,,,,,1078.2276200389626,S MENDENHALL RD,0.6581677799734978,40.0,7,B,MEMPHIS,SHELBY,51902,0.6581677801660691,City of Memphis,city_residual,city: no state-route overlap,S MENDENHALL RD,False,False,False,City of Memphis
300909193,2023-09-05,2023-09-05 15:00:00,2023,9,Tuesday,15,35.22076,-89.893845,Possible Injury,Pedestrian,Intersection-On Roadway not in Crosswalk,Intersection-Related,Daylight,Not Collision with Motor Vehicle in Transport,Pedestrian,1,True,,,,,,,33.89551837670729,COVINGTON PIKE,33.48801678078276,40.0,5,B,MEMPHIS,SHELBY,46579,33.48801678080488,TDOT state route,state_route_overlap,"state route: 100% overlap, name=COVINGTON",COVINGTON PIKE,False,False,False,TDOT state route
300910201,2023-09-10,2023-09-10 18:50:00,2023,9,Sunday,18,35.02113,-90.0517,Possible Injury,Pedestrian,Intersection-On Roadway not in Crosswalk,Non-Junction,Daylight,Not Collision with Motor Vehicle in Transport,Pedestrian,1,True,E SHELBY DR,Minor Arterial,45.0,5.0,175,6.0,27.985728232186347,E SHELBY DR,32.61570503344548,45.0,5,B,MEMPHIS,SHELBY,49679,32.61570503027286,TDOT state route,state_route_overlap,"state route: 100% overlap, name=E SHELBY",E SHELBY DR,False,False,False,TDOT state route
300882791,2023-04-26,2023-04-26 16:11:00,2023,4,Wednesday,16,35.082165,-90.04382,Suspected Serious Injury,Pedestrian,Not Intersection-Outside Traffic,Non-Junction,Daylight,Not Collision with Motor Vehicle in Transport,Pedestrian,1,True,,,,,,,1219.2260366736307,COMPRESS DR,67.03213985592315,30.0,2,B,MEMPHIS,SHELBY,32780,67.03213985474186,City of Memphis,city_residual,city: no state-route overlap,COMPRESS DR,False,False,False,City of Memphis
300911938,2023-09-19,2023-09-19 00:40:00,2023,9,Tuesday,0,35.019997,-89.83126,Suspected Serious Injury,Pedestrian,Not Intersection-Unknown,AccelDecelLane,Dark-Lighted,Not Collision with Motor Vehicle in Transport,Pedestrian,1,True,,,,,,,47.41490061590631,RIVERDALE RD,1.3463075680913594,45.0,7,B,MEMPHIS,SHELBY,52904,1.3463075680880994,City of Memphis,city_residual,city: no state-route overlap,RIVERDALE RD,False,False,False,City of Memphis
300906499,2023-08-22,2023-08-22 20:52:00,2023,8,Tuesday,20,35.061123,-90.01004,Suspected Serious Injury,Pedestrian,Intersection-In Crosswalk,Intersection-Related,Dark-Not Lighted,Not Collision with Motor Vehicle in Transport,Pedestrian,1,True,,,,,,,1220.6070475302038,E BROOKS RD,0.1887329567491878,45.0,7,B,MEMPHIS,SHELBY,49756,0.1887329539386909,City of Memphis,city_residual,city: no state-route overlap,E BROOKS RD,False,False,False,City of Memphis
300908081,2023-08-29,2023-08-29 17:48:00,2023,8,Tuesday,17,35.02973,-90.025185,Possible Injury,Pedestrian,Intersection-In Crosswalk,Intersection-Related,Daylight,Not Collision with Motor Vehicle in Transport,Pedestrian,1,True,ELVIS PRESLEY BLVD,Principal Arterial,40.0,5.0,3,6.0,0.3360449616918253,ELVIS PRESLEY BLVD,0.5172081316223035,40.0,5,B,MEMPHIS,SHELBY,46495,0.5172081316223035,TDOT state route,state_route_overlap,"state route: 100% overlap, name=ELVIS PRESLEY",ELVIS PRESLEY BLVD,False,False,False,TDOT state route
300908609,2023-09-02,2023-09-02 03:45:00,2023,9,Saturday,3,35.064785,-89.94119,Possible Injury,Pedestrian,Not Intersection-On Roadway Not In Crosswalk,Intersection-Related,Dark-Lighted,Not Collision with Motor Vehicle in Transport,Pedestrian,1,True,LAMAR AVE,Principal Arterial,40.0,7.0,4,4.0,2.864970033585272,LAMAR AVE,0.0119050499313099,40.0,7,B,MEMPHIS,SHELBY,47858,0.011905052633658044,TDOT state route,state_route_overlap,"state route: 100% overlap, name=LAMAR",LAMAR AVE,False,False,False,TDOT state route
300910455,2023-09-12,2023-09-12 03:49:00,2023,9,Tuesday,3,35.138603,-90.013145,Possible Injury,Pedestrian,Intersection-Unknown,Intersection,Dark-Lighted,Not Collision with Motor Vehicle in Transport,Pedestrian,1,True,,,,,,,228.1572312995856,MADISON AVE,0.2625869806944265,35.0,4,B,MEMPHIS,SHELBY,50441,0.2625869764887319,City of Memphis,city_residual,city: no state-route overlap,MADISON AVE,False,False,False,City of Memphis
300909268,2023-09-06,2023-09-06 00:30:00,2023,9,Wednesday,0,35.073807,-89.94823,Suspected Serious Injury,Pedestrian,Not Intersection-On Roadway Not In Crosswalk,Non-Junction,Dark-Lighted,Not Collision with Motor Vehicle in Transport,Pedestrian,1,True,LAMAR AVE,Principal Arterial,40.0,7.0,4,4.0,3.45261473090589,LAMAR AVE,0.9327361023361286,40.0,7,B,MEMPHIS,SHELBY,47856,0.9327361023361286,TDOT state route,state_route_overlap,"state route: 100% overlap, name=LAMAR",LAMAR AVE,False,False,False,TDOT state route
300906576,2023-08-23,2023-08-23 07:15:00,2023,8,Wednesday,7,35.059383,-89.85548,Possible Injury,Pedestrian,Intersection-On Roadway not in Crosswalk,OtherLocation,Daylight,Not Collision with Motor Vehicle in Transport,Pedestrian,1,True,,,,,,,1189.7544073742108,ARBORWOOD DR,23.88751632272268,30.0,2,B,MEMPHIS,SHELBY,33104,23.887516321343256,City of Memphis,city_residual,city: no state-route overlap,ARBORWOOD DR,False,False,False,City of Memphis
300876881,2023-03-31,2023-03-31 21:25:00,2023,3,Friday,21,35.240345,-89.948456,Suspected Serious Injury,Pedestrian,Not Intersection-On Roadway Not In Crosswalk,Non-Junction,Dark-Lighted,Not Collision with Motor Vehicle in Transport,Pedestrian,1,True,,,,,,,4114.991137222817,NEW ALLEN RD,2.474412081949426,50.0,2,FT,MEMPHIS,SHELBY,53629,2.474412081949426,City of Memphis,city_residual,city: no state-route overlap,NEW ALLEN RD,False,False,False,City of Memphis
300911986,2023-09-19,2023-09-19 15:15:00,2023,9,Tuesday,15,35.14753,-90.04919,Suspected Serious Injury,Pedestrian,Intersection-In Crosswalk,Intersection,Daylight,Not Collision with Motor Vehicle in Transport,Pedestrian,1,True,N THIRD ST,Minor Arterial,35.0,3.0,3,6.0,5.007484171241552,ADAMS AVE,0.8733351348604892,30.0,3,B,MEMPHIS,SHELBY,3367,0.8733351331953784,City of Memphis,city_residual,city: no state-route overlap,ADAMS AVE,False,False,True,City of Memphis
300906538,2023-08-23,2023-08-23 02:15:00,2023,8,Wednesday,2,35.060577,-89.99153,Possible Injury,Pedestrian,Intersection-In Crosswalk,Non-Junction,Dark-Lighted,Not Collision with Motor Vehicle in Transport,Pedestrian,1,True,,,,,,,2886.298129823825,E BROOKS RD,0.1745062734613309,45.0,7,B,MEMPHIS,SHELBY,51997,0.17450627062407822,City of Memphis,city_residual,city: no state-route overlap,E BROOKS RD,False,False,False,City of Memphis
300906020,2023-08-20,2023-08-20 16:15:00,2023,8,Sunday,16,35.205369,-89.931676,Suspected Serious Injury,Pedestrian,Intersection-On Roadway not in Crosswalk,Intersection,Daylight,Not Collision with Motor Vehicle in Transport,Pedestrian,1,True,,,,,,,740.6260449902378,HOMEWOOD DR,39.52760865947615,30.0,2,B,MEMPHIS,SHELBY,34059,39.52760865947615,City of Memphis,city_residual,city: no state-route overlap,HOMEWOOD DR,False,False,False,City of Memphis
300907346,2023-08-26,2023-08-26 23:33:00,2023,8,Saturday,23,35.172405,-89.791176,Suspected Serious Injury,Pedestrian,Not Intersection-On Roadway Not In Crosswalk,Non-Junction,Dark-Not Lighted,Not Collision with Motor Vehicle in Transport,Pedestrian,1,True,,,,,,,167.78699311875715,BONNIE LN,38.11614267250502,35.0,2,B,MEMPHIS,SHELBY,41705,38.11614267250502,City of Memphis,city_residual,city: no state-route overlap,BONNIE LN,False,False,False,City of Memphis
300906039,2023-08-20,2023-08-20 17:30:00,2023,8,Sunday,17,35.2082,-90.0011,Suspected Serious Injury,Pedestrian,Not Intersection-On Roadway Not In Crosswalk,Non-Junction,Daylight,Not Collision with Motor Vehicle in Transport,Pedestrian,1,True,,,,,,,2744.405016987463,WHITNEY AVE,26.019667458755126,40.0,2,B,MEMPHIS,SHELBY,2788,26.01966745886878,City of Memphis,city_residual,city: no state-route overlap,WHITNEY AVE,False,False,False,City of Memphis
300879062,2023-04-10,2023-04-10 18:46:00,2023,4,Monday,18,35.05018,-89.99976,Fatal,Pedestrian,Not Intersection-On Roadway Not In Crosswalk,OtherLocation,Daylight,Not Collision with Motor Vehicle in Transport,Pedestrian,1,True,,,,,,,2309.482818378534,TACOMA AVE,25.114044026295325,30.0,2,B,MEMPHIS,SHELBY,2582,25.11404403011464,City of Memphis,city_residual,city: no state-route overlap,TACOMA AVE,False,False,False,City of Memphis
300906290,2023-08-21,2023-08-21 03:48:00,2023,8,Monday,3,35.06071,-89.86594,Possible Injury,Pedestrian,Not Intersection-On Roadway Crosswalk not Available,Intersection-Related,Dark-Lighted,Angle,Other,1,True,,,,,,,1498.8597814121342,KNIGHT ARNOLD RD,2.225604184155148,40.0,7,B,MEMPHIS,SHELBY,49460,2.225604184155148,City of Memphis,city_residual,city: no state-route overlap,KNIGHT ARNOLD RD,False,False,False,City of Memphis
300910784,2023-09-13,2023-09-13 21:10:00,2023,9,Wednesday,21,35.11839,-89.984856,Fatal,Pedestrian,Not Intersection-On Roadway Not In Crosswalk,Non-Junction,Dark-Not Lighted,Not Collision with Motor Vehicle in Transport,Pedestrian,1,True,,,,,,,41.16899674026493,ACCESS RD,27.11693380238773,35.0,1,TF,MEMPHIS,SHELBY,76897,27.116933802339776,City of Memphis,city_residual,city: no state-route overlap,ACCESS RD,False,False,False,City of Memphis
300870433,2023-03-02,2023-03-02 04:40:00,2023,3,Thursday,4,35.10188,-89.870285,Fatal,Pedestrian,Not Intersection-On Roadway Not In Crosswalk,Non-Junction,Dark-Lighted,Not Collision with Motor Vehicle in Transport,Pedestrian,1,True,POPLAR AVE,Principal Arterial,40.0,3.0,57,5.0,4.854633645179367,POPLAR AVE,0.565768480197426,40.0,2,FT,MEMPHIS,SHELBY,6941,0.565768477651528,TDOT state route,state_route_overlap,"state route: 100% overlap, name=POPLAR",POPLAR AVE,False,False,False,TDOT state route
300909070,2023-09-01,2023-09-01 12:00:00,2023,9,Friday,12,35.083168,-89.97186,Possible Injury,Pedestrian,Not Intersection-On Roadway Not In Crosswalk,Non-Junction,Daylight,Not Collision with Motor Vehicle in Transport,Pedestrian,1,True,,,,,,,881.9956113068338,PENDLETON ST,0.0084469948385208,35.0,2,B,MEMPHIS,SHELBY,82586,0.008446994784701902,City of Memphis,city_residual,city: no state-route overlap,PENDLETON ST,False,False,False,City of Memphis
300906065,2023-08-20,2023-08-20 00:00:00,2023,8,Sunday,0,35.138485,-90.01186,Possible Injury,Pedestrian,Intersection-In Crosswalk,Unknown,Dark-Lighted,Not Collision with Motor Vehicle in Transport,Pedestrian,1,True,,,,,,,229.6325512179848,MADISON AVE,0.5043957347835193,35.0,3,B,MEMPHIS,SHELBY,50443,0.5043957347835193,City of Memphis,city_residual,city: no state-route overlap,MADISON AVE,False,False,False,City of Memphis
300915113,2023-10-03,2023-10-03 18:27:00,2023,10,Tuesday,18,35.100945,-89.997475,Possible Injury,Pedestrian,Not Intersection-On Roadway Not In Crosswalk,AccelDecelLane,Dawn,Not Collision with Motor Vehicle in Transport,Pedestrian,1,True,,,,,,,1142.308759478437,GLORY CIR,20.21971140250293,30.0,2,B,MEMPHIS,SHELBY,9996,20.219711405264484,City of Memphis,city_residual,city: no state-route overlap,GLORY CIR,False,False,False,City of Memphis
300914271,2023-09-30,2023-09-30 19:30:00,2023,9,Saturday,19,35.168327,-89.87949,Possible Injury,Pedestrian,Intersection-Unknown,Non-Junction,Dark-Not Lighted,Not Collision with Motor Vehicle in Transport,Pedestrian,1,True,,,,,,,509.9061317739246,BARTLETT RD,0.3553158659476415,40.0,2,B,MEMPHIS,SHELBY,76284,0.35531586540832555,City of Memphis,city_residual,city: no state-route overlap,BARTLETT RD,False,False,False,City of Memphis
300912916,2023-09-23,2023-09-23 19:12:00,2023,9,Saturday,19,35.006435,-90.00766,Possible Injury,Pedestrian,Not Intersection-In Crosswalk,Intersection,Dark-Lighted,Angle,Other,1,True,,,,,,,1608.2367164603086,E HOLMES RD,0.0932368365284658,40.0,5,B,MEMPHIS,SHELBY,49749,0.0932368337035181,City of Memphis,city_residual,city: no state-route overlap,E HOLMES RD,False,False,False,City of Memphis
300917321,2023-10-15,2023-10-15 22:20:00,2023,10,Sunday,22,35.073807,-89.94823,Possible Injury,Pedestrian,Not Intersection-Unknown,Unknown,Dark-Lighted,Not Collision with Motor Vehicle in Transport,Pedestrian,1,True,LAMAR AVE,Principal Arterial,40.0,7.0,4,4.0,3.45261473090589,LAMAR AVE,0.9327361023361286,40.0,7,B,MEMPHIS,SHELBY,47856,0.9327361023361286,TDOT state route,state_route_overlap,"state route: 100% overlap, name=LAMAR",LAMAR AVE,False,False,False,TDOT state route
300916172,2023-10-09,2023-10-09 18:11:00,2023,10,Monday,18,35.17366,-89.9595,Possible Injury,Pedestrian,Intersection-Not on Roadway,Intersection,Dawn,Not Collision with Motor Vehicle in Transport,Pedestrian,1,True,,,,,,,1129.0707161937396,SUNSET ST,10.916381703712185,30.0,2,B,MEMPHIS,SHELBY,82884,10.916381703851597,City of Memphis,city_residual,city: no state-route overlap,SUNSET ST,False,False,False,City of Memphis
300913153,2023-09-21,2023-09-21 03:30:00,2023,9,Thursday,3,35.1069,-90.02119,Possible Injury,Pedestrian,Not Intersection-Outside Traffic,Non-Junction,Dark-Lighted,Not Collision with Motor Vehicle in Transport,Pedestrian,1,True,ELVIS PRESLEY BLVD,Minor Arterial,40.0,4.0,3,4.0,1.141694593306949,KERR AVE,0.0553073224531724,35.0,3,B,MEMPHIS,SHELBY,5121,0.05530732245293784,City of Memphis,city_residual,city: no state-route overlap,KERR AVE,False,False,False,City of Memphis
300913464,2023-09-26,2023-09-26 08:00:00,2023,9,Tuesday,8,35.182613,-89.848045,Possible Injury,Pedestrian,Intersection-On Roadway not in Crosswalk,Intersection-Related,Daylight,Not Collision with Motor Vehicle in Transport,Pedestrian,1,True,,,,,,,675.2034507863434,GOLDBRIER LN,22.794389191578382,30.0,2,B,MEMPHIS,SHELBY,42370,22.794389191570172,City of Memphis,city_residual,city: no state-route overlap,GOLDBRIER LN,False,False,False,City of Memphis
300917144,2023-10-14,2023-10-14 00:00:00,2023,10,Saturday,99,35.202133,-89.91258,Suspected Minor Injury,Pedestrian,Not Intersection-On Roadway Not In Crosswalk,Non-Junction,Unknown,Not Collision with Motor Vehicle in Transport,Pedestrian,1,True,,,,,,,430.5304113187069,COLEMAN RD,53.8038229312228,45.0,7,B,MEMPHIS,SHELBY,74856,53.803822931222804,City of Memphis,city_residual,city: no state-route overlap,COLEMAN RD,False,False,False,City of Memphis
300916655,2023-10-11,2023-10-11 19:48:00,2023,10,Wednesday,19,35.054096,-90.019554,Possible Injury,Pedestrian,Intersection-Unknown,AccelDecelLane,Dark-Not Lighted,Not Collision with Motor Vehicle in Transport,Pedestrian,1,True,,,,,,,497.0747547265964,WINCHESTER RD,0.3992157518767019,40.0,7,B,MEMPHIS,SHELBY,49731,0.39921575185403974,City of Memphis,city_residual,city: no state-route overlap,WINCHESTER RD,False,False,False,City of Memphis
300914112,2023-09-28,2023-09-28 18:58:00,2023,9,Thursday,18,35.111546,-90.02173,Suspected Serious Injury,Pedestrian,Intersection-On Roadway not in Crosswalk,Intersection-Related,Dark-Lighted,Not Collision with Motor Vehicle in Transport,Pedestrian,1,True,S BELLEVUE BLVD,Minor Arterial,35.0,5.0,3,4.0,0.3986047283847808,E TRIGG AVE,0.2264158624828252,35.0,2,B,MEMPHIS,SHELBY,5127,0.22641586248282522,City of Memphis,city_residual,city: no state-route overlap,E TRIGG AVE,False,False,True,City of Memphis
300915960,2023-10-05,2023-10-05 17:56:00,2023,10,Thursday,17,35.162354,-89.947014,Possible Injury,Pedestrian,Intersection-On Roadway Crosswalk availability Unknown,Intersection,Daylight,Not Collision with Motor Vehicle in Transport,Pedestrian,1,True,,,,,,,561.5056872756452,NATIONAL ST,0.4485690752906972,40.0,4,B,MEMPHIS,SHELBY,51259,0.44856907591491696,City of Memphis,city_residual,city: no state-route overlap,NATIONAL ST,False,False,False,City of Memphis
300917180,2023-10-14,2023-10-14 17:00:00,2023,10,Saturday,17,35.04917,-89.83001,Suspected Serious Injury,Pedestrian,Not Intersection-On Roadway Not In Crosswalk,AccelDecelLane,Daylight,Not Collision with Motor Vehicle in Transport,Pedestrian,1,True,,,,,,,536.2340062107872,RIVERDALE RD,0.4472952746157089,45.0,6,B,MEMPHIS,SHELBY,51968,0.4472952746161206,City of Memphis,city_residual,city: no state-route overlap,RIVERDALE RD,False,False,False,City of Memphis