MstrRecNbrTxt,CollisionDate,CollisionDteTime,YearNmb,Month,DayOfWeek,Hour,Latitude,Longitude,InjuryClass,PersonType,NonMotoristLocation,RelationToJunction,LightCondition,MannerOfCollision,FirstHarmfulEvent,VictimsInCrash,InMemphis,StateRoute_NAME,StateRoute_F_System,StateRoute_SPDLIMIT,StateRoute_LANES,StateRoute_ALTNAME_1,StateRoute_Council_District,DistToStateRoute_m,Street_Name,DistToStreet_m,Street_SPDLIMIT,Street_LANES,Street_ONEWAY,Street_CITY_L,Street_COUNTY_L,Seg_OBJECTID,DistToSeg_m,Ownership,Rule_Fired,Classification_Basis,Matched_Street,is_limited_access,is_override,is_corner_case,Jurisdiction_prev
300915768,2023-10-07,2023-10-07 14:27:00,2023,10,Saturday,14,35.21268,-89.892105,Possible Injury,Pedestrian,Not Intersection-Outside Traffic,Intersection-Related,Daylight,"Sideswipe, Opposite Direction",Other,1,True,,,,,,,215.4959495630661,LONGACRE AVE,20.85363035581028,30.0,2,B,MEMPHIS,SHELBY,6916,20.853630353612964,City of Memphis,city_residual,city: no state-route overlap,LONGACRE AVE,False,False,False,City of Memphis
300916233,2023-10-09,2023-10-09 10:58:00,2023,10,Monday,10,35.094753,-90.0555,Possible Injury,Pedestrian,Not Intersection-On Roadway Not In Crosswalk,Non-Junction,Daylight,Not Collision with Motor Vehicle in Transport,Pedestrian,1,True,,,,,,,38.77644352298611,S THIRD ST,38.12196533553573,40.0,7,B,MEMPHIS,SHELBY,46922,38.12196533546857,TDOT state route,state_route_overlap,"state route: 100% overlap, name=S THIRD",S THIRD ST,False,False,False,TDOT state route
300917710,2023-10-17,2023-10-17 14:40:00,2023,10,Tuesday,14,35.143208,-90.05363,Possible Injury,Pedestrian,Intersection-On Roadway Crosswalk Not Available,Intersection,Daylight,Not Collision with Motor Vehicle in Transport,Pedestrian,1,True,,,,,,,122.1520751510398,UNION AVE,1.4947529646506907,30.0,4,B,MEMPHIS,SHELBY,7468,1.4947529629784566,City of Memphis,city_residual,city: no state-route overlap,UNION AVE,False,False,False,City of Memphis
300912257,2023-09-20,2023-09-20 15:43:00,2023,9,Wednesday,15,35.070583,-89.8641,Suspected Serious Injury,Pedestrian,Not Intersection-On Roadway Not In Crosswalk,AccelDecelLane,Daylight,Not Collision with Motor Vehicle in Transport,Pedestrian,1,True,,,,,,,529.1470129408633,HICKORY HILL RD,46.39843837918702,45.0,6,B,MEMPHIS,SHELBY,49464,46.3984383795869,City of Memphis,city_residual,city: no state-route overlap,HICKORY HILL RD,False,False,False,City of Memphis
300914415,2023-10-01,2023-10-01 13:00:00,2023,10,Sunday,13,35.174286,-89.97595,Possible Injury,Pedestrian,Intersection-In Crosswalk,Intersection,Daylight,Not Collision with Motor Vehicle in Transport,Pedestrian,1,True,,,,,,,1807.94614135627,CHELSEA AVE,40.771905576717096,40.0,4,B,MEMPHIS,SHELBY,50733,40.771905576717096,City of Memphis,city_residual,city: no state-route overlap,CHELSEA AVE,False,False,False,City of Memphis
300915073,2023-10-04,2023-10-04 07:57:00,2023,10,Wednesday,7,35.16734,-90.0103,No Injury,Other Non-Motorist,Unknown,AccelDecelLane,Daylight,Angle,Other,1,True,,,,,,,941.6264164980358,BROWN AVE,0.3081741584251681,30.0,2,B,MEMPHIS,SHELBY,3989,0.3081741555082112,City of Memphis,city_residual,city: no state-route overlap,BROWN AVE,False,False,False,City of Memphis
300915806,2023-10-07,2023-10-07 01:00:00,2023,10,Saturday,1,35.035595,-89.98982,Possible Injury,Pedestrian,Not Intersection-On Roadway Not In Crosswalk,AccelDecelLane,Dark-Lighted,Not Collision with Motor Vehicle in Transport,Pedestrian,1,True,,,,,,,1609.591903119402,E RAINES RD,0.1311188974856676,40.0,5,B,MEMPHIS,SHELBY,52122,0.1311188988954145,City of Memphis,city_residual,city: no state-route overlap,E RAINES RD,False,False,False,City of Memphis
300916751,2023-10-12,2023-10-12 23:19:00,2023,10,Thursday,23,35.04917,-89.83001,Possible Injury,Pedestrian,Intersection-On Roadway not in Crosswalk,Intersection,Dark-Lighted,Not Collision with Motor Vehicle in Transport,Pedestrian,1,True,,,,,,,536.2340062107872,RIVERDALE RD,0.4472952746157089,45.0,6,B,MEMPHIS,SHELBY,51968,0.4472952746161206,City of Memphis,city_residual,city: no state-route overlap,RIVERDALE RD,False,False,False,City of Memphis
300895152,2023-06-25,2023-06-25 23:02:00,2023,6,Sunday,23,35.19183,-89.97579,Fatal,Pedestrian,Not Intersection-On Roadway Not In Crosswalk,Non-Junction,Dark-Lighted,Not Collision with Motor Vehicle in Transport,Pedestrian,1,True,,,,,,,3605.960217055703,N HOLLYWOOD ST,0.0202627205540212,40.0,6,B,MEMPHIS,SHELBY,52727,0.0202627205695705,City of Memphis,city_residual,city: no state-route overlap,N HOLLYWOOD ST,False,False,False,City of Memphis
300913284,2023-09-25,2023-09-25 19:00:00,2023,9,Monday,19,35.01948,-90.08443,Possible Injury,Pedestrian,Intersection-On Roadway Crosswalk Not Available,Intersection,Daylight,Not Collision with Motor Vehicle in Transport,Pedestrian,1,True,,,,,,,155.24451740224643,TWELFTH RD,51.45271810660736,30.0,2,B,MEMPHIS,SHELBY,71794,51.45271810660736,City of Memphis,city_residual,city: no state-route overlap,TWELFTH RD,False,False,False,City of Memphis
300913641,2023-09-26,2023-09-26 14:20:00,2023,9,Tuesday,14,35.219944,-90.035965,Possible Injury,Pedestrian,Not Intersection-On Roadway Not In Crosswalk,AccelDecelLane,Daylight,Not Collision with Motor Vehicle in Transport,Pedestrian,1,True,,,,,,,617.309796262839,DAWN DR,0.1138183467586807,30.0,2,B,MEMPHIS,SHELBY,27704,0.11381834536908818,City of Memphis,city_residual,city: no state-route overlap,DAWN DR,False,False,False,City of Memphis
300917481,2023-10-16,2023-10-16 16:32:00,2023,10,Monday,16,35.139336,-89.964294,Suspected Serious Injury,Pedestrian,Intersection-On Roadway Crosswalk Not Available,Non-Junction,Daylight,Not Collision with Motor Vehicle in Transport,Pedestrian,1,True,,,,,,,344.081158466699,MIMOSA AVE,6.079162948013655,30.0,2,B,MEMPHIS,SHELBY,6644,6.079162948010441,City of Memphis,city_residual,city: no state-route overlap,MIMOSA AVE,False,False,False,City of Memphis
300915229,2023-10-05,2023-10-05 07:44:00,2023,10,Thursday,7,35.127537,-89.77441,Possible Injury,Pedestrian,Intersection-In Crosswalk,Unknown,Daylight,Not Collision with Motor Vehicle in Transport,Pedestrian,1,True,,,,,,,2121.440417084735,WALNUT GROVE RD,0.0936421483448861,45.0,5,B,MEMPHIS,SHELBY,49147,0.09364214645539631,City of Memphis,city_residual,city: no state-route overlap,WALNUT GROVE RD,False,False,False,City of Memphis
300913665,2023-09-27,2023-09-27 19:20:00,2023,9,Wednesday,19,35.035145,-90.02236,Suspected Minor Injury,Pedestrian,Intersection-Not on Roadway,Intersection,Dark-Not Lighted,Not Collision with Motor Vehicle in Transport,Pedestrian,1,True,,,,,,,256.0115050380837,E RAINES RD,41.4548502814236,40.0,5,B,MEMPHIS,SHELBY,49723,41.45485028018849,City of Memphis,city_residual,city: no state-route overlap,E RAINES RD,False,False,False,City of Memphis
300915610,2023-10-06,2023-10-06 16:20:00,2023,10,Friday,16,35.096157,-90.01803,Possible Injury,Pedestrian,Not Intersection-On Roadway Not In Crosswalk,Non-Junction,Daylight,Not Collision with Motor Vehicle in Transport,Pedestrian,1,True,ELVIS PRESLEY BLVD,Minor Arterial,40.0,5.0,3,6.0,0.1519972548741543,ELVIS PRESLEY BLVD,0.5477293401666181,40.0,5,B,MEMPHIS,SHELBY,46979,0.5477293401669802,TDOT state route,state_route_overlap,"state route: 100% overlap, name=ELVIS PRESLEY",ELVIS PRESLEY BLVD,False,False,False,TDOT state route
300917256,2023-10-15,2023-10-15 15:05:00,2023,10,Sunday,15,35.15432,-89.885544,Possible Injury,Pedestrian,Intersection-On Roadway Crosswalk availability Unknown,Intersection,Daylight,Not Collision with Motor Vehicle in Transport,Pedestrian,1,True,,,,,,,117.42647970751968,40 S TO 240 E,72.52475446093793,45.0,1,FT,MEMPHIS,SHELBY,36522,72.52475446153784,Interstate ramp (TDOT),interstate_ramp,interstate ramp: MTFCC S1630,40 S TO 240 E,True,False,False,Interstate ramp
300915620,2023-10-06,2023-10-06 18:50:00,2023,10,Friday,18,35.172024,-89.868416,Possible Injury,Pedestrian,Intersection-On Roadway not in Crosswalk,Intersection,Dark-Lighted,Not Collision with Motor Vehicle in Transport,Pedestrian,1,True,SUMMER AVE,Principal Arterial,45.0,4.0,1,1.0,3.0131622456908924,SUMMER AVE,0.141509278514793,45.0,4,B,MEMPHIS,SHELBY,48577,0.14150928036480914,TDOT state route,state_route_overlap,"state route: 100% overlap, name=SUMMER",SUMMER AVE,False,False,False,TDOT state route
300914486,2023-09-29,2023-09-29 22:20:00,2023,9,Friday,22,35.107105,-89.98499,Possible Injury,Pedestrian,Intersection-On Roadway not in Crosswalk,Intersection-Related,Dark-Not Lighted,Not Collision with Motor Vehicle in Transport,Pedestrian,1,True,AIRWAYS BLVD,Principal Arterial,35.0,5.0,277,4.0,0.542604434771916,AIRWAYS BLVD,0.0450092406148481,35.0,5,B,MEMPHIS,SHELBY,46988,0.04500924061484815,TDOT state route,state_route_overlap,"state route: 100% overlap, name=AIRWAYS",AIRWAYS BLVD,False,False,False,TDOT state route
300911423,2023-09-15,2023-09-15 11:58:00,2023,9,Friday,11,35.14555,-90.00648,Possible Injury,Pedestrian,Not Intersection-Adjacent to Roadway,Intersection-Related,Daylight,Not Collision with Motor Vehicle in Transport,Pedestrian,1,True,,,,,,,864.3147646171473,N AVALON ST,31.504402918832383,30.0,2,B,MEMPHIS,SHELBY,81239,31.504402918701313,City of Memphis,city_residual,city: no state-route overlap,N AVALON ST,False,False,False,City of Memphis
300915865,2023-10-05,2023-10-05 10:05:00,2023,10,Thursday,10,35.083305,-90.01855,Suspected Minor Injury,Pedestrian,Intersection-On Roadway not in Crosswalk,Non-Junction,Daylight,Not Collision with Motor Vehicle in Transport,Pedestrian,1,True,ELVIS PRESLEY BLVD,Minor Arterial,40.0,4.0,3,6.0,0.025171471139501,NORRIS RD,0.1245076336166819,40.0,4,B,MEMPHIS,SHELBY,50977,0.12450763642655564,City of Memphis,city_residual,city: no state-route overlap,NORRIS RD,False,False,True,City of Memphis
300909326,2023-09-06,2023-09-06 05:51:00,2023,9,Wednesday,5,35.22037,-89.909874,Suspected Serious Injury,Pedestrian,Not Intersection-On Roadway Not In Crosswalk,Non-Junction,Dark-Lighted,Not Collision with Motor Vehicle in Transport,Pedestrian,1,True,AUSTIN PEAY HWY,Principal Arterial,45.0,7.0,14,1.0,8.343270575995717,RALEIGH SPRINGS MALL DR,0.6292989345121631,15.0,2,B,MEMPHIS,SHELBY,35562,0.6292989345121631,City of Memphis,city_residual,city: no state-route overlap,RALEIGH SPRINGS MALL DR,False,False,False,City of Memphis
300914231,2023-09-05,2023-09-05 09:00:00,2023,9,Tuesday,9,35.10106,-89.83937,Possible Injury,Pedestrian,Intersection-On Roadway not in Crosswalk,Intersection,Daylight,Not Collision with Motor Vehicle in Transport,Pedestrian,1,True,,,,,,,303.03445155795674,KIRBY PKWY,0.6404694474974967,40.0,5,B,MEMPHIS,SHELBY,51793,0.6404694465516574,City of Memphis,city_residual,city: no state-route overlap,KIRBY PKWY,False,False,False,City of Memphis
300914809,2023-10-02,2023-10-02 10:43:00,2023,10,Monday,10,35.04782,-89.77089,Possible Injury,Pedestrian,Not Intersection-Outside Traffic,Non-Junction,Daylight,Not Collision with Motor Vehicle in Transport,Pedestrian,1,True,,,,,,,3420.115607728555,WINCHESTER RD,0.4550326071100755,45.0,6,B,MEMPHIS,SHELBY,52458,0.4550326056927889,City of Memphis,city_residual,city: no state-route overlap,WINCHESTER RD,False,False,False,City of Memphis
300921685,2023-11-04,2023-11-04 17:00:00,2023,11,Saturday,17,35.202286,-90.00732,Possible Injury,Pedestrian,Intersection-On Roadway not in Crosswalk,Non-Junction,Daylight,Not Collision with Motor Vehicle in Transport,Pedestrian,1,True,,,,,,,2410.5386064376567,N WATKINS ST,0.6741716930774301,40.0,4,B,MEMPHIS,SHELBY,49861,0.6741716930774301,City of Memphis,city_residual,city: no state-route overlap,N WATKINS ST,False,False,False,City of Memphis
300923127,2023-11-10,2023-11-10 14:10:00,2023,11,Friday,14,35.225494,-89.88692,No Injury,Pedestrian,Intersection-Not on Roadway,AccelDecelLane,Daylight,Not Collision with Motor Vehicle in Transport,Other,1,True,,,,,,,582.9842809533618,SUNNYSIDE ST,21.71682893571909,30.0,2,B,MEMPHIS,SHELBY,80324,21.71682893571909,City of Memphis,city_residual,city: no state-route overlap,SUNNYSIDE ST,False,False,False,City of Memphis
300924942,2023-11-20,2023-11-20 13:35:00,2023,11,Monday,13,35.043865,-89.84237,Suspected Minor Injury,Pedestrian,Intersection-Not on Roadway,"Driveway, Alley Access, etc",Daylight,Not Collision with Motor Vehicle in Transport,Pedestrian,1,True,,,,,,,1682.6752329175915,KIRBY PKWY,95.84146292656064,45.0,6,B,MEMPHIS,SHELBY,49509,95.84146292656064,City of Memphis,city_residual,city: no state-route overlap,KIRBY PKWY,False,False,False,City of Memphis
300870877,2023-03-03,2023-03-03 19:15:00,2023,3,Friday,19,35.115478,-90.030309,Fatal,Pedestrian,Intersection-On Roadway not in Crosswalk,Intersection,Dark-Lighted,Not Collision with Motor Vehicle in Transport,Pedestrian,1,True,,,,,,,789.0456608011793,COLLEGE ST,0.7309732572090105,30.0,2,B,MEMPHIS,SHELBY,82319,0.7309732572090105,City of Memphis,city_residual,city: no state-route overlap,COLLEGE ST,False,False,False,City of Memphis
300920916,2023-11-01,2023-11-01 20:25:00,2023,11,Wednesday,20,35.047623,-90.05627,Possible Injury,Pedestrian,Not Intersection-Adjacent to Roadway,Intersection,Dark-Not Lighted,Not Collision with Motor Vehicle in Transport,Pedestrian,2,True,,,,,,,559.0102343749284,HILLVIEW AVE,0.0388806085391613,30.0,2,B,MEMPHIS,SHELBY,2446,0.038880604354705146,City of Memphis,city_residual,city: no state-route overlap,HILLVIEW AVE,False,False,False,City of Memphis
300921742,2023-11-05,2023-11-05 15:30:00,2023,11,Sunday,15,35.126884,-89.98523,No Injury,Pedestrian,Unknown,AccelDecelLane,Daylight,Angle,Other,1,True,,,,,,,90.25781163019728,LANDIS ST,22.00010741625259,30.0,2,B,MEMPHIS,SHELBY,81664,22.00010741618595,City of Memphis,city_residual,city: no state-route overlap,LANDIS ST,False,False,False,City of Memphis
300921667,2023-11-05,2023-11-05 01:40:00,2023,11,Sunday,1,35.07425,-89.94877,Suspected Serious Injury,Pedestrian,Intersection-On Roadway not in Crosswalk,Non-Junction,Dark-Lighted,Angle,Other,1,True,LAMAR AVE,Principal Arterial,40.0,7.0,4,4.0,14.141361448878378,LAMAR AVE,11.408413042247698,40.0,7,B,MEMPHIS,SHELBY,47857,11.408413042247698,TDOT state route,state_route_overlap,"state route: 100% overlap, name=LAMAR",LAMAR AVE,False,False,False,TDOT state route
300922928,2023-11-10,2023-11-10 17:00:00,2023,11,Friday,17,35.072693,-89.931885,Suspected Serious Injury,Pedestrian,Not Intersection-On Roadway Not In Crosswalk,Non-Junction,Dusk,Not Collision with Motor Vehicle in Transport,Pedestrian,1,True,GETWELL RD,Principal Arterial,40.0,7.0,176,4.0,0.8191315866339804,GETWELL RD,0.50230583105649,40.0,7,B,MEMPHIS,SHELBY,46423,0.50230583105649,TDOT state route,state_route_overlap,"state route: 100% overlap, name=GETWELL",GETWELL RD,False,False,False,TDOT state route
300923625,2023-11-13,2023-11-13 14:00:00,2023,11,Monday,14,35.04997,-89.80959,Suspected Serious Injury,Pedestrian,Not Intersection-Outside Traffic,OtherLocation,Daylight,Not Collision with Motor Vehicle in Transport,Pedestrian,1,True,STATE ROUTE 385,Freeway and Expressway,65.0,2.0,NONCONNAH PKWY,2.0,1.3986087896028592,STATE ROUTE 385 E,0.0007114616903108,65.0,3,FT,MEMPHIS,SHELBY,48210,0.0007114616903108839,TDOT state route,state_route_overlap,"state route: 100% overlap, name=STATE ROUTE 385",STATE ROUTE 385 E,False,False,False,TDOT state route
300923919,2023-11-13,2023-11-13 23:50:00,2023,11,Monday,23,35.16373,-90.0367,Possible Injury,Pedestrian,Intersection-On Roadway Crosswalk Not Available,Intersection,Dark-Not Lighted,Not Collision with Motor Vehicle in Transport,Pedestrian,1,True,THOMAS ST,Principal Arterial,35.0,5.0,3,7.0,1.924310776459004,CHELSEA AVE,0.0724008145645172,35.0,5,B,MEMPHIS,SHELBY,50347,0.07240081451948059,TDOT state route,state_route_overlap,"state route: 100% overlap, name=CHELSEA",CHELSEA AVE,False,False,False,TDOT state route
300920662,2023-10-30,2023-10-30 18:58:00,2023,10,Monday,18,35.10829,-89.970085,Suspected Serious Injury,Pedestrian,Not Intersection-On Roadway Not In Crosswalk,Non-Junction,Dark-Lighted,Not Collision with Motor Vehicle in Transport,Pedestrian,1,True,,,,,,,1092.3482935212924,PARK AVE,23.469216769298903,35.0,4,B,MEMPHIS,SHELBY,51049,23.469216769955505,City of Memphis,city_residual,city: no state-route overlap,PARK AVE,False,False,False,City of Memphis
300918716,2023-10-21,2023-10-21 21:30:00,2023,10,Saturday,21,35.107296,-90.04129,Suspected Serious Injury,Pedestrian,Not Intersection-On Roadway Not In Crosswalk,AccelDecelLane,Dark-Lighted,Not Collision with Motor Vehicle in Transport,Pedestrian,1,True,,,,,,,1280.7037250052265,S PARKWAY E,0.0993316709004744,35.0,5,B,MEMPHIS,SHELBY,50895,0.09933167224598828,City of Memphis,city_residual,city: no state-route overlap,S PARKWAY E,False,False,False,City of Memphis
300924495,2023-11-17,2023-11-17 19:44:00,2023,11,Friday,19,35.109135,-89.88837,Possible Injury,Pedestrian,Intersection-In Crosswalk,Intersection,Dark-Lighted,Not Collision with Motor Vehicle in Transport,Pedestrian,1,True,POPLAR AVE,Principal Arterial,40.0,7.0,57,5.0,4.354441791235123,S WHITE STATION RD,0.3925654176181126,40.0,5,B,MEMPHIS,SHELBY,53073,0.3925654176181126,City of Memphis,city_residual,city: no state-route overlap,S WHITE STATION RD,False,False,True,City of Memphis
300921775,2023-11-05,2023-11-05 19:25:00,2023,11,Sunday,19,35.182,-89.8638,Possible Injury,Pedestrian,Not Intersection-Adjacent to Roadway,Intersection-Related,Dark-Lighted,Not Collision with Motor Vehicle in Transport,Pedestrian,1,True,,,,,,,383.4797261930772,RALEIGH LAGRANGE RD,35.47379154431948,40.0,2,B,MEMPHIS,SHELBY,50118,35.47379154431948,City of Memphis,city_residual,city: no state-route overlap,RALEIGH LAGRANGE RD,False,False,False,City of Memphis
300923942,2023-11-16,2023-11-16 00:12:00,2023,11,Thursday,0,35.17838,-89.93549,Possible Injury,Pedestrian,Not Intersection-Adjacent to Roadway,Non-Junction,Dark-Lighted,Not Collision with Motor Vehicle in Transport,Pedestrian,1,True,,,,,,,108.90127510440584,VILLA DR,0.7970204729509673,30.0,2,B,MEMPHIS,SHELBY,29523,0.7970204734700228,City of Memphis,city_residual,city: no state-route overlap,VILLA DR,False,False,False,City of Memphis
300875694,2023-03-25,2023-03-25 23:19:00,2023,3,Saturday,23,35.06969,-89.87566,Suspected Serious Injury,Pedestrian,Not Intersection-On Roadway Not In Crosswalk,Intersection,Dark-Lighted,Not Collision with Motor Vehicle in Transport,Pedestrian,1,True,,,,,,,1050.318144439627,CLARKE RD,0.1800200779208027,35.0,2,B,MEMPHIS,SHELBY,71287,0.18002007791397281,City of Memphis,city_residual,city: no state-route overlap,CLARKE RD,False,False,False,City of Memphis
300914363,2023-10-01,2023-10-01 02:33:00,2023,10,Sunday,2,35.060703,-89.83386,Fatal,Pedestrian,Not Intersection-On Roadway Not In Crosswalk,Non-Junction,Dark-Not Lighted,Not Collision with Motor Vehicle in Transport,Pedestrian,1,True,,,,,,,208.38472000135084,QUINCE RD,0.4279886470580944,45.0,2,B,MEMPHIS,SHELBY,51853,0.42798864635202916,City of Memphis,city_residual,city: no state-route overlap,QUINCE RD,False,False,False,City of Memphis
300922966,2023-11-09,2023-11-09 15:25:00,2023,11,Thursday,15,35.018738,-90.02509,Possible Injury,Pedestrian,Intersection-In Crosswalk,OtherLocation,Other,Not Collision with Motor Vehicle in Transport,Pedestrian,1,True,ELVIS PRESLEY BLVD,Principal Arterial,40.0,5.0,3,3.0,11.751532176966876,ELVIS PRESLEY BLVD,11.55140424866186,40.0,5,B,MEMPHIS,SHELBY,46488,11.551404248663562,TDOT state route,state_route_overlap,"state route: 100% overlap, name=ELVIS PRESLEY",ELVIS PRESLEY BLVD,False,False,False,TDOT state route
300922682,2023-11-08,2023-11-08 20:35:00,2023,11,Wednesday,20,35.244186,-89.94719,Fatal,Pedestrian,Not Intersection-Adjacent to Roadway,Non-Junction,Dark-Lighted,Not Collision with Motor Vehicle in Transport,Pedestrian,1,True,,,,,,,4294.067791359,RIDGEMONT RD,41.65388928812308,30.0,4,B,MEMPHIS,SHELBY,52106,41.65388928817641,City of Memphis,city_residual,city: no state-route overlap,RIDGEMONT RD,False,False,False,City of Memphis
300921575,2023-11-04,2023-11-04 18:30:00,2023,11,Saturday,18,35.177612,-89.95804,Possible Injury,Pedestrian,Not Intersection-In Crosswalk,Intersection,Daylight,Not Collision with Motor Vehicle in Transport,Pedestrian,1,True,,,,,,,1351.700163697603,ORIOLE ST,23.519875876590227,30.0,2,B,MEMPHIS,SHELBY,82980,23.519875876590227,City of Memphis,city_residual,city: no state-route overlap,ORIOLE ST,False,False,False,City of Memphis
300922705,2023-11-09,2023-11-09 17:14:00,2023,11,Thursday,17,35.149544,-90.04439,Suspected Minor Injury,Pedestrian,Intersection-In Crosswalk,Intersection,Dark-Lighted,Not Collision with Motor Vehicle in Transport,Pedestrian,1,True,,,,,,,119.7233311976663,EXCHANGE AVE,0.565126252385457,30.0,2,B,MEMPHIS,SHELBY,6544,0.565126252385457,City of Memphis,city_residual,city: no state-route overlap,EXCHANGE AVE,False,False,False,City of Memphis
300922709,2023-11-09,2023-11-09 18:20:00,2023,11,Thursday,18,35.136204,-90.016266,Suspected Minor Injury,Pedestrian,Intersection-On Roadway not in Crosswalk,Intersection,Dark-Lighted,Not Collision with Motor Vehicle in Transport,Pedestrian,1,True,,,,,,,70.51544182555966,ALLEY,29.705336399717176,25.0,1,B,MEMPHIS,SHELBY,267,29.705336399752813,City of Memphis,city_residual,city: no state-route overlap,ALLEY,False,False,False,City of Memphis
300920103,2023-10-27,2023-10-27 22:00:00,2023,10,Friday,22,35.018356,-90.06777,Suspected Serious Injury,Pedestrian,Not Intersection-On Roadway Crosswalk not Available,"Driveway, Alley Access, etc",Dark-Lighted,Not Collision with Motor Vehicle in Transport,Pedestrian,1,True,,,,,,,287.1935151816499,W GEETER RD,26.770476748563905,30.0,2,B,MEMPHIS,SHELBY,72010,26.770476748559243,City of Memphis,city_residual,city: no state-route overlap,W GEETER RD,False,False,False,City of Memphis
300924559,2023-11-18,2023-11-18 19:50:00,2023,11,Saturday,19,35.035503,-90.090324,Possible Injury,Pedestrian,Intersection-On Roadway Crosswalk availability Unknown,Intersection,Dawn,Not Collision with Motor Vehicle in Transport,Pedestrian,1,True,,,,,,,1209.3255479372792,W RAINES RD,41.85144794264753,40.0,5,B,MEMPHIS,SHELBY,49557,41.851447942898574,City of Memphis,city_residual,city: no state-route overlap,W RAINES RD,False,False,False,City of Memphis
300922763,2023-11-08,2023-11-08 08:15:00,2023,11,Wednesday,8,35.143147,-90.04417,Possible Injury,Pedestrian,Intersection-On Roadway not in Crosswalk,"Driveway, Alley Access, etc",Daylight,Not Collision with Motor Vehicle in Transport,Pedestrian,1,True,S DANNY THOMAS BLVD,Principal Arterial,35.0,2.0,1,6.0,2.6948324263141448,MADISON AVE,0.0229799369022608,35.0,4,B,MEMPHIS,SHELBY,50307,0.022979935511490537,City of Memphis,city_residual,city: no state-route overlap,MADISON AVE,False,False,True,City of Memphis
300924350,2023-11-17,2023-11-17 19:00:00,2023,11,Friday,19,35.083065,-89.93171,Possible Injury,Pedestrian,Intersection-Not on Roadway,Intersection-Related,Dark-Lighted,Not Collision with Motor Vehicle in Transport,Pedestrian,1,True,,,,,,,288.9813946539055,GETWELL RD,41.04552473580102,40.0,7,B,MEMPHIS,SHELBY,53672,41.045524735788455,City of Memphis,city_residual,city: no state-route overlap,GETWELL RD,False,False,False,City of Memphis
300922788,2023-11-09,2023-11-09 00:14:00,2023,11,Thursday,0,35.06032,-90.06083,Possible Injury,Pedestrian,Not Intersection-On Roadway Not In Crosswalk,Intersection,Dark-Lighted,Not Collision with Motor Vehicle in Transport,Pedestrian,1,True,,,,,,,121.84819025951022,E ROLLINS RD,31.92495631839188,30.0,2,B,MEMPHIS,SHELBY,72080,31.92495631839188,City of Memphis,city_residual,city: no state-route overlap,E ROLLINS RD,False,False,False,City of Memphis
300920164,2023-10-27,2023-10-27 20:47:00,2023,10,Friday,20,35.073643,-89.90422,Possible Injury,Pedestrian,Not Intersection-On Roadway Not In Crosswalk,Non-Junction,Dark-Lighted,Not Collision with Motor Vehicle in Transport,Pedestrian,1,True,,,,,,,2506.953665554177,AMERICAN WAY,46.40280206527844,45.0,5,B,MEMPHIS,SHELBY,49380,46.40280206386154,City of Memphis,city_residual,city: no state-route overlap,AMERICAN WAY,False,False,False,City of Memphis
300918339,2023-10-18,2023-10-18 15:52:00,2023,10,Wednesday,15,35.13079,-90.02165,Possible Injury,Pedestrian,Intersection-On Roadway not in Crosswalk,Intersection,Daylight,Not Collision with Motor Vehicle in Transport,Pedestrian,1,True,,,,,,,65.69058224710349,S BELLEVUE BLVD,66.24547213259919,35.0,4,B,MEMPHIS,SHELBY,46753,66.24547213259919,TDOT state route,state_route_overlap,"state route: 100% overlap, name=S BELLEVUE",S BELLEVUE BLVD,False,False,False,TDOT state route
300924868,2023-11-20,2023-11-20 12:30:00,2023,11,Monday,12,35.084736,-89.98446,Possible Injury,Pedestrian,Not Intersection-On Roadway Not In Crosswalk,Non-Junction,Daylight,Not Collision with Motor Vehicle in Transport,Pedestrian,1,True,,,,,,,1732.1657577649394,DWIGHT RD,1.6822335980467913,35.0,2,B,MEMPHIS,SHELBY,73482,1.6822335980467913,City of Memphis,city_residual,city: no state-route overlap,DWIGHT RD,False,False,False,City of Memphis
300922220,2023-11-07,2023-11-07 15:48:00,2023,11,Tuesday,15,35.21583,-89.92238,Possible Injury,Pedestrian,Intersection-On Roadway Crosswalk Not Available,Intersection,Daylight,Not Collision with Motor Vehicle in Transport,Pedestrian,1,True,,,,,,,555.990006601053,HANNA DR,23.517808814474417,30.0,2,B,MEMPHIS,SHELBY,28219,23.51780881429649,City of Memphis,city_residual,city: no state-route overlap,HANNA DR,False,False,False,City of Memphis
300927745,2023-12-04,2023-12-04 15:43:00,2023,12,Monday,15,35.09624,-89.85845,Possible Injury,Pedestrian,Not Intersection-On Roadway Not In Crosswalk,Non-Junction,Daylight,Not Collision with Motor Vehicle in Transport,Pedestrian,1,True,,,,,,,596.0702313083611,RIDGEWAY RD,8.557079077231636,40.0,7,B,MEMPHIS,SHELBY,52875,8.557079077231636,City of Memphis,city_residual,city: no state-route overlap,RIDGEWAY RD,False,False,False,City of Memphis