MstrRecNbrTxt,CollisionDate,CollisionDteTime,YearNmb,Month,DayOfWeek,Hour,Latitude,Longitude,InjuryClass,PersonType,NonMotoristLocation,RelationToJunction,LightCondition,MannerOfCollision,FirstHarmfulEvent,VictimsInCrash,InMemphis,StateRoute_NAME,StateRoute_F_System,StateRoute_SPDLIMIT,StateRoute_LANES,StateRoute_ALTNAME_1,StateRoute_Council_District,DistToStateRoute_m,Street_Name,DistToStreet_m,Street_SPDLIMIT,Street_LANES,Street_ONEWAY,Street_CITY_L,Street_COUNTY_L,Seg_OBJECTID,DistToSeg_m,Ownership,Rule_Fired,Classification_Basis,Matched_Street,is_limited_access,is_override,is_corner_case,Jurisdiction_prev
300929339,2023-12-11,2023-12-11 07:40:00,2023,12,Monday,7,35.210182,-90.02313,Possible Injury,Pedestrian,Not Intersection-On Roadway Not In Crosswalk,Non-Junction,Dusk,Not Collision with Motor Vehicle in Transport,Pedestrian,1,True,,,,,,,847.7697455204042,DELLWOOD AVE,0.53544591821906,35.0,2,B,MEMPHIS,SHELBY,2690,0.53544591821906,City of Memphis,city_residual,city: no state-route overlap,DELLWOOD AVE,False,False,False,City of Memphis
300927753,2023-12-03,2023-12-03 20:50:00,2023,12,Sunday,20,35.10837,-90.02629,No Injury,Pedestrian,Not Intersection-Outside Traffic,Intersection-Related,Dark-Not Lighted,Angle,Other,1,True,,,,,,,432.2892843387012,ENGLEWOOD ST,18.002966116274457,25.0,2,B,MEMPHIS,SHELBY,82351,18.002966116274457,City of Memphis,city_residual,city: no state-route overlap,ENGLEWOOD ST,False,False,False,City of Memphis
300927756,2023-12-04,2023-12-04 17:30:00,2023,12,Monday,17,35.02604,-90.00751,Possible Injury,Pedestrian,Intersection-On Roadway not in Crosswalk,Non-Junction,Dusk,Not Collision with Motor Vehicle in Transport,Pedestrian,1,True,,,,,,,551.6889749719535,MILLBRANCH RD,1.1351826930452655,40.0,4,B,MEMPHIS,SHELBY,49772,1.1351826930556943,City of Memphis,city_residual,city: no state-route overlap,MILLBRANCH RD,False,False,False,City of Memphis
300926936,2023-11-30,2023-11-30 08:10:00,2023,11,Thursday,8,35.035538,-90.023155,Possible Injury,Pedestrian,Intersection-On Roadway not in Crosswalk,Non-Junction,Daylight,Not Collision with Motor Vehicle in Transport,Pedestrian,1,True,,,,,,,183.26490622025744,E RAINES RD,1.9223949159374376,40.0,5,B,MEMPHIS,SHELBY,49723,1.922394916068038,City of Memphis,city_residual,city: no state-route overlap,E RAINES RD,False,False,False,City of Memphis
300926168,2023-11-27,2023-11-27 08:53:00,2023,11,Monday,8,35.141293,-90.01636,Possible Injury,Pedestrian,Intersection-In Crosswalk,Intersection,Daylight,Not Collision with Motor Vehicle in Transport,Pedestrian,1,True,,,,,,,488.725512612909,N CLEVELAND ST,29.2277131372257,35.0,4,B,MEMPHIS,SHELBY,81001,29.22771313800663,City of Memphis,city_residual,city: no state-route overlap,N CLEVELAND ST,False,False,False,City of Memphis
300926462,2023-11-28,2023-11-28 17:05:00,2023,11,Tuesday,17,35.020824,-90.04911,Possible Injury,Pedestrian,Intersection-On Roadway Crosswalk Not Available,Intersection-Related,Dark-Not Lighted,Not Collision with Motor Vehicle in Transport,Pedestrian,1,True,E SHELBY DR,Minor Arterial,45.0,5.0,175,6.0,4.00799848927666,E SHELBY DR,0.632746904909872,45.0,5,B,MEMPHIS,SHELBY,49678,0.6327469038080792,TDOT state route,state_route_overlap,"state route: 100% overlap, name=E SHELBY",E SHELBY DR,False,False,False,TDOT state route
300911569,2023-09-14,2023-09-14 08:00:00,2023,9,Thursday,8,35.16373,-90.0367,Fatal,Pedestrian,Not Intersection-Outside Traffic,Intersection,Daylight,Not Collision with Motor Vehicle in Transport,Other,1,True,THOMAS ST,Principal Arterial,35.0,5.0,3,7.0,1.924310776459004,CHELSEA AVE,0.0724008145645172,35.0,5,B,MEMPHIS,SHELBY,50347,0.07240081451948059,TDOT state route,state_route_overlap,"state route: 100% overlap, name=CHELSEA",CHELSEA AVE,False,False,False,TDOT state route
300928921,2023-12-10,2023-12-10 09:30:00,2023,12,Sunday,9,35.145313,-90.03447,Possible Injury,Pedestrian,Intersection-Unknown,Intersection,Daylight,Not Collision with Motor Vehicle in Transport,Pedestrian,1,True,,,,,,,732.22829977973,N MANASSAS ST,39.458731061351294,30.0,4,B,MEMPHIS,SHELBY,80711,39.458731060958236,City of Memphis,city_residual,city: no state-route overlap,N MANASSAS ST,False,False,False,City of Memphis
300925848,2023-11-25,2023-11-25 01:56:00,2023,11,Saturday,1,35.13684,-90.01668,Suspected Minor Injury,Pedestrian,Intersection-Unknown,Non-Junction,Dark-Not Lighted,Not Collision with Motor Vehicle in Transport,Pedestrian,1,True,UNION AVE,Principal Arterial,35.0,6.0,23,6.0,5.167134976568865,UNION AVE,0.585222463273447,35.0,6,B,MEMPHIS,SHELBY,48098,0.5852224632386966,TDOT state route,state_route_overlap,"state route: 100% overlap, name=UNION",UNION AVE,False,False,False,TDOT state route
300927352,2023-12-02,2023-12-02 18:00:00,2023,12,Saturday,18,35.091293,-90.076,Suspected Serious Injury,Pedestrian,Not Intersection-On Roadway Crosswalk not Available,"Driveway, Alley Access, etc",Dark-Lighted,Not Collision with Motor Vehicle in Transport,Pedestrian,1,True,,,,,,,1791.5246417648054,RIVERSIDE BLVD,20.21903780463357,35.0,2,B,MEMPHIS,SHELBY,8010,20.219037804509885,City of Memphis,city_residual,city: no state-route overlap,RIVERSIDE BLVD,False,False,False,City of Memphis
300925131,2023-11-20,2023-11-20 18:23:00,2023,11,Monday,18,35.184135,-89.92008,Suspected Serious Injury,Pedestrian,Not Intersection-On Roadway Not In Crosswalk,Non-Junction,Dark-Lighted,Not Collision with Motor Vehicle in Transport,Pedestrian,1,True,,,,,,,901.9042639485684,DAVIS CIR,26.02925678855238,30.0,2,B,MEMPHIS,SHELBY,9174,26.029256788112185,City of Memphis,city_residual,city: no state-route overlap,DAVIS CIR,False,False,False,City of Memphis
300922063,2023-11-06,2023-11-06 09:45:00,2023,11,Monday,9,35.046616,-90.01205,No Injury,Pedestrian,Intersection-Not on Roadway,Non-Junction,Daylight,Not Collision with Motor Vehicle in Transport,Other,1,True,,,,,,,1191.59655419426,LEHR DR,4.460657630514634,35.0,2,B,MEMPHIS,SHELBY,27523,4.460657630514634,City of Memphis,city_residual,city: no state-route overlap,LEHR DR,False,False,False,City of Memphis
300905908,2023-08-19,2023-08-19 01:18:00,2023,8,Saturday,1,35.07087,-89.90529,Fatal,Pedestrian,Not Intersection-On Roadway Crosswalk Availability Unknown,Intersection-Related,Dark-Lighted,Not Collision with Motor Vehicle in Transport,Pedestrian,1,True,,,,,,,2433.368811448551,S PERKINS RD,18.12866974563008,40.0,7,B,MEMPHIS,SHELBY,51872,18.128669745630077,City of Memphis,city_residual,city: no state-route overlap,S PERKINS RD,False,False,False,City of Memphis
300927444,2023-12-01,2023-12-01 00:00:00,2023,12,Friday,99,35.13684,-90.01668,Possible Injury,Pedestrian,Intersection-In Crosswalk,Intersection,Unknown,Not Collision with Motor Vehicle in Transport,Pedestrian,1,True,UNION AVE,Principal Arterial,35.0,6.0,23,6.0,5.167134976568865,UNION AVE,0.585222463273447,35.0,6,B,MEMPHIS,SHELBY,48098,0.5852224632386966,TDOT state route,state_route_overlap,"state route: 100% overlap, name=UNION",UNION AVE,False,False,False,TDOT state route
300925897,2023-11-24,2023-11-24 21:00:00,2023,11,Friday,21,35.128716,-90.02108,Suspected Minor Injury,Pedestrian,Intersection-In Crosswalk,Intersection,Dark-Lighted,Not Collision with Motor Vehicle in Transport,Pedestrian,1,True,S BELLEVUE BLVD,Minor Arterial,35.0,4.0,3,6.0,0.1613578382113724,LAMAR AVE,0.364993029068438,40.0,7,B,MEMPHIS,SHELBY,47391,0.3649930302199551,TDOT state route,state_route_overlap,"state route: 100% overlap, name=LAMAR",LAMAR AVE,False,False,False,TDOT state route
300945569,2024-03-06,2024-03-06 19:00:00,2024,3,Wednesday,19,35.13337,-89.96339,Possible Injury,Pedestrian,Not Intersection-On Roadway Not In Crosswalk,Non-Junction,Dark-Lighted,Not Collision with Motor Vehicle in Transport,Pedestrian,1,True,POPLAR AVE,Principal Arterial,40.0,7.0,57,5.0,4.716625327566114,POPLAR AVE,0.560589018528974,40.0,7,B,MEMPHIS,SHELBY,47004,0.560589018528974,TDOT state route,state_route_overlap,"state route: 100% overlap, name=POPLAR",POPLAR AVE,False,False,False,TDOT state route
300944713,2024-03-06,2024-03-06 14:44:00,2024,3,Wednesday,14,35.03486,-89.86643,Possible Injury,Pedestrian,Not Intersection-On Roadway Not In Crosswalk,Non-Junction,Daylight,Not Collision with Motor Vehicle in Transport,Pedestrian,1,True,,,,,,,1604.4206166412694,E RAINES RD,0.1875011714317994,45.0,7,B,MEMPHIS,SHELBY,51726,0.18750116861418203,City of Memphis,city_residual,city: no state-route overlap,E RAINES RD,False,False,False,City of Memphis
300946427,2024-03-16,2024-03-16 18:05:00,2024,3,Saturday,18,35.131176,-89.94599,Possible Injury,Pedestrian,Intersection-Not on Roadway,Non-Junction,Dawn,Not Collision with Motor Vehicle in Transport,Pedestrian,1,True,,,,,,,95.7360951912625,S HIGHLAND ST,80.90290903881785,40.0,5,B,MEMPHIS,SHELBY,53630,80.90290904058938,City of Memphis,city_residual,city: no state-route overlap,S HIGHLAND ST,False,False,False,City of Memphis
300943138,2024-02-26,2024-02-26 03:00:00,2024,2,Monday,3,35.14826,-90.043564,Suspected Serious Injury,Pedestrian,Intersection-In Crosswalk,Non-Junction,Unknown,Not Collision with Motor Vehicle in Transport,Pedestrian,1,True,N DANNY THOMAS BLVD,Principal Arterial,35.0,7.0,1,7.0,1.394637586416222,POPLAR AVE,0.1784069825667112,35.0,5,B,MEMPHIS,SHELBY,50319,0.17840698527521762,City of Memphis,city_residual,city: no state-route overlap,POPLAR AVE,False,False,False,City of Memphis
300943609,2024-02-28,2024-02-28 11:58:00,2024,2,Wednesday,11,35.146214,-90.04428,Possible Injury,Pedestrian,Intersection-On Roadway not in Crosswalk,Intersection-Related,Daylight,Not Collision with Motor Vehicle in Transport,Pedestrian,1,True,N DANNY THOMAS BLVD,Principal Arterial,35.0,7.0,1,7.0,0.0999569035118134,ADAMS AVE,0.3236714706540734,30.0,2,B,MEMPHIS,SHELBY,3399,0.3236714720026071,City of Memphis,city_residual,city: no state-route overlap,ADAMS AVE,False,False,True,City of Memphis
300944086,2024-03-02,2024-03-02 16:05:00,2024,3,Saturday,16,35.13793,-90.031555,Suspected Minor Injury,Pedestrian,Not Intersection-On Roadway Not In Crosswalk,Non-Junction,Daylight,Not Collision with Motor Vehicle in Transport,Pedestrian,1,True,,,,,,,49.20245343686932,UNION AVE,44.6440201575137,35.0,6,B,MEMPHIS,SHELBY,46704,44.6440201571574,TDOT state route,state_route_overlap,"state route: 100% overlap, name=UNION",UNION AVE,False,False,False,TDOT state route
300944271,2024-03-03,2024-03-03 03:00:00,2024,3,Sunday,3,35.140358,-90.05173,Suspected Serious Injury,Pedestrian,Intersection-Unknown,Non-Junction,Dark-Lighted,Not Collision with Motor Vehicle in Transport,Pedestrian,1,True,S THIRD ST,Minor Arterial,35.0,3.0,14,6.0,0.3220582526787811,PEABODY PL,0.5394471709462352,30.0,4,B,MEMPHIS,SHELBY,55057,0.5394471709462352,City of Memphis,city_residual,city: no state-route overlap,PEABODY PL,False,False,True,City of Memphis
300942946,2024-02-19,2024-02-19 18:26:00,2024,2,Monday,18,35.1347,-89.98194,Suspected Serious Injury,Pedestrian,Intersection-On Roadway not in Crosswalk,Intersection-Related,Daylight,Not Collision with Motor Vehicle in Transport,Pedestrian,1,True,,,,,,,132.69016219471322,PATRICIA DR,114.93270556490468,30.0,2,B,MEMPHIS,SHELBY,29409,114.93270556490467,City of Memphis,city_residual,city: no state-route overlap,PATRICIA DR,False,False,False,City of Memphis
300922820,2023-11-09,2023-11-09 17:14:00,2023,11,Thursday,17,35.10725,-89.9874,Suspected Serious Injury,Pedestrian,Not Intersection-On Roadway Not In Crosswalk,AccelDecelLane,Dark-Lighted,Not Collision with Motor Vehicle in Transport,Pedestrian,1,True,LAMAR AVE,Principal Arterial,40.0,5.0,4,4.0,4.844639429684199,LAMAR AVE,6.903895782513437,40.0,5,B,MEMPHIS,SHELBY,46915,6.903895782513437,TDOT state route,state_route_overlap,"state route: 100% overlap, name=LAMAR",LAMAR AVE,False,False,False,TDOT state route
300946022,2024-03-14,2024-03-14 06:30:00,2024,3,Thursday,6,35.13608,-90.0245,Suspected Serious Injury,Pedestrian,Not Intersection-On Roadway Crosswalk Availability Unknown,AccelDecelLane,Dawn,Not Collision with Motor Vehicle in Transport,Pedestrian,1,True,,,,,,,174.69288330203923,EASTMORELAND AVE,0.4268931970007385,30.0,2,B,MEMPHIS,SHELBY,6741,0.42689319557024924,City of Memphis,city_residual,city: no state-route overlap,EASTMORELAND AVE,False,False,False,City of Memphis
300942758,2024-02-24,2024-02-24 08:29:00,2024,2,Saturday,8,35.065323,-90.072075,Possible Injury,Pedestrian,Intersection-Unknown,Intersection,Daylight,Not Collision with Motor Vehicle in Transport,Pedestrian,1,True,,,,,,,1190.320105631597,FLYNN RD,31.35916470441561,30.0,2,B,MEMPHIS,SHELBY,72006,31.35916470583962,City of Memphis,city_residual,city: no state-route overlap,FLYNN RD,False,False,False,City of Memphis
300946093,2024-03-14,2024-03-14 13:30:00,2024,3,Thursday,13,35.05282,-90.00772,Suspected Serious Injury,Pedestrian,Not Intersection-Other Not On Roadway,Non-Junction,Daylight,Not Collision with Motor Vehicle in Transport,Pedestrian,1,True,,,,,,,1580.0668840325095,MILLBRANCH RD,24.248657962351214,40.0,4,B,MEMPHIS,SHELBY,49793,24.2486579623777,City of Memphis,city_residual,city: no state-route overlap,MILLBRANCH RD,False,False,False,City of Memphis
300943004,2024-02-25,2024-02-25 21:08:00,2024,2,Sunday,21,35.153065,-89.883156,Possible Injury,Pedestrian,Not Intersection-On Roadway Not In Crosswalk,Non-Junction,Dark-Lighted,Angle,Other,2,True,,,,,,,372.22162486753086,SAM COOPER BLVD W,1.6481511550829215,65.0,2,TF,MEMPHIS,SHELBY,39690,1.6481511554650905,Limited-access (TDOT),limited_access_override,limited-access override: Sam Cooper Blvd W,SAM COOPER BLVD W,True,True,False,City of Memphis
300946316,2024-03-16,2024-03-16 00:30:00,2024,3,Saturday,0,35.17286,-90.036,Suspected Serious Injury,Pedestrian,Not Intersection-On Roadway Not In Crosswalk,Intersection-Related,Dark-Not Lighted,Not Collision with Motor Vehicle in Transport,Pedestrian,1,True,THOMAS ST,Minor Arterial,35.0,4.0,3,7.0,0.1079038746287813,MARBLE AVE,0.0141789623981717,30.0,2,B,MEMPHIS,SHELBY,3577,0.014178960990664418,City of Memphis,city_residual,city: no state-route overlap,MARBLE AVE,False,False,False,City of Memphis
300943009,2024-02-25,2024-02-25 18:51:00,2024,2,Sunday,18,35.066006,-89.912094,Possible Injury,Pedestrian,Not Intersection-Other Not On Roadway,"Driveway, Alley Access, etc",Dark-Lighted,Not Collision with Motor Vehicle in Transport,Pedestrian,1,True,,,,,,,1801.8772442394704,MEADOWS LN,15.91936108473337,30.0,2,B,MEMPHIS,SHELBY,41957,15.919361084992401,City of Memphis,city_residual,city: no state-route overlap,MEADOWS LN,False,False,False,City of Memphis
300902280,2023-08-01,2023-08-01 00:00:00,2023,8,Tuesday,0,35.021023,-90.00268,Fatal,Pedestrian,Not Intersection-On Roadway Crosswalk not Available,Non-Junction,Dark-Lighted,Angle,Other,1,True,E SHELBY DR,,40.0,7.0,175,3.0,4.94990160948917,E SHELBY DR,0.2618931729026986,40.0,7,B,MEMPHIS,SHELBY,48145,0.2618931742681243,TDOT state route,state_route_overlap,"state route: 100% overlap, name=E SHELBY",E SHELBY DR,False,False,False,TDOT state route
300942814,2024-02-23,2024-02-23 14:40:00,2024,2,Friday,14,35.204502,-89.79206,Suspected Minor Injury,Pedestrian,Not Intersection-On Roadway Not In Crosswalk,Intersection,Daylight,Not Collision with Motor Vehicle in Transport,Pedestrian,1,True,N GERMANTOWN PKWY,Principal Arterial,45.0,7.0,177,1.0,0.0834361809957411,N GERMANTOWN PKWY,0.2520866061966679,45.0,7,B,MEMPHIS,SHELBY,48484,0.2520866062122356,TDOT state route,state_route_overlap,"state route: 100% overlap, name=N GERMANTOWN",N GERMANTOWN PKWY,False,False,False,TDOT state route
300942827,2024-02-24,2024-02-24 17:35:00,2024,2,Saturday,17,35.090954,-89.9167,Possible Injury,Pedestrian,Not Intersection-On Roadway Not In Crosswalk,Non-Junction,Daylight,Not Collision with Motor Vehicle in Transport,Pedestrian,1,True,,,,,,,1767.3599265627868,CHERRY RD,0.0599327529073484,40.0,4,B,MEMPHIS,SHELBY,74069,0.05993275290734844,City of Memphis,city_residual,city: no state-route overlap,CHERRY RD,False,False,False,City of Memphis
300944418,2024-03-04,2024-03-04 18:58:00,2024,3,Monday,18,35.07585,-89.93103,Possible Injury,Pedestrian,Not Intersection-On Roadway Not In Crosswalk,AccelDecelLane,Dark-Lighted,Not Collision with Motor Vehicle in Transport,Pedestrian,1,True,,,,,,,49.91964123275287,GETWELL RD,50.24153739232893,40.0,7,B,MEMPHIS,SHELBY,47387,50.241537392313994,TDOT state route,state_route_overlap,"state route: 100% overlap, name=GETWELL",GETWELL RD,False,False,False,TDOT state route
300943527,2024-02-28,2024-02-28 15:39:00,2024,2,Wednesday,15,35.19523,-89.83642,Possible Injury,Pedestrian,Not Intersection-On Roadway Not In Crosswalk,Non-Junction,Daylight,Not Collision with Motor Vehicle in Transport,Pedestrian,1,True,,,,,,,1047.6951110562966,REESE RD,0.097033155196534,30.0,2,B,MEMPHIS,SHELBY,77124,0.09703315512145945,City of Memphis,city_residual,city: no state-route overlap,REESE RD,False,False,False,City of Memphis
300945667,2024-03-11,2024-03-11 21:45:00,2024,3,Monday,21,35.061985,-89.8891,Suspected Minor Injury,Pedestrian,Not Intersection-Other Not On Roadway,Intersection-Related,Dark-Lighted,Unknown,Other,1,True,,,,,,,2408.058818383831,KNIGHT ARNOLD RD,0.1302697661176117,40.0,4,B,MEMPHIS,SHELBY,49395,0.13026976471357057,City of Memphis,city_residual,city: no state-route overlap,KNIGHT ARNOLD RD,False,False,False,City of Memphis
300944655,2024-03-06,2024-03-06 05:45:00,2024,3,Wednesday,5,35.072372,-89.863434,Possible Injury,Pedestrian,Intersection-On Roadway not in Crosswalk,AccelDecelLane,Dark-Not Lighted,Not Collision with Motor Vehicle in Transport,Pedestrian,1,True,,,,,,,332.0053824944714,MOUNT MORIAH ROAD EXT,0.3108306440733531,40.0,7,B,MEMPHIS,SHELBY,53467,0.3108306415541706,City of Memphis,city_residual,city: no state-route overlap,MOUNT MORIAH ROAD EXT,False,False,False,City of Memphis
300907355,2023-08-26,2023-08-26 20:48:00,2023,8,Saturday,20,35.046978,-89.954636,Fatal,Pedestrian,Not Intersection-On Roadway Crosswalk not Available,Intersection,Dark-Lighted,Not Collision with Motor Vehicle in Transport,Pedestrian,1,True,,,,,,,1734.8403085107884,NEW TCHULAHOMA RD,12.667910536309236,45.0,4,B,MEMPHIS,SHELBY,77015,12.667910536088568,City of Memphis,city_residual,city: no state-route overlap,NEW TCHULAHOMA RD,False,False,False,City of Memphis
300945491,2024-03-11,2024-03-11 10:55:00,2024,3,Monday,10,35.128063,-90.03553,Possible Injury,Pedestrian,Not Intersection-On Roadway Not In Crosswalk,Intersection,Daylight,Not Collision with Motor Vehicle in Transport,Pedestrian,1,True,,,,,,,35.15636519451827,POLK AVE,14.87967877583438,30.0,2,B,MEMPHIS,SHELBY,3540,14.87967877583438,City of Memphis,city_residual,city: no state-route overlap,POLK AVE,False,False,False,City of Memphis
300945127,2024-03-08,2024-03-08 08:00:00,2024,3,Friday,8,35.143852,-90.03178,Suspected Serious Injury,Pedestrian,Not Intersection-Adjacent to Roadway,"Driveway, Alley Access, etc",Daylight,Not Collision with Motor Vehicle in Transport,Pedestrian,1,True,,,,,,,599.1727206937802,ADAMS AVE,44.565776431157225,30.0,2,B,MEMPHIS,SHELBY,3598,44.565776431395335,City of Memphis,city_residual,city: no state-route overlap,ADAMS AVE,False,False,False,City of Memphis
300946567,2024-03-17,2024-03-17 11:30:00,2024,3,Sunday,11,35.035637,-90.098495,Possible Injury,Pedestrian,Not Intersection-In Crosswalk,Intersection,Daylight,Not Collision with Motor Vehicle in Transport,Pedestrian,1,True,,,,,,,1793.9492922721613,W RAINES RD,32.121995409766384,35.0,5,B,MEMPHIS,SHELBY,49555,32.12199540746994,City of Memphis,city_residual,city: no state-route overlap,W RAINES RD,False,False,False,City of Memphis
300902266,2023-08-01,2023-08-01 21:39:00,2023,8,Tuesday,21,35.148746,-89.91827,Fatal,Pedestrian,Not Intersection-On Roadway Crosswalk not Available,Non-Junction,Dark-Lighted,Not Collision with Motor Vehicle in Transport,Pedestrian,1,True,SUMMER AVE,Principal Arterial,40.0,7.0,1,5.0,25.02905419108001,SUMMER AVE,20.373133134913783,40.0,7,B,MEMPHIS,SHELBY,47100,20.37313313416385,TDOT state route,state_route_overlap,"state route: 100% overlap, name=SUMMER",SUMMER AVE,False,False,False,TDOT state route
300943341,2024-02-27,2024-02-27 18:40:00,2024,2,Tuesday,18,35.035255,-90.02121,Suspected Serious Injury,Pedestrian,Not Intersection-On Roadway Not In Crosswalk,AccelDecelLane,Dusk,Not Collision with Motor Vehicle in Transport,Pedestrian,1,True,,,,,,,360.8950575981816,E RAINES RD,29.664838032338704,40.0,5,B,MEMPHIS,SHELBY,49728,29.664838032185806,City of Memphis,city_residual,city: no state-route overlap,E RAINES RD,False,False,False,City of Memphis
300944004,2024-03-02,2024-03-02 13:28:00,2024,3,Saturday,13,35.024364,-89.950165,Possible Injury,Pedestrian,Not Intersection-On Roadway Not In Crosswalk,AccelDecelLane,Daylight,Not Collision with Motor Vehicle in Transport,Pedestrian,1,True,,,,,,,398.9423135647328,PINEY WOODS AVE,22.09868061414508,30.0,2,B,MEMPHIS,SHELBY,2053,22.098680614447385,City of Memphis,city_residual,city: no state-route overlap,PINEY WOODS AVE,False,False,False,City of Memphis
300942671,2024-02-23,2024-02-23 19:50:00,2024,2,Friday,19,35.14073,-90.05319,Possible Injury,Pedestrian,Intersection-In Crosswalk,Intersection-Related,Dark-Lighted,Not Collision with Motor Vehicle in Transport,Pedestrian,1,True,S SECOND ST,Minor Arterial,35.0,3.0,14,6.0,1.877387736419108,S SECOND ST,0.0884718064734376,35.0,3,FT,MEMPHIS,SHELBY,50271,0.08847180646824276,TDOT state route,state_route_overlap,"state route: 100% overlap, name=S SECOND",S SECOND ST,False,False,False,TDOT state route
300889787,2023-05-28,2023-05-28 22:49:00,2023,5,Sunday,22,34.995293,-89.87912,Fatal,Pedestrian,Not Intersection-Adjacent to Roadway,Non-Junction,Dark-Not Lighted,Angle,Other,1,True,LAMAR AVE,Principal Arterial,55.0,2.0,4,3.0,7.601254283615757,LAMAR AVE,5.30369268658585,55.0,2,TF,MEMPHIS,SHELBY,47519,5.303692685940623,TDOT state route,state_route_overlap,"state route: 100% overlap, name=LAMAR",LAMAR AVE,False,False,False,TDOT state route
300949538,2024-04-02,2024-04-02 06:25:00,2024,4,Tuesday,6,35.09345,-89.94938,Suspected Serious Injury,Pedestrian,Not Intersection-On Roadway Not In Crosswalk,Non-Junction,Dark-Lighted,Not Collision with Motor Vehicle in Transport,Pedestrian,1,True,,,,,,,1424.5591819446288,PRESCOTT RD,0.6260938598497995,40.0,4,B,MEMPHIS,SHELBY,51163,0.6260938598497995,City of Memphis,city_residual,city: no state-route overlap,PRESCOTT RD,False,False,False,City of Memphis
300949005,2024-03-30,2024-03-30 21:13:00,2024,3,Saturday,21,35.197906,-89.905525,Fatal,Pedestrian,Not Intersection-On Roadway Not In Crosswalk,Non-Junction,Dark-Not Lighted,Not Collision with Motor Vehicle in Transport,Pedestrian,1,True,,,,,,,927.80085350539,COURTNEY DR,26.0818509425056,30.0,2,B,MEMPHIS,SHELBY,28342,26.08185094266767,City of Memphis,city_residual,city: no state-route overlap,COURTNEY DR,False,False,False,City of Memphis
300950729,2024-04-06,2024-04-06 01:00:00,2024,4,Saturday,1,35.170456,-90.01853,Suspected Serious Injury,Pedestrian,Intersection-On Roadway not in Crosswalk,AccelDecelLane,Dark-Lighted,Not Collision with Motor Vehicle in Transport,Pedestrian,1,True,,,,,,,1314.5835570188535,CHELSEA AVE,0.0869480117255569,40.0,6,B,MEMPHIS,SHELBY,52430,0.08694801426082768,City of Memphis,city_residual,city: no state-route overlap,CHELSEA AVE,False,False,False,City of Memphis
300949183,2024-03-31,2024-03-31 15:50:00,2024,3,Sunday,15,35.047066,-90.0831,Possible Injury,Pedestrian,Not Intersection-On Roadway Not In Crosswalk,Intersection,Daylight,Not Collision with Motor Vehicle in Transport,Pedestrian,1,True,,,,,,,1515.745915311768,DEERSKIN DR,2.174849592684856,30.0,2,B,MEMPHIS,SHELBY,35357,2.1748495944828186,City of Memphis,city_residual,city: no state-route overlap,DEERSKIN DR,False,False,False,City of Memphis
300927411,2023-12-02,2023-12-02 18:00:00,2023,12,Saturday,18,35.21997,-89.97506,Suspected Serious Injury,Pedestrian,Not Intersection-On Roadway Not In Crosswalk,Non-Junction,Dark-Lighted,Not Collision with Motor Vehicle in Transport,Pedestrian,1,True,,,,,,,3940.917650490673,RANGE LINE RD,42.22943878907444,40.0,4,B,MEMPHIS,SHELBY,49931,42.22943878907842,City of Memphis,city_residual,city: no state-route overlap,RANGE LINE RD,False,False,False,City of Memphis
300948828,2024-03-29,2024-03-29 16:20:00,2024,3,Friday,16,35.21044,-90.02334,No Injury,Pedestrian,Not Intersection-Adjacent to Roadway,Non-Junction,Daylight,Not Collision with Motor Vehicle in Transport,Pedestrian,1,True,,,,,,,824.3737243837344,DELLWOOD AVE,24.716654777110083,35.0,2,B,MEMPHIS,SHELBY,2690,24.716654777110083,City of Memphis,city_residual,city: no state-route overlap,DELLWOOD AVE,False,False,False,City of Memphis
300952277,2024-04-16,2024-04-16 18:07:00,2024,4,Tuesday,18,35.030243,-90.09917,No Injury,Pedestrian,Intersection-Not on Roadway,Non-Junction,Daylight,Not Collision with Motor Vehicle in Transport,Other,1,True,,,,,,,1461.6047759957728,WESTERN PARK DR,0.2455336172068577,30.0,2,B,MEMPHIS,SHELBY,26995,0.24553361720685773,City of Memphis,city_residual,city: no state-route overlap,WESTERN PARK DR,False,False,False,City of Memphis
300951092,2024-04-01,2024-04-01 15:00:00,2024,4,Monday,15,35.12923,-90.02928,Possible Injury,Pedestrian,Intersection-Unknown,Non-Junction,Daylight,Not Collision with Motor Vehicle in Transport,Pedestrian,1,True,,,,,,,288.2002214868341,DUDLEY ST,0.0541871950397245,30.0,2,B,MEMPHIS,SHELBY,84402,0.05418719496731594,City of Memphis,city_residual,city: no state-route overlap,DUDLEY ST,False,False,False,City of Memphis