MstrRecNbrTxt,CollisionDate,CollisionDteTime,YearNmb,Month,DayOfWeek,Hour,Latitude,Longitude,InjuryClass,PersonType,NonMotoristLocation,RelationToJunction,LightCondition,MannerOfCollision,FirstHarmfulEvent,VictimsInCrash,InMemphis,StateRoute_NAME,StateRoute_F_System,StateRoute_SPDLIMIT,StateRoute_LANES,StateRoute_ALTNAME_1,StateRoute_Council_District,DistToStateRoute_m,Street_Name,DistToStreet_m,Street_SPDLIMIT,Street_LANES,Street_ONEWAY,Street_CITY_L,Street_COUNTY_L,Seg_OBJECTID,DistToSeg_m,Ownership,Rule_Fired,Classification_Basis,Matched_Street,is_limited_access,is_override,is_corner_case,Jurisdiction_prev
300960414,2024-05-31,2024-05-31 23:51:00,2024,5,Friday,23,35.107456,-89.89846,Suspected Minor Injury,Pedestrian,Not Intersection-On Roadway Not In Crosswalk,Non-Junction,Dark-Not Lighted,Not Collision with Motor Vehicle in Transport,Pedestrian,1,True,,,,,,,658.01548992766,IVY RD,26.69306995048614,30.0,2,B,MEMPHIS,SHELBY,74307,26.693069950520655,City of Memphis,city_residual,city: no state-route overlap,IVY RD,False,False,False,City of Memphis
300961356,2024-06-11,2024-06-11 05:30:00,2024,6,Tuesday,5,35.15495,-90.028694,Possible Injury,Pedestrian,Not Intersection-Bike Path,AccelDecelLane,Dark-Lighted,Not Collision with Motor Vehicle in Transport,Pedestrian,1,True,N PARKWAY,Minor Arterial,40.0,2.0,1,7.0,4.905030135899128,N PARKWAY,0.3297022007961568,40.0,2,FT,MEMPHIS,SHELBY,50367,0.3297022007757369,TDOT state route,state_route_overlap,"state route: 100% overlap, name=N PARKWAY",N PARKWAY,False,False,False,TDOT state route
300959674,2024-05-30,2024-05-30 03:18:00,2024,5,Thursday,3,35.172657,-89.95262,Possible Injury,Pedestrian,Not Intersection-On Roadway Crosswalk not Available,Non-Junction,Dark-Lighted,Not Collision with Motor Vehicle in Transport,Pedestrian,1,True,,,,,,,613.0519607116277,WILLIS ST,22.13766239772844,30.0,2,B,MEMPHIS,SHELBY,83042,22.137662397709576,City of Memphis,city_residual,city: no state-route overlap,WILLIS ST,False,False,False,City of Memphis
300959847,2024-06-01,2024-06-01 07:00:00,2024,6,Saturday,7,35.106342,-89.95163,Suspected Serious Injury,Pedestrian,Intersection-On Roadway not in Crosswalk,Unknown,Daylight,Not Collision with Motor Vehicle in Transport,Pedestrian,1,True,,,,,,,2099.427588906793,MOUNT VERNON RD,25.149347869359,30.0,2,B,MEMPHIS,SHELBY,73611,25.14934786942404,City of Memphis,city_residual,city: no state-route overlap,MOUNT VERNON RD,False,False,False,City of Memphis
300962352,2024-06-16,2024-06-16 16:16:00,2024,6,Sunday,16,35.156406,-89.953255,Possible Injury,Pedestrian,Intersection-On Roadway Crosswalk availability Unknown,Intersection,Daylight,Not Collision with Motor Vehicle in Transport,Pedestrian,1,True,,,,,,,730.3580899271649,HUDSON ST,13.485530867094967,30.0,2,B,MEMPHIS,SHELBY,83031,13.485530867002893,City of Memphis,city_residual,city: no state-route overlap,HUDSON ST,False,False,False,City of Memphis
300960434,2024-06-04,2024-06-04 14:25:00,2024,6,Tuesday,14,35.13334,-89.98965,No Injury,Pedestrian,Intersection-On Roadway Crosswalk Not Available,Intersection,Daylight,Not Collision with Motor Vehicle in Transport,Pedestrian,1,True,,,,,,,87.40827556020079,SUMMITT ST,49.8041489073883,30.0,2,B,MEMPHIS,SHELBY,81620,49.80414890741022,City of Memphis,city_residual,city: no state-route overlap,SUMMITT ST,False,False,False,City of Memphis
300959247,2024-05-26,2024-05-26 21:20:00,2024,5,Sunday,21,35.148144,-90.050983,Possible Injury,Pedestrian,Not Intersection-On Roadway Not In Crosswalk,Intersection-Related,Dark-Lighted,Not Collision with Motor Vehicle in Transport,Pedestrian,1,True,,,,,,,62.58078893351033,ADAMS AVE,14.018217100755988,30.0,2,B,MEMPHIS,SHELBY,7330,14.018217101164954,City of Memphis,city_residual,city: no state-route overlap,ADAMS AVE,False,False,False,City of Memphis
300962171,2024-06-15,2024-06-15 21:46:00,2024,6,Saturday,21,35.107765,-90.06345,Suspected Serious Injury,Pedestrian,Not Intersection-On Roadway Not In Crosswalk,AccelDecelLane,Dark-Lighted,Not Collision with Motor Vehicle in Transport,Pedestrian,1,True,,,,,,,740.3069024237479,S PARKWAY W,0.4223415227482172,40.0,5,B,MEMPHIS,SHELBY,50807,0.42234152132731045,City of Memphis,city_residual,city: no state-route overlap,S PARKWAY W,False,False,False,City of Memphis
300961398,2024-06-11,2024-06-11 13:50:00,2024,6,Tuesday,13,35.21275,-90.012535,Possible Injury,Pedestrian,Intersection-In Crosswalk,Unknown,Daylight,Not Collision with Motor Vehicle in Transport,Pedestrian,1,True,,,,,,,1602.3992315500748,SAINT CHARLES DR,34.9088397316188,30.0,2,B,MEMPHIS,SHELBY,27751,34.90883973182329,City of Memphis,city_residual,city: no state-route overlap,SAINT CHARLES DR,False,False,False,City of Memphis
300959487,2024-05-29,2024-05-29 22:00:00,2024,5,Wednesday,22,35.08057,-89.88847,Suspected Serious Injury,Pedestrian,Not Intersection-Bike Path,Non-Junction,Dark-Lighted,Not Collision with Motor Vehicle in Transport,Pedestrian,2,True,,,,,,,1089.0296391084755,AMERICAN WAY,0.1653845232968616,45.0,5,B,MEMPHIS,SHELBY,53604,0.16538452506727747,City of Memphis,city_residual,city: no state-route overlap,AMERICAN WAY,False,False,False,City of Memphis
300960889,2024-06-07,2024-06-07 16:20:00,2024,6,Friday,16,35.181087,-89.97614,Suspected Minor Injury,Pedestrian,Intersection-Not on Roadway,Intersection,Daylight,Angle,Other,1,True,,,,,,,2559.738266078163,HEARD AVE,13.5961607917113,30.0,2,B,MEMPHIS,SHELBY,4488,13.596160791711299,City of Memphis,city_residual,city: no state-route overlap,HEARD AVE,False,False,False,City of Memphis
300958774,2024-05-24,2024-05-24 20:50:00,2024,5,Friday,20,35.1446,-89.93755,Possible Injury,Pedestrian,Intersection-On Roadway Crosswalk Not Available,Intersection,Dark-Lighted,Not Collision with Motor Vehicle in Transport,Pedestrian,1,True,,,,,,,527.79707975221,HIGH POINT TER,18.15872076830397,35.0,2,B,MEMPHIS,SHELBY,84953,18.15872076828367,City of Memphis,city_residual,city: no state-route overlap,HIGH POINT TER,False,False,False,City of Memphis
300954285,2024-04-28,2024-04-28 15:09:00,2024,4,Sunday,15,35.21088,-89.9227,Fatal,Pedestrian,Not Intersection-On Roadway Not In Crosswalk,AccelDecelLane,Daylight,Not Collision with Motor Vehicle in Transport,Pedestrian,1,True,,,,,,,233.5939229236096,RALEIGH MILLINGTON RD,4.039232548065536,40.0,5,B,MEMPHIS,SHELBY,47207,4.039232549396544,City of Memphis,city_residual,city: no state-route overlap,RALEIGH MILLINGTON RD,False,False,False,City of Memphis
300958778,2024-05-24,2024-05-24 11:00:00,2024,5,Friday,11,35.10532,-89.98565,Possible Injury,Pedestrian,Intersection-In Crosswalk,Intersection,Daylight,Not Collision with Motor Vehicle in Transport,Pedestrian,1,True,LAMAR AVE,Principal Arterial,40.0,5.0,4,4.0,4.254219725299092,AIRWAYS BLVD,0.4864485508671597,40.0,7,B,MEMPHIS,SHELBY,51014,0.486448549606732,City of Memphis,city_residual,city: no state-route overlap,AIRWAYS BLVD,False,False,False,City of Memphis
300893540,2023-06-16,2023-06-16 22:00:00,2023,6,Friday,22,35.211483,-89.92317,Fatal,Pedestrian,Intersection-On Roadway Crosswalk Not Available,Intersection,Dark-Lighted,Not Collision with Motor Vehicle in Transport,Pedestrian,1,True,,,,,,,309.8362340343786,RALEIGH MILLINGTON RD,0.826249426320338,40.0,4,B,MEMPHIS,SHELBY,47209,0.8262494277557718,City of Memphis,city_residual,city: no state-route overlap,RALEIGH MILLINGTON RD,False,False,False,City of Memphis
300961068,2024-06-09,2024-06-09 01:30:00,2024,6,Sunday,1,35.136448,-90.012695,Suspected Minor Injury,Pedestrian,Not Intersection-On Roadway Not In Crosswalk,Non-Junction,Unknown,Not Collision with Motor Vehicle in Transport,Pedestrian,1,True,UNION AVE,Principal Arterial,35.0,6.0,23,5.0,3.9798734181752566,UNION AVE,0.6041378308266496,35.0,6,B,MEMPHIS,SHELBY,46785,0.6041378308266496,TDOT state route,state_route_overlap,"state route: 100% overlap, name=UNION",UNION AVE,False,False,False,TDOT state route
300960898,2024-06-07,2024-06-07 19:00:00,2024,6,Friday,19,35.111443,-89.94977,Possible Injury,Pedestrian,Not Intersection-Outside Traffic,Non-Junction,Daylight,Not Collision with Motor Vehicle in Transport,Pedestrian,1,True,,,,,,,1863.5966126236008,CARNES AVE,9.164214717366027,30.0,2,B,MEMPHIS,SHELBY,5645,9.164214716258147,City of Memphis,city_residual,city: no state-route overlap,CARNES AVE,False,False,False,City of Memphis
300960255,2024-06-02,2024-06-02 00:41:00,2024,6,Sunday,0,35.04477,-89.88553,Suspected Minor Injury,Pedestrian,Not Intersection-On Roadway Not In Crosswalk,Non-Junction,Dark-Not Lighted,Not Collision with Motor Vehicle in Transport,Pedestrian,1,True,,,,,,,2513.320435036688,S MENDENHALL RD,37.65037068270065,45.0,7,B,MEMPHIS,SHELBY,51906,37.65037068269577,City of Memphis,city_residual,city: no state-route overlap,S MENDENHALL RD,False,False,False,City of Memphis
300960903,2024-06-04,2024-06-04 16:20:00,2024,6,Tuesday,16,35.14526,-90.03004,Suspected Minor Injury,Pedestrian,Intersection-On Roadway Crosswalk availability Unknown,Intersection,Dark-Lighted,Not Collision with Motor Vehicle in Transport,Pedestrian,2,True,,,,,,,775.1872779235888,N PAULINE ST,0.1415010039831617,30.0,5,B,MEMPHIS,SHELBY,84262,0.1415010039306834,City of Memphis,city_residual,city: no state-route overlap,N PAULINE ST,False,False,False,City of Memphis
300962567,2024-06-18,2024-06-18 21:10:00,2024,6,Tuesday,21,35.202553,-90.02802,Possible Injury,Pedestrian,Not Intersection-On Roadway Not In Crosswalk,Non-Junction,Dark-Not Lighted,Not Collision with Motor Vehicle in Transport,Pedestrian,1,True,,,,,,,544.3116816760381,STAGE AVE,37.71543099547484,45.0,2,B,MEMPHIS,SHELBY,53106,37.71543099547484,City of Memphis,city_residual,city: no state-route overlap,STAGE AVE,False,False,False,City of Memphis
300959889,2024-06-01,2024-06-01 00:00:00,2024,6,Saturday,99,35.17619,-89.93925,Possible Injury,Pedestrian,Intersection-On Roadway Crosswalk Not Available,Intersection,Unknown,Not Collision with Motor Vehicle in Transport,Pedestrian,1,True,JACKSON AVE,Principal Arterial,40.0,6.0,14,7.0,4.6885103381551705,JACKSON AVE,7.76263040678422,40.0,6,B,MEMPHIS,SHELBY,47864,7.762630406687975,TDOT state route,state_route_overlap,"state route: 100% overlap, name=JACKSON",JACKSON AVE,False,False,False,TDOT state route
300958582,2024-05-21,2024-05-21 17:29:00,2024,5,Tuesday,17,35.15053,-90.05213,Possible Injury,Pedestrian,Intersection-In Crosswalk,Intersection,Daylight,Not Collision with Motor Vehicle in Transport,Pedestrian,1,True,,,,,,,243.11022394367305,N FRONT ST,0.3385639994253932,30.0,5,B,MEMPHIS,SHELBY,84205,0.33856399985795665,City of Memphis,city_residual,city: no state-route overlap,N FRONT ST,False,False,False,City of Memphis
300958794,2024-05-24,2024-05-24 18:35:00,2024,5,Friday,18,35.12602,-89.990746,Possible Injury,Pedestrian,Intersection-In Crosswalk,AccelDecelLane,Daylight,Not Collision with Motor Vehicle in Transport,Pedestrian,1,True,,,,,,,591.5642579545499,CENTRAL AVE,0.2772595364887465,40.0,4,B,MEMPHIS,SHELBY,50635,0.2772595350806269,City of Memphis,city_residual,city: no state-route overlap,CENTRAL AVE,False,False,False,City of Memphis
300874594,2023-03-22,2023-03-22 00:27:00,2023,3,Wednesday,0,35.148376,-89.98143,Fatal,Pedestrian,Not Intersection-On Roadway Not In Crosswalk,Non-Junction,Dark-Lighted,Not Collision with Motor Vehicle in Transport,Pedestrian,1,True,E PARKWAY,Principal Arterial,40.0,7.0,57,5.0,27.132612968226525,SAM COOPER BLVD,22.89930229733353,40.0,6,B,MEMPHIS,SHELBY,52704,22.89930229733353,Limited-access (TDOT),limited_access_override,limited-access override: Sam Cooper Blvd,SAM COOPER BLVD,True,True,False,City of Memphis
300894613,2023-06-22,2023-06-22 20:20:00,2023,6,Thursday,20,35.098293,-89.89115,Fatal,Pedestrian,Not Intersection-On Roadway Not In Crosswalk,Non-Junction,Daylight,Not Collision with Motor Vehicle in Transport,Pedestrian,1,True,,,,,,,1181.5155826636137,S WHITE STATION RD,27.719647778529552,40.0,4,B,MEMPHIS,SHELBY,51620,27.719647778537215,City of Memphis,city_residual,city: no state-route overlap,S WHITE STATION RD,False,False,False,City of Memphis
300960941,2024-06-08,2024-06-08 04:03:00,2024,6,Saturday,4,35.16826,-89.86452,Suspected Serious Injury,Pedestrian,Not Intersection-On Roadway Not In Crosswalk,AccelDecelLane,Dark-Not Lighted,Not Collision with Motor Vehicle in Transport,Pedestrian,1,True,,,,,,,543.1408144178649,SHELBY OAKS DR,0.3160451960325066,40.0,4,B,MEMPHIS,SHELBY,35005,0.31604519711368095,City of Memphis,city_residual,city: no state-route overlap,SHELBY OAKS DR,False,False,False,City of Memphis
300959157,2024-05-27,2024-05-27 07:28:00,2024,5,Monday,7,35.033012,-90.02144,Possible Injury,Pedestrian,Intersection-Not on Roadway,Non-Junction,Daylight,Not Collision with Motor Vehicle in Transport,Pedestrian,1,True,,,,,,,340.6193832991055,WESLEY DR,70.68336639177157,30.0,2,B,MEMPHIS,SHELBY,27304,70.68336639177157,City of Memphis,city_residual,city: no state-route overlap,WESLEY DR,False,False,False,City of Memphis
300959159,2024-05-27,2024-05-27 13:00:00,2024,5,Monday,13,35.057903,-90.06322,No Injury,Other Non-Motorist,Not Intersection-Unknown,Intersection,Daylight,Angle,Other,1,True,,,,,,,316.08568540852417,E DUNBAR RD,26.303780576645988,30.0,2,B,MEMPHIS,SHELBY,72073,26.30378057409478,City of Memphis,city_residual,city: no state-route overlap,E DUNBAR RD,False,False,False,City of Memphis
300962610,2024-06-19,2024-06-19 07:20:00,2024,6,Wednesday,7,35.11334,-90.05244,Suspected Serious Injury,Pedestrian,Not Intersection-On Roadway Not In Crosswalk,Non-Junction,Dawn,Not Collision with Motor Vehicle in Transport,Pedestrian,1,True,,,,,,,255.76841436111496,CAMBRIDGE AVE,0.4114508665270984,30.0,2,B,MEMPHIS,SHELBY,4820,0.4114508664204222,City of Memphis,city_residual,city: no state-route overlap,CAMBRIDGE AVE,False,False,False,City of Memphis
300959174,2024-05-27,2024-05-27 16:06:00,2024,5,Monday,16,35.080193,-89.95548,No Injury,Other Non-Motorist,Unknown,Intersection,Daylight,Not Collision with Motor Vehicle in Transport,Other,1,True,LAMAR AVE,Principal Arterial,40.0,6.0,4,4.0,3.474004914593977,INTERSTATE 240 E,0.1787866532720163,65.0,4,FT,MEMPHIS,SHELBY,39854,0.17878665327631346,Interstate (TDOT),interstate_mainline,interstate: MTFCC S1100,INTERSTATE 240 E,True,False,False,Interstate (TDOT)
300888290,2023-05-20,2023-05-20 20:23:00,2023,5,Saturday,20,35.161552,-89.947136,Suspected Serious Injury,Pedestrian,Not Intersection-On Roadway Not In Crosswalk,Non-Junction,Dark-Lighted,Not Collision with Motor Vehicle in Transport,Pedestrian,1,True,,,,,,,617.242187394375,NATIONAL ST,8.999564668417275,40.0,4,B,MEMPHIS,SHELBY,51258,8.999564669290397,City of Memphis,city_residual,city: no state-route overlap,NATIONAL ST,False,False,False,City of Memphis
300961670,2024-06-12,2024-06-12 12:36:00,2024,6,Wednesday,12,35.00678,-90.00815,Possible Injury,Pedestrian,Intersection-Not on Roadway,Intersection,Daylight,Not Collision with Motor Vehicle in Transport,Pedestrian,1,True,,,,,,,1563.2090058325175,E HOLMES RD,38.41870929832061,40.0,5,B,MEMPHIS,SHELBY,49749,38.418709300124966,City of Memphis,city_residual,city: no state-route overlap,E HOLMES RD,False,False,False,City of Memphis
300961125,2024-06-05,2024-06-05 20:00:00,2024,6,Wednesday,20,35.211975,-90.0322,Possible Injury,Pedestrian,Intersection-On Roadway not in Crosswalk,OtherLocation,Dark-Lighted,Not Collision with Motor Vehicle in Transport,Pedestrian,1,True,THOMAS ST,,40.0,2.0,3,7.0,0.8012128280762089,THOMAS ST,0.2054498137773874,40.0,2,B,MEMPHIS,SHELBY,47263,0.20544981389963332,TDOT state route,state_route_overlap,"state route: 100% overlap, name=THOMAS",THOMAS ST,False,False,False,TDOT state route
300959011,2024-05-26,2024-05-26 07:00:00,2024,5,Sunday,7,35.062923,-90.0878,No Injury,Other Non-Motorist,Intersection-Not on Roadway,"Driveway, Alley Access, etc",Dawn,Angle,Other,1,True,,,,,,,2597.399141809142,HARAHAN RD,18.17484518525648,30.0,2,B,MEMPHIS,SHELBY,71780,18.174845187986886,City of Memphis,city_residual,city: no state-route overlap,HARAHAN RD,False,False,False,City of Memphis
300959565,2024-05-29,2024-05-29 20:48:00,2024,5,Wednesday,20,35.107697,-89.98315,Possible Injury,Pedestrian,Not Intersection-Unknown,"Driveway, Alley Access, etc",Dark-Unknown Lighting,Not Collision with Motor Vehicle in Transport,Pedestrian,1,True,,,,,,,164.26251903200347,ETHEL ST,14.178337878502784,30.0,2,B,MEMPHIS,SHELBY,84527,14.178337878473437,City of Memphis,city_residual,city: no state-route overlap,ETHEL ST,False,False,False,City of Memphis
300908787,2023-09-03,2023-09-03 00:22:00,2023,9,Sunday,0,35.15307,-89.88861,Fatal,Pedestrian,Not Intersection-On Roadway Not In Crosswalk,Non-Junction,Dark-Lighted,Not Collision with Motor Vehicle in Transport,Pedestrian,1,True,SUMMER AVE,Principal Arterial,40.0,7.0,1,5.0,2.9276120821757807,N WHITE STATION RD,0.0447245150045424,40.0,5,B,MEMPHIS,SHELBY,51458,0.04472451396315455,City of Memphis,city_residual,city: no state-route overlap,N WHITE STATION RD,False,False,False,City of Memphis
300960801,2024-06-06,2024-06-06 23:00:00,2024,6,Thursday,23,35.13798,-90.02818,Possible Injury,Pedestrian,Intersection-On Roadway not in Crosswalk,AccelDecelLane,Dark-Lighted,Not Collision with Motor Vehicle in Transport,Pedestrian,1,True,UNION AVE,Principal Arterial,35.0,6.0,3,6.0,5.134409230404571,S PAULINE ST,0.0671425237946343,30.0,4,B,MEMPHIS,SHELBY,84368,0.06714252378755946,City of Memphis,city_residual,city: no state-route overlap,S PAULINE ST,False,False,True,City of Memphis
300961170,2024-06-09,2024-06-09 20:59:00,2024,6,Sunday,20,35.0533,-90.02036,Suspected Serious Injury,Pedestrian,Not Intersection-On Roadway Not In Crosswalk,OtherLocation,Dark-Lighted,Not Collision with Motor Vehicle in Transport,Pedestrian,1,True,,,,,,,426.5773457992492,ROYAL OAKS CV,61.7826357561005,35.0,2,B,MEMPHIS,SHELBY,15075,61.782635756503716,City of Memphis,city_residual,city: no state-route overlap,ROYAL OAKS CV,False,False,False,City of Memphis
300961310,2024-06-10,2024-06-10 00:00:00,2024,6,Monday,99,35.114563,-89.927666,No Injury,Pedestrian,Not Intersection-Other Not On Roadway,Non-Junction,Unknown,Rear to Side,Other,1,True,,,,,,,1029.2844020172763,WATSON ST,28.68045967943835,30.0,2,B,MEMPHIS,SHELBY,83345,28.680459679508775,City of Memphis,city_residual,city: no state-route overlap,WATSON ST,False,False,False,City of Memphis
300868973,2023-02-23,2023-02-23 22:27:00,2023,2,Thursday,22,35.061295,-89.886246,Fatal,Pedestrian,Not Intersection-On Roadway Crosswalk not Available,Non-Junction,Dark-Lighted,Not Collision with Motor Vehicle in Transport,Pedestrian,1,True,,,,,,,2328.7625734621543,TYROL CT,30.526553476257327,30.0,2,B,MEMPHIS,SHELBY,11036,30.5265534768551,City of Memphis,city_residual,city: no state-route overlap,TYROL CT,False,False,False,City of Memphis
300960159,2024-06-02,2024-06-02 20:44:00,2024,6,Sunday,20,35.223206,-89.941216,Possible Injury,Pedestrian,Intersection-On Roadway not in Crosswalk,Intersection,Dark-Lighted,Not Collision with Motor Vehicle in Transport,Pedestrian,1,True,,,,,,,2403.822480492556,WINDERMERE DR,6.223679994752513,30.0,2,B,MEMPHIS,SHELBY,28102,6.223679994620975,City of Memphis,city_residual,city: no state-route overlap,WINDERMERE DR,False,False,False,City of Memphis
300945308,2024-03-09,2024-03-09 21:04:00,2024,3,Saturday,21,35.069477,-90.05807,Fatal,Pedestrian,Not Intersection-On Roadway Crosswalk not Available,Non-Junction,Dark-Lighted,Not Collision with Motor Vehicle in Transport,Other,1,True,,,,,,,43.753522450233625,S THIRD ST,43.10894583825997,45.0,7,B,MEMPHIS,SHELBY,47482,43.10894583822852,TDOT state route,state_route_overlap,"state route: 100% overlap, name=S THIRD",S THIRD ST,False,False,False,TDOT state route
300964714,2024-07-02,2024-07-02 13:00:00,2024,7,Tuesday,13,35.20456,-89.89461,Possible Injury,Pedestrian,Not Intersection-On Roadway Not In Crosswalk,AccelDecelLane,Daylight,Not Collision with Motor Vehicle in Transport,Pedestrian,1,True,COVINGTON PIKE,,45.0,5.0,204,1.0,13.234363572803728,COVINGTON PIKE,12.48825144303796,45.0,5,B,MEMPHIS,SHELBY,48023,12.488251442945833,TDOT state route,state_route_overlap,"state route: 100% overlap, name=COVINGTON",COVINGTON PIKE,False,False,False,TDOT state route
300963821,2024-06-27,2024-06-27 22:20:00,2024,6,Thursday,22,35.174534,-89.98324,Suspected Minor Injury,Pedestrian,Intersection-Unknown,Intersection,Dark-Lighted,Not Collision with Motor Vehicle in Transport,Pedestrian,1,True,,,,,,,1703.690060761399,CHELSEA AVE,2.173339912476042,40.0,4,B,MEMPHIS,SHELBY,50712,2.1733399117967127,City of Memphis,city_residual,city: no state-route overlap,CHELSEA AVE,False,False,False,City of Memphis
300963205,2024-06-22,2024-06-22 18:23:00,2024,6,Saturday,18,35.108936,-89.98923,Possible Injury,Pedestrian,Intersection-On Roadway not in Crosswalk,Non-Junction,Daylight,Not Collision with Motor Vehicle in Transport,Pedestrian,1,True,LAMAR AVE,Principal Arterial,40.0,7.0,4,4.0,4.346122987071244,LAMAR AVE,0.7694712778378101,40.0,7,B,MEMPHIS,SHELBY,48148,0.7694712789730304,TDOT state route,state_route_overlap,"state route: 100% overlap, name=LAMAR",LAMAR AVE,False,False,False,TDOT state route
300964899,2024-07-04,2024-07-04 16:52:00,2024,7,Thursday,16,35.20337,-89.97807,Possible Injury,Pedestrian,Not Intersection-On Roadway Crosswalk not Available,OtherLocation,Daylight,Not Collision with Motor Vehicle in Transport,Pedestrian,1,True,,,,,,,4648.586874098596,LEAFY HOLLOW DR,3.0288521538386743,30.0,2,B,MEMPHIS,SHELBY,32590,3.028852153484437,City of Memphis,city_residual,city: no state-route overlap,LEAFY HOLLOW DR,False,False,False,City of Memphis
300966300,2024-07-15,2024-07-15 18:05:00,2024,7,Monday,18,35.020256,-89.94825,Possible Injury,Pedestrian,Not Intersection-In Parking Lane,"Driveway, Alley Access, etc",Daylight,Not Collision with Motor Vehicle in Transport,Pedestrian,1,True,,,,,,,55.500608472539696,MEIER DR,35.70289823108987,30.0,2,B,MEMPHIS,SHELBY,25997,35.702898231982964,City of Memphis,city_residual,city: no state-route overlap,MEIER DR,False,False,False,City of Memphis
300943727,2024-02-28,2024-02-28 19:20:00,2024,2,Wednesday,19,35.084778,-89.95135,Fatal,Pedestrian,Not Intersection-On Roadway Crosswalk not Available,Non-Junction,Dark-Not Lighted,Not Collision with Motor Vehicle in Transport,Pedestrian,1,True,,,,,,,623.2354839340065,PRESCOTT RD,71.24046810969006,40.0,4,B,MEMPHIS,SHELBY,51144,71.24046810969006,City of Memphis,city_residual,city: no state-route overlap,PRESCOTT RD,False,False,False,City of Memphis
300964918,2024-07-05,2024-07-05 14:58:00,2024,7,Friday,14,35.212906,-90.00558,Suspected Serious Injury,Pedestrian,Not Intersection-On Roadway Not In Crosswalk,AccelDecelLane,Daylight,Not Collision with Motor Vehicle in Transport,Pedestrian,1,True,,,,,,,2110.393849699908,DELLWOOD AVE,25.615914851814324,35.0,3,B,MEMPHIS,SHELBY,2768,25.615914851814324,City of Memphis,city_residual,city: no state-route overlap,DELLWOOD AVE,False,False,False,City of Memphis
300960198,2024-06-02,2024-06-02 20:06:00,2024,6,Sunday,20,35.22605,-89.940834,Fatal,Pedestrian,Not Intersection-On Roadway Not In Crosswalk,AccelDecelLane,Dark-Lighted,Not Collision with Motor Vehicle in Transport,Pedestrian,1,True,,,,,,,2573.992798133004,DORADO AVE,8.622661570133305,30.0,2,B,MEMPHIS,SHELBY,3035,8.622661571407502,City of Memphis,city_residual,city: no state-route overlap,DORADO AVE,False,False,False,City of Memphis
300865216,2023-02-04,2023-02-04 20:33:00,2023,2,Saturday,20,35.04188,-90.02512,Fatal,Pedestrian,Not Intersection-On Roadway Not In Crosswalk,Intersection-Related,Dark-Lighted,Not Collision with Motor Vehicle in Transport,Pedestrian,1,True,ELVIS PRESLEY BLVD,Principal Arterial,40.0,6.0,3,6.0,0.0865634424747433,ELVIS PRESLEY BLVD,0.1827732808437246,40.0,6,B,MEMPHIS,SHELBY,46502,0.18277328084398414,TDOT state route,state_route_overlap,"state route: 100% overlap, name=ELVIS PRESLEY",ELVIS PRESLEY BLVD,False,False,False,TDOT state route
300964043,2024-06-29,2024-06-29 11:41:00,2024,6,Saturday,11,35.108738,-90.02117,Possible Injury,Pedestrian,Intersection-In Crosswalk,Intersection,Daylight,Not Collision with Motor Vehicle in Transport,Pedestrian,1,True,,,,,,,34.855600396015724,QUINN AVE,20.497197376292256,30.0,2,B,MEMPHIS,SHELBY,5125,20.49719737593801,City of Memphis,city_residual,city: no state-route overlap,QUINN AVE,False,False,False,City of Memphis
300964773,2024-07-03,2024-07-03 00:12:00,2024,7,Wednesday,0,35.015568,-89.89441,Suspected Serious Injury,Pedestrian,Intersection-On Roadway not in Crosswalk,Non-Junction,Dark-Lighted,Not Collision with Motor Vehicle in Transport,Pedestrian,1,True,LAMAR AVE,Principal Arterial,55.0,2.0,4,3.0,16.323388355393,LAMAR AVE,13.806267858788422,55.0,2,FT,MEMPHIS,SHELBY,48430,13.806267859620634,TDOT state route,state_route_overlap,"state route: 100% overlap, name=LAMAR",LAMAR AVE,False,False,False,TDOT state route
300963418,2024-06-25,2024-06-25 11:38:00,2024,6,Tuesday,11,35.147762,-90.042755,Fatal,Pedestrian,Not Intersection-Outside Traffic,Non-Junction,Daylight,Not Collision with Motor Vehicle in Transport,Pedestrian,1,True,,,,,,,88.26377261068944,POPLAR AVE,28.57149809917465,40.0,7,B,MEMPHIS,SHELBY,50320,28.57149810039041,City of Memphis,city_residual,city: no state-route overlap,POPLAR AVE,False,False,False,City of Memphis
300965491,2024-07-06,2024-07-06 22:52:00,2024,7,Saturday,22,35.020298,-89.95364,Possible Injury,Pedestrian,Not Intersection-On Roadway Not In Crosswalk,Intersection,Dark-Lighted,Not Collision with Motor Vehicle in Transport,Pedestrian,1,True,,,,,,,54.43572497605102,E SHELBY DR,49.74988446721502,45.0,7,B,MEMPHIS,SHELBY,46398,49.74988446583472,TDOT state route,state_route_overlap,"state route: 100% overlap, name=E SHELBY",E SHELBY DR,False,False,False,TDOT state route