MstrRecNbrTxt,CollisionDate,CollisionDteTime,YearNmb,Month,DayOfWeek,Hour,Latitude,Longitude,InjuryClass,PersonType,NonMotoristLocation,RelationToJunction,LightCondition,MannerOfCollision,FirstHarmfulEvent,VictimsInCrash,InMemphis,StateRoute_NAME,StateRoute_F_System,StateRoute_SPDLIMIT,StateRoute_LANES,StateRoute_ALTNAME_1,StateRoute_Council_District,DistToStateRoute_m,Street_Name,DistToStreet_m,Street_SPDLIMIT,Street_LANES,Street_ONEWAY,Street_CITY_L,Street_COUNTY_L,Seg_OBJECTID,DistToSeg_m,Ownership,Rule_Fired,Classification_Basis,Matched_Street,is_limited_access,is_override,is_corner_case,Jurisdiction_prev
300975158,2024-09-13,2024-09-13 19:12:00,2024,9,Friday,19,35.019917,-90.02595,Suspected Serious Injury,Pedestrian,Not Intersection-On Roadway Not In Crosswalk,"Driveway, Alley Access, etc",Dark-Lighted,Not Collision with Motor Vehicle in Transport,Pedestrian,1,True,,,,,,,66.97338788000434,ELVIS PRESLEY BLVD,67.17427936616549,40.0,5,B,MEMPHIS,SHELBY,46488,67.17427936616248,TDOT state route,state_route_overlap,"state route: 100% overlap, name=ELVIS PRESLEY",ELVIS PRESLEY BLVD,False,False,False,TDOT state route
300973505,2024-09-03,2024-09-03 17:30:00,2024,9,Tuesday,17,35.093876,-90.02841,Possible Injury,Pedestrian,Not Intersection-On Roadway Not In Crosswalk,AccelDecelLane,Daylight,Not Collision with Motor Vehicle in Transport,Pedestrian,1,True,,,,,,,938.3952018957432,ALICE AVE,25.97532676812412,35.0,2,B,MEMPHIS,SHELBY,5044,25.975326770296157,City of Memphis,city_residual,city: no state-route overlap,ALICE AVE,False,False,False,City of Memphis
300972791,2024-08-28,2024-08-28 21:44:00,2024,8,Wednesday,21,35.169334,-90.02194,Suspected Minor Injury,Pedestrian,Intersection-In Crosswalk,Intersection,Dark-Lighted,Not Collision with Motor Vehicle in Transport,Pedestrian,1,True,,,,,,,1236.5446635398405,CHELSEA AVE,11.99220328955144,40.0,5,B,MEMPHIS,SHELBY,50409,11.992203289281829,City of Memphis,city_residual,city: no state-route overlap,CHELSEA AVE,False,False,False,City of Memphis
300971616,2024-08-21,2024-08-21 18:02:00,2024,8,Wednesday,18,35.10757,-89.94914,Possible Injury,Pedestrian,Not Intersection-Other Not On Roadway,Non-Junction,Daylight,Not Collision with Motor Vehicle in Transport,Pedestrian,1,True,,,,,,,2265.817574422389,PRESCOTT RD,22.62050604762452,30.0,2,B,MEMPHIS,SHELBY,73631,22.62050604762452,City of Memphis,city_residual,city: no state-route overlap,PRESCOTT RD,False,False,False,City of Memphis
300975788,2024-09-17,2024-09-17 19:04:00,2024,9,Tuesday,19,35.10532,-89.98565,Possible Injury,Pedestrian,Not Intersection-On Roadway Not In Crosswalk,Intersection,Dark-Lighted,Not Collision with Motor Vehicle in Transport,Pedestrian,1,True,LAMAR AVE,Principal Arterial,40.0,5.0,4,4.0,4.254219725299092,AIRWAYS BLVD,0.4864485508671597,40.0,7,B,MEMPHIS,SHELBY,51014,0.486448549606732,City of Memphis,city_residual,city: no state-route overlap,AIRWAYS BLVD,False,False,False,City of Memphis
300973538,2024-09-03,2024-09-03 17:51:00,2024,9,Tuesday,17,35.07211,-89.90497,Possible Injury,Pedestrian,Intersection-Unknown,Intersection-Related,Daylight,Not Collision with Motor Vehicle in Transport,Pedestrian,1,True,,,,,,,2451.9073263340183,JUDY LYNN AVE,40.229161402418725,35.0,2,B,MEMPHIS,SHELBY,2168,40.229161402201505,City of Memphis,city_residual,city: no state-route overlap,JUDY LYNN AVE,False,False,False,City of Memphis
300974709,2024-09-10,2024-09-10 08:00:00,2024,9,Tuesday,8,35.1647,-90.010376,Possible Injury,Pedestrian,Intersection-In Crosswalk,Intersection,Daylight,Not Collision with Motor Vehicle in Transport,Pedestrian,1,True,,,,,,,666.2613445938556,VOLLINTINE AVE,0.2887040959022972,35.0,4,B,MEMPHIS,SHELBY,50488,0.28870409590229723,City of Memphis,city_residual,city: no state-route overlap,VOLLINTINE AVE,False,False,False,City of Memphis
300972577,2024-08-26,2024-08-26 00:00:00,2024,8,Monday,0,35.170246,-89.98154,Possible Injury,Pedestrian,Intersection-On Roadway Crosswalk Not Available,Intersection,Dark-Lighted,Not Collision with Motor Vehicle in Transport,Pedestrian,1,True,,,,,,,1270.197679741307,ELDRIDGE AVE,24.24052214502481,30.0,2,B,MEMPHIS,SHELBY,4386,24.240522145315875,City of Memphis,city_residual,city: no state-route overlap,ELDRIDGE AVE,False,False,False,City of Memphis
300974168,2024-09-06,2024-09-06 19:44:00,2024,9,Friday,19,35.1079,-89.946045,Suspected Minor Injury,Pedestrian,Not Intersection-On Roadway Not In Crosswalk,OtherLocation,Dark-Lighted,Not Collision with Motor Vehicle in Transport,Pedestrian,1,True,,,,,,,2159.9034690551507,PARK AVE,0.0387098506244106,40.0,4,B,MEMPHIS,SHELBY,51196,0.03870985204901515,City of Memphis,city_residual,city: no state-route overlap,PARK AVE,False,False,False,City of Memphis
300973341,2024-08-19,2024-08-19 07:45:00,2024,8,Monday,7,35.085842,-89.91683,Possible Injury,Pedestrian,Intersection-On Roadway Crosswalk availability Unknown,Intersection,Daylight,Not Collision with Motor Vehicle in Transport,Pedestrian,1,True,,,,,,,1447.7585474160426,WILLOW RD,0.3789502169000284,35.0,2,B,MEMPHIS,SHELBY,51469,0.3789502169000284,City of Memphis,city_residual,city: no state-route overlap,WILLOW RD,False,False,False,City of Memphis
300972152,2024-08-24,2024-08-24 22:20:00,2024,8,Saturday,22,35.135178,-90.000084,Suspected Minor Injury,Pedestrian,Intersection-In Crosswalk,Intersection,Dark-Lighted,Not Collision with Motor Vehicle in Transport,Pedestrian,1,True,UNION AVE,Principal Arterial,35.0,6.0,23,5.0,4.998838579112223,S MCLEAN BLVD,0.4053085897067741,35.0,4,B,MEMPHIS,SHELBY,53276,0.4053085897074852,City of Memphis,city_residual,city: no state-route overlap,S MCLEAN BLVD,False,False,True,City of Memphis
300972001,2024-08-24,2024-08-24 19:38:00,2024,8,Saturday,19,35.137287,-90.02113,Suspected Serious Injury,Pedestrian,Intersection-On Roadway not in Crosswalk,Intersection-Related,Dark-Lighted,Not Collision with Motor Vehicle in Transport,Pedestrian,1,True,UNION AVE,Principal Arterial,35.0,6.0,3,6.0,4.647149300632669,UNION AVE,0.0668499746222642,35.0,6,B,MEMPHIS,SHELBY,46758,0.06684997321079608,TDOT state route,state_route_overlap,"state route: 100% overlap, name=UNION",UNION AVE,False,False,False,TDOT state route
300973558,2024-09-03,2024-09-03 23:45:00,2024,9,Tuesday,23,35.086525,-89.9311,Possible Injury,Pedestrian,Intersection-On Roadway not in Crosswalk,Intersection,Dark-Lighted,Not Collision with Motor Vehicle in Transport,Pedestrian,1,True,,,,,,,670.7250765989337,GETWELL RD,6.795672637309552,40.0,5,B,MEMPHIS,SHELBY,51327,6.7956726373095515,City of Memphis,city_residual,city: no state-route overlap,GETWELL RD,False,False,False,City of Memphis
300972003,2024-08-24,2024-08-24 21:55:00,2024,8,Saturday,21,35.111546,-90.02173,Suspected Serious Injury,Pedestrian,Not Intersection-On Roadway Not In Crosswalk,SharedUsePathOrTrail,Dark-Not Lighted,Not Collision with Motor Vehicle in Transport,Pedestrian,1,True,S BELLEVUE BLVD,Minor Arterial,35.0,5.0,3,4.0,0.3986047283847808,E TRIGG AVE,0.2264158624828252,35.0,2,B,MEMPHIS,SHELBY,5127,0.22641586248282522,City of Memphis,city_residual,city: no state-route overlap,E TRIGG AVE,False,False,False,City of Memphis
300975599,2024-09-16,2024-09-16 11:00:00,2024,9,Monday,11,35.137104,-90.05148,Possible Injury,Pedestrian,Intersection-On Roadway Crosswalk Not Available,"Driveway, Alley Access, etc",Daylight,Not Collision with Motor Vehicle in Transport,Pedestrian,1,True,DR MARTIN LUTHER KING JR,Minor Arterial,,5.0,,6.0,4.69499666475566,DR MARTIN LUTHER KING JR AVE,0.0919807826244122,35.0,5,B,MEMPHIS,SHELBY,6551,0.09198078206599,TDOT state route,state_route_overlap,"state route: 100% overlap, name=DR MARTIN LUTHER KING JR",DR MARTIN LUTHER KING JR AVE,False,False,False,TDOT state route
300973356,2024-09-02,2024-09-02 21:10:00,2024,9,Monday,21,35.05621,-89.93126,Suspected Minor Injury,Pedestrian,Not Intersection-On Roadway Not In Crosswalk,Non-Junction,Dark-Lighted,Not Collision with Motor Vehicle in Transport,Pedestrian,1,True,LAMAR AVE,Principal Arterial,40.0,5.0,4,3.0,8.604967551342266,LAMAR AVE,11.674160776114745,40.0,5,B,MEMPHIS,SHELBY,46418,11.674160776492773,TDOT state route,state_route_overlap,"state route: 100% overlap, name=LAMAR",LAMAR AVE,False,False,False,TDOT state route
300875106,2023-03-23,2023-03-23 21:00:00,2023,3,Thursday,21,35.13417,-89.99038,Fatal,Pedestrian,Not Intersection-On Roadway Not In Crosswalk,Non-Junction,Dark-Lighted,Not Collision with Motor Vehicle in Transport,Pedestrian,1,True,UNION AVE,Principal Arterial,35.0,6.0,23,5.0,4.742867923559668,UNION AVE,0.1490472581808939,35.0,6,B,MEMPHIS,SHELBY,46840,0.14904725818089395,TDOT state route,state_route_overlap,"state route: 100% overlap, name=UNION",UNION AVE,False,False,False,TDOT state route
300974765,2024-09-11,2024-09-11 19:06:00,2024,9,Wednesday,19,35.237213,-89.98448,Suspected Minor Injury,Pedestrian,Not Intersection-Outside Traffic,"Driveway, Alley Access, etc",Dark-Not Lighted,Angle,Other,1,True,,,,,,,2146.6582371478617,WELLONS AVE,22.75500592876249,30.0,2,B,MEMPHIS,SHELBY,2924,22.75500592936381,City of Memphis,city_residual,city: no state-route overlap,WELLONS AVE,False,False,False,City of Memphis
300971844,2024-08-22,2024-08-22 20:30:00,2024,8,Thursday,20,35.170155,-89.97783,Fatal,Pedestrian,Not Intersection-On Roadway Not In Crosswalk,OtherLocation,Dark-Lighted,Not Collision with Motor Vehicle in Transport,Pedestrian,1,True,,,,,,,1349.805095267223,ELDRIDGE AVE,22.939593549495537,30.0,2,B,MEMPHIS,SHELBY,7362,22.939593549495537,City of Memphis,city_residual,city: no state-route overlap,ELDRIDGE AVE,False,False,False,City of Memphis
300971888,2024-08-23,2024-08-23 00:00:00,2024,8,Friday,99,35.119877,-90.04822,Suspected Minor Injury,Pedestrian,Intersection-Unknown,Unknown,Daylight,Not Collision with Motor Vehicle in Transport,Pedestrian,1,True,,,,,,,507.3029379477507,WALKER AVE,22.791453461361808,35.0,2,B,MEMPHIS,SHELBY,7205,22.791453461952976,City of Memphis,city_residual,city: no state-route overlap,WALKER AVE,False,False,False,City of Memphis
300966435,2024-07-16,2024-07-16 21:40:00,2024,7,Tuesday,21,35.153976,-89.88741,Fatal,Pedestrian,Not Intersection-On Roadway Not In Crosswalk,Non-Junction,Dark-Lighted,Not Collision with Motor Vehicle in Transport,Pedestrian,1,True,SUMMER AVE,Principal Arterial,40.0,7.0,1,5.0,16.66309332025716,SUMMER AVE,13.373197153368592,40.0,7,B,MEMPHIS,SHELBY,47420,13.373197153368592,TDOT state route,state_route_overlap,"state route: 100% overlap, name=SUMMER",SUMMER AVE,False,False,False,TDOT state route
300974608,2024-09-10,2024-09-10 05:44:00,2024,9,Tuesday,5,35.075428,-89.93197,Suspected Serious Injury,Pedestrian,Not Intersection-On Roadway Not In Crosswalk,AccelDecelLane,Dawn,Not Collision with Motor Vehicle in Transport,Pedestrian,1,True,,,,,,,31.815812580411137,GETWELL RD,31.49355736139058,40.0,7,B,MEMPHIS,SHELBY,47387,31.493557361318423,TDOT state route,state_route_overlap,"state route: 100% overlap, name=GETWELL",GETWELL RD,False,False,False,TDOT state route
300971719,2024-08-21,2024-08-21 00:00:00,2024,8,Wednesday,99,35.19989,-89.95876,Possible Injury,Pedestrian,Intersection-In Crosswalk,Intersection,Unknown,Not Collision with Motor Vehicle in Transport,Pedestrian,1,True,,,,,,,2997.344609607271,JAMES RD,0.3434693399576911,45.0,4,B,MEMPHIS,SHELBY,53156,0.34346933850889505,City of Memphis,city_residual,city: no state-route overlap,JAMES RD,False,False,False,City of Memphis
300974384,2024-09-08,2024-09-08 12:30:00,2024,9,Sunday,12,35.104397,-89.9792,Possible Injury,Pedestrian,Not Intersection-On Roadway Not In Crosswalk,Through Roadway,Daylight,Not Collision with Motor Vehicle in Transport,Pedestrian,1,True,,,,,,,277.8482563113605,CELLA ST,13.872260371222778,30.0,2,B,MEMPHIS,SHELBY,82562,13.872260371226574,City of Memphis,city_residual,city: no state-route overlap,CELLA ST,False,False,False,City of Memphis
300972867,2024-08-27,2024-08-27 12:38:00,2024,8,Tuesday,12,35.09502,-89.97012,Possible Injury,Pedestrian,Intersection-On Roadway Crosswalk Not Available,AccelDecelLane,Daylight,Not Collision with Motor Vehicle in Transport,Pedestrian,1,True,LAMAR AVE,Principal Arterial,40.0,5.0,4,4.0,2.9469036291549555,PENDLETON ST,0.1067308932118464,40.0,4,B,MEMPHIS,SHELBY,82646,0.10673089319288888,City of Memphis,city_residual,city: no state-route overlap,PENDLETON ST,False,False,True,City of Memphis
300972433,2024-08-23,2024-08-23 21:50:00,2024,8,Friday,21,35.066883,-89.843575,Suspected Serious Injury,Pedestrian,Intersection-On Roadway not in Crosswalk,AccelDecelLane,Dark-Lighted,Not Collision with Motor Vehicle in Transport,Pedestrian,1,True,STATE ROUTE 385,Freeway and Expressway,65.0,3.0,NONCONNAH PKWY,2.0,4.594228955918058,STATE ROUTE 385 W,0.5633906481417265,65.0,3,FT,MEMPHIS,SHELBY,47692,0.5633906481417265,TDOT state route,state_route_overlap,"state route: 100% overlap, name=STATE ROUTE 385",STATE ROUTE 385 W,False,False,False,TDOT state route
300979488,2024-10-09,2024-10-09 17:00:00,2024,10,Wednesday,17,35.146027,-89.96339,Suspected Serious Injury,Pedestrian,Intersection-On Roadway Crosswalk Not Available,Intersection,Daylight,Not Collision with Motor Vehicle in Transport,Pedestrian,1,True,,,,,,,394.04150314348726,SAM COOPER BLVD,0.0266693019681591,40.0,6,B,MEMPHIS,SHELBY,52331,0.02666929957520721,Limited-access (TDOT),limited_access_override,limited-access override: Sam Cooper Blvd,SAM COOPER BLVD,True,True,False,City of Memphis
300978527,2024-10-02,2024-10-02 09:05:00,2024,10,Wednesday,9,35.2081,-89.97568,Possible Injury,Pedestrian,Not Intersection-On Roadway Not In Crosswalk,AccelDecelLane,Daylight,Front to Rear,Other,2,True,,,,,,,4652.5161738781335,WHITNEY AVE,0.001055868169808,40.0,4,B,MEMPHIS,SHELBY,2946,0.0010558681698080198,City of Memphis,city_residual,city: no state-route overlap,WHITNEY AVE,False,False,False,City of Memphis
300978295,2024-10-03,2024-10-03 14:54:00,2024,10,Thursday,14,35.156796,-90.04676,Possible Injury,Pedestrian,Not Intersection-On Roadway Not In Crosswalk,Intersection,Daylight,Not Collision with Motor Vehicle in Transport,Pedestrian,1,True,N SECOND ST,Principal Arterial,35.0,3.0,3,7.0,1.7904937678748312,N SECOND ST,0.003654258552001,35.0,3,B,MEMPHIS,SHELBY,46641,0.0036542589604431786,TDOT state route,state_route_overlap,"state route: 100% overlap, name=N SECOND",N SECOND ST,False,False,False,TDOT state route
300979999,2024-10-14,2024-10-14 15:15:00,2024,10,Monday,15,35.04009,-89.82426,Possible Injury,Pedestrian,Intersection-In Crosswalk,Intersection,Daylight,Not Collision with Motor Vehicle in Transport,Pedestrian,1,True,,,,,,,1370.4564387605938,S GERMANTOWN RD,0.7114416273218953,35.0,3,B,MEMPHIS,SHELBY,71526,0.7114416272229741,City of Memphis,city_residual,city: no state-route overlap,S GERMANTOWN RD,False,False,False,City of Memphis
300937000,2024-01-23,2024-01-23 18:30:00,2024,1,Tuesday,18,35.16955,-89.91359,Possible Injury,Pedestrian,Intersection-In Crosswalk,Intersection,Other,Not Collision with Motor Vehicle in Transport,Pedestrian,1,True,,,,,,,1025.3691826322995,RUSSWOOD RD,19.769601309830804,30.0,2,B,MEMPHIS,SHELBY,73936,19.76960130950085,City of Memphis,city_residual,city: no state-route overlap,RUSSWOOD RD,False,False,False,City of Memphis
300979834,2024-10-01,2024-10-01 18:00:00,2024,10,Tuesday,18,35.165183,-89.790943,Suspected Minor Injury,Pedestrian,Intersection-In Crosswalk,Intersection,Dusk,Not Collision with Motor Vehicle in Transport,Pedestrian,1,True,,,,,,,259.55685215672344,YELLOW STONE DR,47.40718747798456,30.0,2,B,MEMPHIS,SHELBY,25148,47.40718747761965,City of Memphis,city_residual,city: no state-route overlap,YELLOW STONE DR,False,False,False,City of Memphis
300978750,2024-10-05,2024-10-05 12:11:00,2024,10,Saturday,12,35.208115,-89.97116,Possible Injury,Pedestrian,Not Intersection-On Roadway Not In Crosswalk,Non-Junction,Daylight,Front to Rear,Other,2,True,,,,,,,4337.952685184558,BIRCHFIELD DR,27.48423688560255,30.0,2,B,MEMPHIS,SHELBY,27942,27.484236886323494,City of Memphis,city_residual,city: no state-route overlap,BIRCHFIELD DR,False,False,False,City of Memphis
300978324,2024-10-04,2024-10-04 02:00:00,2024,10,Friday,2,35.051186,-89.91078,Suspected Serious Injury,Pedestrian,Not Intersection-On Roadway Not In Crosswalk,Non-Junction,Dark-Lighted,Not Collision with Motor Vehicle in Transport,Pedestrian,1,True,,,,,,,1007.1263907027704,KNIGHT RD,0.0021014300137027,35.0,5,B,MEMPHIS,SHELBY,71199,0.002101428794878424,City of Memphis,city_residual,city: no state-route overlap,KNIGHT RD,False,False,False,City of Memphis
300977553,2024-09-29,2024-09-29 00:00:00,2024,9,Sunday,0,35.135178,-90.000084,Suspected Serious Injury,Pedestrian,Not Intersection-On Roadway Not In Crosswalk,Unknown,Unknown,Not Collision with Motor Vehicle in Transport,Pedestrian,1,True,UNION AVE,Principal Arterial,35.0,6.0,23,5.0,4.998838579112223,S MCLEAN BLVD,0.4053085897067741,35.0,4,B,MEMPHIS,SHELBY,53276,0.4053085897074852,City of Memphis,city_residual,city: no state-route overlap,S MCLEAN BLVD,False,False,False,City of Memphis
300978589,2024-10-04,2024-10-04 19:57:00,2024,10,Friday,19,35.13647,-90.014465,Suspected Serious Injury,Pedestrian,Intersection-On Roadway not in Crosswalk,AccelDecelLane,Dusk,Not Collision with Motor Vehicle in Transport,Pedestrian,1,True,UNION AVE,Principal Arterial,35.0,6.0,23,7.0,21.748468466368667,UNION AVE,17.17056045948072,35.0,6,B,MEMPHIS,SHELBY,46778,17.170560459850734,TDOT state route,state_route_overlap,"state route: 100% overlap, name=UNION",UNION AVE,False,False,False,TDOT state route
300977389,2024-09-24,2024-09-24 15:10:00,2024,9,Tuesday,15,35.053894,-89.886116,Possible Injury,Pedestrian,Not Intersection-Unknown,Intersection-Related,Daylight,Not Collision with Motor Vehicle in Transport,Pedestrian,1,True,,,,,,,3043.0271887383938,S MENDENHALL RD,0.7857106153828975,40.0,7,B,MEMPHIS,SHELBY,49406,0.78571061434235,City of Memphis,city_residual,city: no state-route overlap,S MENDENHALL RD,False,False,False,City of Memphis
300979877,2024-10-14,2024-10-14 09:26:00,2024,10,Monday,9,35.144077,-90.017166,Possible Injury,Pedestrian,Intersection-On Roadway Crosswalk Not Available,Intersection,Daylight,Not Collision with Motor Vehicle in Transport,Pedestrian,1,True,,,,,,,786.5430023741803,POPLAR AVE,1.2587254028497306,40.0,7,B,MEMPHIS,SHELBY,50416,1.2587254027333121,City of Memphis,city_residual,city: no state-route overlap,POPLAR AVE,False,False,False,City of Memphis
300977169,2024-09-25,2024-09-25 16:50:00,2024,9,Wednesday,16,35.153732,-89.96689,No Injury,Pedestrian,Intersection-In Crosswalk,Rail Grade Crossing,Daylight,Not Collision with Motor Vehicle in Transport,Other,2,True,,,,,,,449.6484161123899,PERSHING AVE,0.4251682092485138,30.0,2,B,MEMPHIS,SHELBY,7516,0.42516820924851384,City of Memphis,city_residual,city: no state-route overlap,PERSHING AVE,False,False,False,City of Memphis
300976422,2024-09-20,2024-09-20 22:15:00,2024,9,Friday,22,35.114357,-90.050095,Possible Injury,Pedestrian,Not Intersection-Bike Path,Unknown,Dark-Lighted,Not Collision with Motor Vehicle in Transport,Pedestrian,1,True,,,,,,,468.6310577431644,LUCY AVE,25.614386214865664,30.0,2,B,MEMPHIS,SHELBY,7225,25.614386213153935,City of Memphis,city_residual,city: no state-route overlap,LUCY AVE,False,False,False,City of Memphis
300963112,2024-06-23,2024-06-23 00:00:00,2024,6,Sunday,99,35.17304,-89.99432,Fatal,Pedestrian,Not Intersection-On Roadway Not In Crosswalk,Non-Junction,Unknown,Not Collision with Motor Vehicle in Transport,Pedestrian,1,True,,,,,,,1403.9071776714677,CHELSEA AVE,17.684820700893784,40.0,4,B,MEMPHIS,SHELBY,50652,17.684820700893784,City of Memphis,city_residual,city: no state-route overlap,CHELSEA AVE,False,False,False,City of Memphis
300978648,2024-10-05,2024-10-05 13:30:00,2024,10,Saturday,13,35.11205,-89.984604,Suspected Serious Injury,Pedestrian,Intersection-On Roadway not in Crosswalk,AccelDecelLane,Daylight,Front to Rear,Other,1,True,AIRWAYS BLVD,Principal Arterial,30.0,2.0,277,4.0,0.4979596150170194,CARNES AVE,0.3150799897128494,30.0,1,TF,MEMPHIS,SHELBY,6822,0.315079992796657,TDOT state route,state_route_overlap,"state route: 100% overlap, name=CARNES",CARNES AVE,False,False,False,TDOT state route
300977788,2024-09-30,2024-09-30 16:06:00,2024,9,Monday,16,35.133823,-90.019356,Possible Injury,Pedestrian,Intersection-On Roadway Crosswalk Not Available,SharedUsePathOrTrail,Daylight,Not Collision with Motor Vehicle in Transport,Pedestrian,1,True,,,,,,,131.11641483180767,ALLEY,65.63471832246435,25.0,2,B,MEMPHIS,SHELBY,240,65.63471832354242,City of Memphis,city_residual,city: no state-route overlap,ALLEY,False,False,False,City of Memphis
300966464,2024-07-17,2024-07-17 06:50:00,2024,7,Wednesday,6,35.035595,-89.98982,Fatal,Pedestrian,Not Intersection-On Roadway Crosswalk Availability Unknown,Non-Junction,Daylight,Not Collision with Motor Vehicle in Transport,Pedestrian,1,True,,,,,,,1609.591903119402,E RAINES RD,0.1311188974856676,40.0,5,B,MEMPHIS,SHELBY,52122,0.1311188988954145,City of Memphis,city_residual,city: no state-route overlap,E RAINES RD,False,False,False,City of Memphis
300979943,2024-10-14,2024-10-14 09:57:00,2024,10,Monday,9,35.139973,-90.05351,Possible Injury,Pedestrian,Intersection-On Roadway Crosswalk availability Unknown,Intersection-Related,Daylight,Not Collision with Motor Vehicle in Transport,Pedestrian,1,True,S SECOND ST,Minor Arterial,35.0,3.0,14,6.0,1.2449446033147828,BEALE ST,0.1066992231248587,30.0,2,B,MEMPHIS,SHELBY,80512,0.10669922042839015,City of Memphis,city_residual,city: no state-route overlap,BEALE ST,False,False,True,City of Memphis
300977010,2024-09-24,2024-09-24 20:10:00,2024,9,Tuesday,20,35.060715,-89.85758,Suspected Minor Injury,Pedestrian,Intersection-On Roadway Crosswalk Not Available,AccelDecelLane,Dark-Lighted,Not Collision with Motor Vehicle in Transport,Pedestrian,1,True,,,,,,,1131.5233788553903,OLD BROMPTON CIR,30.56361723997992,30.0,2,B,MEMPHIS,SHELBY,9772,30.563617239979916,City of Memphis,city_residual,city: no state-route overlap,OLD BROMPTON CIR,False,False,False,City of Memphis
300980156,2024-10-15,2024-10-15 07:20:00,2024,10,Tuesday,7,35.177418,-89.75888,Possible Injury,Pedestrian,Not Intersection-On Roadway Not In Crosswalk,Through Roadway,Daylight,Not Collision with Motor Vehicle in Transport,Pedestrian,1,True,,,,,,,2993.108221001257,CHIMNEYROCK BLVD,0.0328486223146271,30.0,2,B,MEMPHIS,SHELBY,8112,0.032848625112362244,City of Memphis,city_residual,city: no state-route overlap,CHIMNEYROCK BLVD,False,False,False,City of Memphis
300976060,2024-09-11,2024-09-11 19:30:00,2024,9,Wednesday,19,35.1367,-90.019356,Suspected Serious Injury,Pedestrian,Intersection-Unknown,AccelDecelLane,Dark-Not Lighted,Not Collision with Motor Vehicle in Transport,Pedestrian,1,True,,,,,,,49.93936790364001,UNION AVE,45.35767035810835,35.0,6,B,MEMPHIS,SHELBY,46770,45.35767035860971,TDOT state route,state_route_overlap,"state route: 100% overlap, name=UNION",UNION AVE,False,False,False,TDOT state route
300978192,2024-10-02,2024-10-02 16:15:00,2024,10,Wednesday,16,35.11913,-89.94552,Suspected Minor Injury,Pedestrian,Intersection-In Crosswalk,Intersection-Related,Daylight,Not Collision with Motor Vehicle in Transport,Pedestrian,1,True,,,,,,,941.5143151778524,MIDLAND AVE,5.4682877182975895,35.0,2,B,MEMPHIS,SHELBY,5749,5.468287718218294,City of Memphis,city_residual,city: no state-route overlap,MIDLAND AVE,False,False,False,City of Memphis
300923316,2023-11-11,2023-11-11 20:47:00,2023,11,Saturday,20,35.12639,-89.945305,Fatal,Pedestrian,Not Intersection-On Roadway Not In Crosswalk,Non-Junction,Dark-Lighted,Not Collision with Motor Vehicle in Transport,Pedestrian,1,True,,,,,,,156.11074187006454,S HIGHLAND ST,0.5354086046069804,40.0,6,B,MEMPHIS,SHELBY,51234,0.5354086047498625,City of Memphis,city_residual,city: no state-route overlap,S HIGHLAND ST,False,False,False,City of Memphis
300966971,2024-07-19,2024-07-19 19:48:00,2024,7,Friday,19,35.09972,-89.87033,Suspected Serious Injury,Other Non-Motorist,Not Intersection-Adjacent to Roadway,Entrance/Exit Ramp Related,Dark-Lighted,Front to Rear,Other,1,True,,,,,,,234.49542491318124,PARK AVE,0.1209763001324714,40.0,4,B,MEMPHIS,SHELBY,51680,0.12097630434191105,City of Memphis,city_residual,city: no state-route overlap,PARK AVE,False,False,False,City of Memphis
300979794,2024-10-13,2024-10-13 18:00:00,2024,10,Sunday,18,35.051952,-89.91915,Possible Injury,Pedestrian,Not Intersection-On Roadway Not In Crosswalk,Through Roadway,Daylight,Not Collision with Motor Vehicle in Transport,Pedestrian,1,True,,,,,,,456.3193261142248,WINCHESTER RD,53.11085122057035,45.0,7,B,MEMPHIS,SHELBY,51907,53.110851223011394,City of Memphis,city_residual,city: no state-route overlap,WINCHESTER RD,False,False,False,City of Memphis
300976485,2024-09-21,2024-09-21 23:21:00,2024,9,Saturday,23,35.05688,-90.007324,Possible Injury,Pedestrian,Intersection-On Roadway not in Crosswalk,Intersection,Dark-Lighted,Front to Rear,Other,2,True,,,,,,,1555.7925550534028,MILLBRANCH RD,6.65184652132087,45.0,5,B,MEMPHIS,SHELBY,49796,6.651846521283105,City of Memphis,city_residual,city: no state-route overlap,MILLBRANCH RD,False,False,False,City of Memphis
300957460,2024-05-17,2024-05-17 02:05:00,2024,5,Friday,2,35.114,-89.97395,Fatal,Pedestrian,Not Intersection-Outside Traffic,Non-Junction,Dark-Lighted,"Sideswipe, Opposite Direction",Other,1,True,,,,,,,968.3841525078084,BOSTON ST,0.2310379691119917,35.0,2,B,MEMPHIS,SHELBY,82621,0.23103796910825483,City of Memphis,city_residual,city: no state-route overlap,BOSTON ST,False,False,False,City of Memphis