MstrRecNbrTxt,CollisionDate,CollisionDteTime,YearNmb,Month,DayOfWeek,Hour,Latitude,Longitude,InjuryClass,PersonType,NonMotoristLocation,RelationToJunction,LightCondition,MannerOfCollision,FirstHarmfulEvent,VictimsInCrash,InMemphis,StateRoute_NAME,StateRoute_F_System,StateRoute_SPDLIMIT,StateRoute_LANES,StateRoute_ALTNAME_1,StateRoute_Council_District,DistToStateRoute_m,Street_Name,DistToStreet_m,Street_SPDLIMIT,Street_LANES,Street_ONEWAY,Street_CITY_L,Street_COUNTY_L,Seg_OBJECTID,DistToSeg_m,Ownership,Rule_Fired,Classification_Basis,Matched_Street,is_limited_access,is_override,is_corner_case,Jurisdiction_prev
300987676,2024-11-26,2024-11-26 18:35:00,2024,11,Tuesday,18,35.17184,-89.86943,Possible Injury,Pedestrian,Intersection-On Roadway not in Crosswalk,AccelDecelLane,Dark-Lighted,Not Collision with Motor Vehicle in Transport,Pedestrian,1,True,,,,,,,54.78334951785965,SUMMER AVE,57.93788385087536,45.0,4,B,MEMPHIS,SHELBY,48577,57.93788384979871,TDOT state route,state_route_overlap,"state route: 100% overlap, name=SUMMER",SUMMER AVE,False,False,False,TDOT state route
300969745,2024-08-07,2024-08-07 21:10:00,2024,8,Wednesday,21,35.168007,-89.86424,Suspected Serious Injury,Pedestrian,Intersection-In Crosswalk,Intersection,Dark-Lighted,Not Collision with Motor Vehicle in Transport,Pedestrian,1,True,,,,,,,580.7164655182379,SYCAMORE VIEW RD,1.166708318980931,45.0,7,B,MEMPHIS,SHELBY,51746,1.1667083200766484,City of Memphis,city_residual,city: no state-route overlap,SYCAMORE VIEW RD,False,False,False,City of Memphis
300960082,2024-05-31,2024-05-31 06:20:00,2024,5,Friday,6,35.226294,-89.993809,Fatal,Pedestrian,Not Intersection-On Roadway Not In Crosswalk,Non-Junction,Dawn,Not Collision with Motor Vehicle in Transport,Pedestrian,2,True,,,,,,,2139.3390050294583,BURNHAM AVE,2.8061530495537914,30.0,2,B,MEMPHIS,SHELBY,2867,2.806153049082395,City of Memphis,city_residual,city: no state-route overlap,BURNHAM AVE,False,False,False,City of Memphis
300986770,2024-11-22,2024-11-22 07:12:00,2024,11,Friday,7,35.14255,-90.0511,Possible Injury,Pedestrian,Intersection-In Crosswalk,Intersection,Dawn,Not Collision with Motor Vehicle in Transport,Pedestrian,1,True,S THIRD ST,Minor Arterial,35.0,3.0,14,6.0,1.1768683914630271,UNION AVE,0.4298151266356405,35.0,5,B,MEMPHIS,SHELBY,50279,0.429815126246079,TDOT state route,state_route_overlap,"state route: 100% overlap, name=UNION",UNION AVE,False,False,False,TDOT state route
300990391,2024-12-10,2024-12-10 21:00:00,2024,12,Tuesday,21,35.16826,-89.86452,Possible Injury,Pedestrian,Not Intersection-On Roadway Not In Crosswalk,Non-Junction,Unknown,Not Collision with Motor Vehicle in Transport,Pedestrian,1,True,,,,,,,543.1408144178649,SHELBY OAKS DR,0.3160451960325066,40.0,4,B,MEMPHIS,SHELBY,35005,0.31604519711368095,City of Memphis,city_residual,city: no state-route overlap,SHELBY OAKS DR,False,False,False,City of Memphis
300989327,2024-12-05,2024-12-05 15:40:00,2024,12,Thursday,15,35.128277,-90.02037,Possible Injury,Pedestrian,Intersection-On Roadway not in Crosswalk,Intersection-Related,Daylight,Not Collision with Motor Vehicle in Transport,Pedestrian,1,True,LAMAR AVE,Principal Arterial,40.0,6.0,4,6.0,7.9332086375291455,LAMAR AVE,4.23780258330298,40.0,6,B,MEMPHIS,SHELBY,46751,4.237802585119096,TDOT state route,state_route_overlap,"state route: 100% overlap, name=LAMAR",LAMAR AVE,False,False,False,TDOT state route
300991126,2024-12-14,2024-12-14 15:50:00,2024,12,Saturday,15,35.176178,-89.95762,Possible Injury,Pedestrian,Not Intersection-On Roadway Not In Crosswalk,Non-Junction,Daylight,Not Collision with Motor Vehicle in Transport,Pedestrian,1,True,,,,,,,1207.4082994996493,LOCUST ST,18.53872612649064,30.0,2,B,MEMPHIS,SHELBY,82982,18.538726126490634,City of Memphis,city_residual,city: no state-route overlap,LOCUST ST,False,False,False,City of Memphis
300987710,2024-11-26,2024-11-26 19:21:00,2024,11,Tuesday,19,35.095116,-90.05546,Suspected Serious Injury,Pedestrian,Not Intersection-On Roadway Not In Crosswalk,AccelDecelLane,Dark-Lighted,Not Collision with Motor Vehicle in Transport,Pedestrian,1,True,,,,,,,39.03413215490896,S THIRD ST,38.37946710150256,40.0,7,B,MEMPHIS,SHELBY,46922,38.37946710145278,TDOT state route,state_route_overlap,"state route: 100% overlap, name=S THIRD",S THIRD ST,False,False,False,TDOT state route
300987715,2024-11-26,2024-11-26 17:00:00,2024,11,Tuesday,17,35.104588,-89.9698,Possible Injury,Pedestrian,Intersection-In Crosswalk,Intersection,Dark-Lighted,Not Collision with Motor Vehicle in Transport,Pedestrian,1,True,,,,,,,759.0898169443452,PENDLETON ST,0.0107344502005128,40.0,4,B,MEMPHIS,SHELBY,82655,0.010734450231610902,City of Memphis,city_residual,city: no state-route overlap,PENDLETON ST,False,False,False,City of Memphis
300988764,2024-12-02,2024-12-02 07:00:00,2024,12,Monday,7,35.017643,-90.052574,No Injury,Pedestrian,Not Intersection-Outside Traffic,Unknown,Daylight,Not Collision with Motor Vehicle in Transport,Other,1,True,,,,,,,360.1529084616747,GILL DR,22.31438407011176,30.0,2,B,MEMPHIS,SHELBY,27144,22.31438407011176,City of Memphis,city_residual,city: no state-route overlap,GILL DR,False,False,False,City of Memphis
300987175,2024-11-24,2024-11-24 12:07:00,2024,11,Sunday,12,35.221333,-89.894196,Possible Injury,Pedestrian,Intersection-Unknown,Intersection-Related,Daylight,Not Collision with Motor Vehicle in Transport,Pedestrian,1,True,COVINGTON PIKE,,40.0,5.0,204,1.0,0.0458219830847237,YALE RD,0.2389442265800583,40.0,4,B,MEMPHIS,SHELBY,50036,0.23894422655415126,City of Memphis,city_residual,city: no state-route overlap,YALE RD,False,False,True,City of Memphis
300987747,2024-11-26,2024-11-26 22:10:00,2024,11,Tuesday,22,35.241467,-90.00953,Possible Injury,Pedestrian,Intersection-In Crosswalk,Intersection,Dark-Lighted,Not Collision with Motor Vehicle in Transport,Pedestrian,1,True,THOMAS ST,,50.0,2.0,3,7.0,2.454912639625406,THOMAS ST,0.4816831094541731,50.0,2,B,MEMPHIS,SHELBY,46533,0.4816831110730473,TDOT state route,state_route_overlap,"state route: 100% overlap, name=THOMAS",THOMAS ST,False,False,False,TDOT state route
300986968,2024-11-22,2024-11-22 08:20:00,2024,11,Friday,8,35.138756,-90.03589,Suspected Serious Injury,Pedestrian,Intersection-In Crosswalk,Intersection,Daylight,Not Collision with Motor Vehicle in Transport,Pedestrian,1,True,UNION AVE,Principal Arterial,35.0,5.0,3,6.0,4.756497215816589,UNION AVE,0.1755132707713826,35.0,5,B,MEMPHIS,SHELBY,46688,0.1755132721701155,TDOT state route,state_route_overlap,"state route: 100% overlap, name=UNION",UNION AVE,False,False,False,TDOT state route
300988859,2024-12-03,2024-12-03 12:50:00,2024,12,Tuesday,12,35.220028,-90.00302,Possible Injury,Pedestrian,Not Intersection-On Roadway Not In Crosswalk,Intersection-Related,Daylight,Not Collision with Motor Vehicle in Transport,Pedestrian,1,True,,,,,,,1855.235126624872,N WATKINS ST,27.556644899289005,40.0,5,B,MEMPHIS,SHELBY,49882,27.556644899979016,City of Memphis,city_residual,city: no state-route overlap,N WATKINS ST,False,False,False,City of Memphis
300986758,2024-11-21,2024-11-21 17:52:00,2024,11,Thursday,17,35.049194,-89.82999,Possible Injury,Pedestrian,Intersection-On Roadway Crosswalk availability Unknown,Intersection,Dark-Lighted,Not Collision with Motor Vehicle in Transport,Pedestrian,1,True,,,,,,,533.0134117418877,RIVERDALE RD,1.023144205282259,45.0,6,B,MEMPHIS,SHELBY,49539,1.0231442052774251,City of Memphis,city_residual,city: no state-route overlap,RIVERDALE RD,False,False,False,City of Memphis
300987243,2024-11-24,2024-11-24 03:30:00,2024,11,Sunday,3,35.13798,-90.02818,Suspected Serious Injury,Pedestrian,Intersection-In Crosswalk,Intersection-Related,Dark-Lighted,Not Collision with Motor Vehicle in Transport,Pedestrian,1,True,UNION AVE,Principal Arterial,35.0,6.0,3,6.0,5.134409230404571,S PAULINE ST,0.0671425237946343,30.0,4,B,MEMPHIS,SHELBY,84368,0.06714252378755946,City of Memphis,city_residual,city: no state-route overlap,S PAULINE ST,False,False,True,City of Memphis
300989901,2024-12-08,2024-12-08 18:52:00,2024,12,Sunday,18,35.06124,-90.01001,Possible Injury,Pedestrian,Intersection-On Roadway not in Crosswalk,Non-Junction,Dark-Lighted,Not Collision with Motor Vehicle in Transport,Pedestrian,1,True,,,,,,,1220.8032613834157,E BROOKS RD,12.874129794214008,45.0,7,B,MEMPHIS,SHELBY,49798,12.874129796949108,City of Memphis,city_residual,city: no state-route overlap,E BROOKS RD,False,False,False,City of Memphis
300987245,2024-11-24,2024-11-24 20:17:00,2024,11,Sunday,20,35.108185,-89.98261,Possible Injury,Pedestrian,Not Intersection-Unknown,Unknown,Dark-Not Lighted,Not Collision with Motor Vehicle in Transport,Pedestrian,1,True,,,,,,,210.68967553706736,GRAND ST,15.790344507362803,30.0,2,B,MEMPHIS,SHELBY,82527,15.790344507377577,City of Memphis,city_residual,city: no state-route overlap,GRAND ST,False,False,False,City of Memphis
300997018,2025-01-17,2025-01-17 19:26:00,2025,1,Friday,19,35.107574,-89.93422,Fatal,Pedestrian,Not Intersection-On Roadway Not In Crosswalk,Non-Junction,Dark-Not Lighted,Not Collision with Motor Vehicle in Transport,Pedestrian,1,True,,,,,,,1928.6548201351263,PARK AVE,0.995611944398354,40.0,5,B,MEMPHIS,SHELBY,51321,0.995611944209547,City of Memphis,city_residual,city: no state-route overlap,PARK AVE,False,False,False,City of Memphis
300987721,2024-11-26,2024-11-26 19:08:00,2024,11,Tuesday,19,35.145535,-90.03273,Fatal,Pedestrian,Not Intersection-On Roadway Not In Crosswalk,Intersection,Dark-Lighted,Not Collision with Motor Vehicle in Transport,Pedestrian,1,True,,,,,,,773.8409628607358,N DUNLAP ST,0.1441904892044517,30.0,5,B,MEMPHIS,SHELBY,80761,0.1441904890726705,City of Memphis,city_residual,city: no state-route overlap,N DUNLAP ST,False,False,False,City of Memphis
300994558,2025-01-01,2025-01-01 00:00:00,2025,1,Wednesday,0,35.018322,-90.04519,Suspected Serious Injury,Pedestrian,Not Intersection-On Roadway Crosswalk not Available,Non-Junction,Dark-Not Lighted,Not Collision with Motor Vehicle in Transport,Pedestrian,1,True,,,,,,,286.97731852977574,SANFORD RD,21.106348580049005,30.0,2,B,MEMPHIS,SHELBY,72191,21.106348580049005,City of Memphis,city_residual,city: no state-route overlap,SANFORD RD,False,False,False,City of Memphis
300993226,2024-12-23,2024-12-23 21:15:00,2024,12,Monday,21,35.12937,-90.01114,Possible Injury,Pedestrian,Not Intersection-Outside Traffic,Intersection-Related,Dark-Lighted,Not Collision with Motor Vehicle in Transport,Pedestrian,1,True,,,,,,,572.1078522295699,HARBERT AVE,20.88888204483613,35.0,2,B,MEMPHIS,SHELBY,3881,20.88888204524721,City of Memphis,city_residual,city: no state-route overlap,HARBERT AVE,False,False,False,City of Memphis
300992526,2024-12-19,2024-12-19 21:00:00,2024,12,Thursday,21,35.098324,-89.93089,Possible Injury,Pedestrian,Not Intersection-On Roadway Not In Crosswalk,Non-Junction,Dark-Lighted,Not Collision with Motor Vehicle in Transport,Pedestrian,1,True,,,,,,,1979.876372142662,GETWELL RD,0.6785389881295116,40.0,5,B,MEMPHIS,SHELBY,51339,0.678538987997858,City of Memphis,city_residual,city: no state-route overlap,GETWELL RD,False,False,False,City of Memphis
300993411,2024-12-25,2024-12-25 21:52:00,2024,12,Wednesday,21,35.16671,-89.98348,Possible Injury,Pedestrian,Not Intersection-Outside Traffic,Intersection-Related,Dark-Lighted,Not Collision with Motor Vehicle in Transport,Pedestrian,1,True,,,,,,,846.1688429803376,BROWN AVE,21.364557861183314,30.0,2,B,MEMPHIS,SHELBY,4383,21.36455786256927,City of Memphis,city_residual,city: no state-route overlap,BROWN AVE,False,False,False,City of Memphis
300993305,2024-12-24,2024-12-24 17:27:00,2024,12,Tuesday,17,35.178005,-89.93725,Possible Injury,Pedestrian,Intersection-In Crosswalk,Non-Junction,Dark-Lighted,Not Collision with Motor Vehicle in Transport,Pedestrian,1,True,JACKSON AVE,Principal Arterial,40.0,6.0,14,7.0,8.73124438509165,ORCHI RD,3.493499501982732,30.0,2,B,MEMPHIS,SHELBY,73707,3.4934995021487953,City of Memphis,city_residual,city: no state-route overlap,ORCHI RD,False,False,True,City of Memphis
300993592,2024-12-26,2024-12-26 19:10:00,2024,12,Thursday,19,35.061108,-90.009315,Suspected Serious Injury,Pedestrian,Intersection-On Roadway Crosswalk Not Available,Intersection,Dark-Lighted,Not Collision with Motor Vehicle in Transport,Pedestrian,1,True,,,,,,,1285.8251189307216,E BROOKS RD,0.3034551071124122,45.0,7,B,MEMPHIS,SHELBY,49799,0.30345510711241225,City of Memphis,city_residual,city: no state-route overlap,E BROOKS RD,False,False,False,City of Memphis
300861207,2023-01-13,2023-01-13 19:19:00,2023,1,Friday,19,35.04741,-90.062836,Fatal,Pedestrian,Not Intersection-On Roadway Not In Crosswalk,Non-Junction,Dark-Lighted,Not Collision with Motor Vehicle in Transport,Pedestrian,1,True,S THIRD ST,Principal Arterial,45.0,7.0,14,6.0,12.902529836267584,S THIRD ST,10.743865241742723,45.0,7,B,MEMPHIS,SHELBY,47481,10.74386524162639,TDOT state route,state_route_overlap,"state route: 100% overlap, name=S THIRD",S THIRD ST,False,False,False,TDOT state route
300992607,2024-12-21,2024-12-21 00:05:00,2024,12,Saturday,0,35.16982,-89.86701,Suspected Minor Injury,Pedestrian,Not Intersection-On Roadway Not In Crosswalk,Non-Junction,Dark-Lighted,Not Collision with Motor Vehicle in Transport,Pedestrian,1,True,,,,,,,258.09942101226073,SYCAMORE VIEW RD,61.69735022368359,45.0,7,B,MEMPHIS,SHELBY,53759,61.697350223683586,City of Memphis,city_residual,city: no state-route overlap,SYCAMORE VIEW RD,False,False,False,City of Memphis
300992331,2024-12-19,2024-12-19 20:12:00,2024,12,Thursday,20,35.061245,-89.866714,Possible Injury,Pedestrian,Not Intersection-On Roadway Not In Crosswalk,AccelDecelLane,Dark-Lighted,Not Collision with Motor Vehicle in Transport,Pedestrian,1,True,,,,,,,1491.196015308847,KNIGHT ARNOLD RD,54.566535164710594,40.0,4,B,MEMPHIS,SHELBY,49451,54.56653516416399,City of Memphis,city_residual,city: no state-route overlap,KNIGHT ARNOLD RD,False,False,False,City of Memphis
300992626,2024-12-20,2024-12-20 16:30:00,2024,12,Friday,16,35.016254,-90.04371,Possible Injury,Pedestrian,Not Intersection-Outside Traffic,Intersection-Related,Daylight,Not Collision with Motor Vehicle in Transport,Pedestrian,1,True,,,,,,,517.5491532696394,FARRIS CIR,52.34807337675212,30.0,2,B,MEMPHIS,SHELBY,9849,52.34807337586757,City of Memphis,city_residual,city: no state-route overlap,FARRIS CIR,False,False,False,City of Memphis
300993866,2024-12-28,2024-12-28 18:20:00,2024,12,Saturday,18,35.092278,-89.90964,Suspected Serious Injury,Pedestrian,Not Intersection-On Roadway Not In Crosswalk,OtherLocation,Dawn,Not Collision with Motor Vehicle in Transport,Pedestrian,1,True,,,,,,,2369.783039371497,QUINCE RD,3.9520089335795454,40.0,5,B,MEMPHIS,SHELBY,51487,3.9520089314536166,City of Memphis,city_residual,city: no state-route overlap,QUINCE RD,False,False,False,City of Memphis
300883517,2023-04-29,2023-04-29 21:43:00,2023,4,Saturday,21,35.13513,-90.003105,Fatal,Pedestrian,Intersection-On Roadway not in Crosswalk,Non-Junction,Dark-Not Lighted,Not Collision with Motor Vehicle in Transport,Pedestrian,1,True,,,,,,,46.32240979216475,ALLEY,8.022033653013404,25.0,1,B,MEMPHIS,SHELBY,346,8.022033653013404,City of Memphis,city_residual,city: no state-route overlap,ALLEY,False,False,False,City of Memphis
300992363,2024-12-19,2024-12-19 16:45:00,2024,12,Thursday,16,35.213398,-90.003586,Possible Injury,Pedestrian,Intersection-In Crosswalk,Intersection,Dark-Lighted,Not Collision with Motor Vehicle in Transport,Pedestrian,1,True,,,,,,,2228.229862161072,N WATKINS ST,0.1935815613994833,40.0,5,B,MEMPHIS,SHELBY,49875,0.19358156133932214,City of Memphis,city_residual,city: no state-route overlap,N WATKINS ST,False,False,False,City of Memphis
300989900,2024-12-08,2024-12-08 17:25:00,2024,12,Sunday,17,35.137848,-90.02687,Suspected Serious Injury,Pedestrian,Not Intersection-On Roadway Not In Crosswalk,Intersection,Dark-Lighted,Not Collision with Motor Vehicle in Transport,Pedestrian,1,True,UNION AVE,,35.0,6.0,3,6.0,4.859965930767278,UNION AVE,0.280596941028416,35.0,6,B,MEMPHIS,SHELBY,48512,0.2805969424287356,TDOT state route,state_route_overlap,"state route: 100% overlap, name=UNION",UNION AVE,False,False,False,TDOT state route
300995530,2025-01-02,2025-01-02 09:00:00,2025,1,Thursday,9,35.13001,-90.02885,Possible Injury,Pedestrian,Intersection-In Crosswalk,Intersection-Related,Daylight,Not Collision with Motor Vehicle in Transport,Pedestrian,1,True,,,,,,,200.3891205191548,ELMWOOD PARK ST,16.672155811518326,0.0,2,B,MEMPHIS,SHELBY,83900,16.672155811518326,City of Memphis,city_residual,city: no state-route overlap,ELMWOOD PARK ST,False,False,False,City of Memphis
301001084,2025-02-11,2025-02-11 23:30:00,2025,2,Tuesday,23,35.112934,-90.02119,Suspected Serious Injury,Pedestrian,Not Intersection-On Roadway Not In Crosswalk,Non-Junction,Dark-Lighted,Not Collision with Motor Vehicle in Transport,Pedestrian,1,True,,,,,,,45.89059665679128,S BELLEVUE BLVD,45.70711456771601,35.0,5,B,MEMPHIS,SHELBY,46965,45.70711456772218,TDOT state route,state_route_overlap,"state route: 100% overlap, name=S BELLEVUE",S BELLEVUE BLVD,False,False,False,TDOT state route
301001089,2025-02-12,2025-02-12 00:00:00,2025,2,Wednesday,99,35.056202,-90.095314,Fatal,Pedestrian,Not Intersection-Adjacent to Roadway,Non-Junction,Unknown,Not Collision with Motor Vehicle in Transport,Pedestrian,1,True,,,,,,,3020.2633579418693,WEAVER RD,0.1084383327283397,40.0,5,B,MEMPHIS,SHELBY,49566,0.10843833102892227,City of Memphis,city_residual,city: no state-route overlap,WEAVER RD,False,False,False,City of Memphis
300999694,2025-02-01,2025-02-01 06:40:00,2025,2,Saturday,6,35.157955,-89.972664,Unknown,Pedestrian,Intersection-On Roadway not in Crosswalk,Intersection-Related,Dawn,Not Collision with Motor Vehicle in Transport,Pedestrian,1,True,JACKSON AVE,Principal Arterial,40.0,5.0,14,7.0,5.00773765359971,JACKSON AVE,0.3498186312491644,40.0,5,B,MEMPHIS,SHELBY,47876,0.34981863135493546,TDOT state route,state_route_overlap,"state route: 100% overlap, name=JACKSON",JACKSON AVE,False,False,False,TDOT state route
300998431,2025-01-26,2025-01-26 18:00:00,2025,1,Sunday,18,35.14833,-90.05063,Suspected Serious Injury,Pedestrian,Not Intersection-On Roadway Not In Crosswalk,AccelDecelLane,Dark-Lighted,Not Collision with Motor Vehicle in Transport,Pedestrian,1,True,,,,,,,38.86176900388545,N SECOND ST,40.64166762940033,35.0,3,TF,MEMPHIS,SHELBY,50296,40.64166762914223,TDOT state route,state_route_overlap,"state route: 100% overlap, name=N SECOND",N SECOND ST,False,False,False,TDOT state route
301000880,2025-02-06,2025-02-06 10:40:00,2025,2,Thursday,10,35.062298,-89.88634,Suspected Serious Injury,Pedestrian,Not Intersection-Other Not On Roadway,Unknown,Daylight,Not Collision with Motor Vehicle in Transport,Pedestrian,1,True,,,,,,,2239.03556860321,KNIGHT ARNOLD RD,41.058360011306696,40.0,4,B,MEMPHIS,SHELBY,52839,41.05836001045011,City of Memphis,city_residual,city: no state-route overlap,KNIGHT ARNOLD RD,False,False,False,City of Memphis
301001935,2025-02-16,2025-02-16 19:30:00,2025,2,Sunday,19,35.145138,-90.031746,Possible Injury,Pedestrian,Intersection-In Crosswalk,Intersection,Dark-Unknown Lighting,Not Collision with Motor Vehicle in Transport,Pedestrian,1,True,,,,,,,740.9813598882411,POPLAR AVE,34.890435608728744,40.0,7,B,MEMPHIS,SHELBY,50350,34.890435608334094,City of Memphis,city_residual,city: no state-route overlap,POPLAR AVE,False,False,False,City of Memphis
300941110,2024-02-14,2024-02-14 23:37:00,2024,2,Wednesday,23,35.1363,-90.01499,Fatal,Pedestrian,Not Intersection-On Roadway Not In Crosswalk,Non-Junction,Dark-Lighted,Not Collision with Motor Vehicle in Transport,Pedestrian,1,True,,,,,,,46.20320293487071,ALLEY,25.541358563647325,25.0,1,B,MEMPHIS,SHELBY,268,25.541358563647325,City of Memphis,city_residual,city: no state-route overlap,ALLEY,False,False,False,City of Memphis
103749691,2023-08-16,2023-08-16 08:15:00,2023,8,Wednesday,8,35.11607,-89.9412,Suspected Minor Injury,Pedestrian,Intersection-In Crosswalk,Intersection,Daylight,Not Collision with Motor Vehicle in Transport,Pedestrian,1,True,,,,,,,1172.5349939847354,PATTERSON ST,1.0342307323993785,30.0,2,B,MEMPHIS,SHELBY,83160,1.0342307323599662,City of Memphis,city_residual,city: no state-route overlap,PATTERSON ST,False,False,False,City of Memphis
103879945,2023-12-15,2023-12-15 04:45:00,2023,12,Friday,4,35.14004,-90.02815,Possible Injury,Pedestrian,Intersection-On Roadway not in Crosswalk,Intersection-Related,Dark-Lighted,Not Collision with Motor Vehicle in Transport,Pedestrian,1,True,,,,,,,222.10755385155204,MADISON AVE,0.3511488002993889,35.0,6,B,MEMPHIS,SHELBY,53245,0.35114880029938894,City of Memphis,city_residual,city: no state-route overlap,MADISON AVE,False,False,False,City of Memphis
400202454,2024-12-24,2024-12-24 18:46:00,2024,12,Tuesday,18,35.04551,-89.98013,Suspected Serious Injury,Pedestrian,Not Intersection-In Crosswalk,Non-Junction,Dark-Lighted,Not Collision with Motor Vehicle in Transport,Pedestrian,1,True,,,,,,,2716.371352838348,JIM MCGEHEE PKWY,0.3490072468606358,30.0,2,FT,MEMPHIS,SHELBY,53689,0.34900724686063583,City of Memphis,city_residual,city: no state-route overlap,JIM MCGEHEE PKWY,False,False,False,City of Memphis
400035795,2023-12-14,2023-12-14 16:05:00,2023,12,Thursday,16,35.00639,-90.05065,Fatal,Pedestrian,Not Intersection-Other Not On Roadway,Non-Junction,Daylight,Front to Rear,Other,1,True,,,,,,,1605.7420891556792,E HOLMES RD,1.9304502896956883,40.0,2,B,MEMPHIS,SHELBY,49675,1.9304502896726639,City of Memphis,city_residual,city: no state-route overlap,E HOLMES RD,False,False,False,City of Memphis
400387015,2025-10-30,2025-10-30 18:26:00,2025,10,Thursday,18,35.10746,-89.93055,Fatal,Pedestrian,Intersection-On Roadway not in Crosswalk,Intersection,Dark-Lighted,Not Collision with Motor Vehicle in Transport,Pedestrian,1,True,,,,,,,1856.4475099307533,PARK AVE,3.4576356642225154,40.0,5,B,MEMPHIS,SHELBY,51343,3.4576356635507177,City of Memphis,city_residual,city: no state-route overlap,PARK AVE,False,False,False,City of Memphis
103629684,2023-04-17,2023-04-17 21:54:00,2023,4,Monday,21,35.04699,-89.98023,Suspected Minor Injury,Pedestrian,Not Intersection-In Crosswalk,OtherLocation,Dark-Lighted,Not Collision with Motor Vehicle in Transport,Pedestrian,1,True,,,,,,,2880.493246497229,JIM MCGEHEE PKWY,1.024089381508022,30.0,2,FT,MEMPHIS,SHELBY,53689,1.0240893815080219,City of Memphis,city_residual,city: no state-route overlap,JIM MCGEHEE PKWY,False,False,False,City of Memphis
400529273,2026-05-12,2026-05-12 16:55:00,2026,5,Tuesday,16,35.15933,-90.03042,Possible Injury,Pedestrian,Not Intersection-Adjacent to Roadway,Non-Junction,Daylight,Not Collision with Motor Vehicle in Transport,Pedestrian,1,True,,,,,,,250.29500010838728,N DUNLAP ST,1.8852024549126,30.0,2,B,MEMPHIS,SHELBY,80835,1.8852024553868292,City of Memphis,city_residual,city: no state-route overlap,N DUNLAP ST,False,False,False,City of Memphis
400638484,2026-08-18,2026-08-18 13:05:00,2026,8,Tuesday,13,35.14067,-90.0356,Suspected Minor Injury,Pedestrian,Intersection-In Crosswalk,Intersection-Related,Daylight,Not Collision with Motor Vehicle in Transport,Pedestrian,1,True,,,,,,,209.19040901023493,MADISON AVE,0.8472948475793578,35.0,7,B,MEMPHIS,SHELBY,50339,0.8472948488753728,City of Memphis,city_residual,city: no state-route overlap,MADISON AVE,False,False,False,City of Memphis
103642852,2023-04-28,2023-04-28 15:50:00,2023,4,Friday,15,35.04723,-89.98026,Suspected Serious Injury,Pedestrian,Not Intersection-On Roadway Not In Crosswalk,Non-Junction,Daylight,Other,Other,2,True,,,,,,,2907.0975358677365,JIM MCGEHEE PKWY,0.4718980878208881,30.0,2,FT,MEMPHIS,SHELBY,53689,0.4718980874821795,City of Memphis,city_residual,city: no state-route overlap,JIM MCGEHEE PKWY,False,False,False,City of Memphis
103738399,2023-08-04,2023-08-04 19:10:00,2023,8,Friday,19,35.08118,-89.94027,Suspected Minor Injury,Pedestrian,Not Intersection-Adjacent to Roadway,Non-Junction,Daylight,Not Collision with Motor Vehicle in Transport,Pedestrian,1,True,,,,,,,821.4041201028125,INTERSTATE 240 E,0.1198051247931127,65.0,4,FT,MEMPHIS,SHELBY,39855,0.11980512417425238,Interstate (TDOT),interstate_mainline,interstate: MTFCC S1100,INTERSTATE 240 E,True,False,False,Interstate (TDOT)
400501076,2026-04-14,2026-04-14 23:20:00,2026,4,Tuesday,23,35.16558,-89.95164,Fatal,Pedestrian,Not Intersection-On Roadway Crosswalk not Available,Intersection-Related,Dark-Lighted,Not Collision with Motor Vehicle in Transport,Pedestrian,1,True,JACKSON AVE,Principal Arterial,40.0,4.0,14,7.0,10.593692741668786,JACKSON AVE,7.033320203298255,40.0,4,B,MEMPHIS,SHELBY,47044,7.0333202033938615,TDOT state route,state_route_overlap,"state route: 100% overlap, name=JACKSON",JACKSON AVE,False,False,False,TDOT state route
400624278,2026-08-04,2026-08-04 11:51:00,2026,8,Tuesday,11,35.13859,-90.03355,Suspected Minor Injury,Pedestrian,Not Intersection-Adjacent to Roadway,"Driveway, Alley Access, etc",Daylight,Not Collision with Motor Vehicle in Transport,Pedestrian,1,True,UNION AVE,Principal Arterial,35.0,6.0,3,6.0,0.2117085362622651,UNION AVE,4.364379311219806,35.0,6,B,MEMPHIS,SHELBY,46703,4.36437931170836,TDOT state route,state_route_overlap,"state route: 100% overlap, name=UNION",UNION AVE,False,False,False,TDOT state route
400237943,2025-03-26,2025-03-26 15:45:00,2025,3,Wednesday,15,35.10423,-89.92466,Suspected Serious Injury,Pedestrian,Intersection-On Roadway not in Crosswalk,Through Roadway,Daylight,Not Collision with Motor Vehicle in Transport,Pedestrian,1,True,,,,,,,1926.234470029731,E PARK LOOP,0.8279491593492978,30.0,2,B,MEMPHIS,SHELBY,45268,0.8279491608418496,City of Memphis,city_residual,city: no state-route overlap,E PARK LOOP,False,False,False,City of Memphis